{"type":"FeatureCollection","name":"Rodovias_SC_04.24","features":[{"type":"Feature","properties":{"rodovia":"ACESSO LAGUNA (FAROL DE SANTA MARTA)","kmInicial":0.0,"kmFinal":3.02,"situacao":"PAV","revestimento":"CA","nome":"ENTR. SC-100 → FAROL DE SANTA MARTA"},"geometry":{"type":"LineString","coordinates":[[711167.7,6834908.2],[711316.0,6834688.6],[711646.0,6834386.6],[712060.0,6834029.6],[712423.0,6833791.6],[712573.0,6833757.6],[712802.0,6833765.6],[713141.0,6833626.6],[713278.0,6833611.6],[713355.0,6833721.6],[713595.0,6833845.6]]}},{"type":"Feature","properties":{"rodovia":"ACESSO JAGUARUNA","kmInicial":0.0,"kmFinal":3.823,"situacao":"PAV","revestimento":"CA","nome":"ENTR. SC-100 → DISTRITO BALNEÁRIO ARROIO CORRENTES"},"geometry":{"type":"LineString","coordinates":[[693901.4,6827757.4],[693815.0,6826931.7],[693171.0,6825675.7],[692995.0,6825195.7],[693006.0,6825092.7],[693188.0,6824763.7],[693167.0,6824639.7],[693190.0,6824599.7],[693455.0,6824584.7],[693570.0,6824506.7]]}},{"type":"Feature","properties":{"rodovia":"ACESSO JOINVILLE","kmInicial":0.0,"kmFinal":6.0,"situacao":"DUP","revestimento":"CA","nome":"ENTR. BR-101 → DISTRITO INDUSTRIAL (ENTR. RUA TENENTE ANTÔNIO JOÃO/AV. SANTOS DUMONT) -"},"geometry":{"type":"LineString","coordinates":[[709254.2,7094203.7],[709808.3,7094111.9],[710078.3,7094192.9],[710269.3,7094311.9],[710488.3,7094322.9],[710756.3,7094439.9],[710914.3,7094459.9],[711061.3,7094433.9],[711729.3,7094170.9],[711934.3,7094157.9],[712107.3,7094216.9],[712506.3,7094466.9],[712603.3,7094440.9],[712681.3,7094533.9],[713217.3,7094791.9],[714041.4,7094922.9],[714261.4,7094905.9],[714425.4,7094810.9],[714487.4,7094754.9],[714501.4,7094611.9],[714550.4,7094559.9],[714743.9,7094590.7]]}},{"type":"Feature","properties":{"rodovia":"ACESSO PENHA","kmInicial":0.0,"kmFinal":4.58,"situacao":"PAV","revestimento":"CA","nome":"ENTR. BR-101 (P/ PIÇARRAS) → PENHA"},"geometry":{"type":"LineString","coordinates":[[730684.6,7033763.7],[730837.2,7033842.6],[730878.2,7033898.6],[731077.2,7034574.6],[732446.7,7036467.2],[733410.2,7036540.7],[733698.2,7036704.7]]}},{"type":"Feature","properties":{"rodovia":"ACESSO BETO CARRERO","kmInicial":0.0,"kmFinal":7.832,"situacao":"DUP","revestimento":"CA","nome":"ENTR. BR-101 (P/ ITAJAÍ) → BETO CARRERO WORLD (PENHA)"},"geometry":{"type":"LineString","coordinates":[[730576.5,7032893.9],[730902.2,7032793.6],[731962.2,7032333.6],[732456.2,7032189.6],[732631.2,7032237.6],[732989.2,7032485.6],[733629.2,7032688.6],[733896.2,7032928.6],[734009.2,7032984.6],[734116.2,7032988.6],[734480.2,7032867.6],[734606.2,7032861.6],[734729.2,7032899.6],[735471.2,7033216.6],[736168.2,7033703.6],[736295.2,7033752.6],[737521.2,7033557.6],[737642.2,7033502.6],[737710.7,7033403.6]]}},{"type":"Feature","properties":{"rodovia":"ACESSO LAGUNA","kmInicial":0.0,"kmFinal":3.591,"situacao":"PAV","revestimento":"CA","nome":"ENTR. BR-101 → LAGUNA"},"geometry":{"type":"LineString","coordinates":[[714179.1,6852105.6],[714254.1,6852026.6],[714482.1,6851579.6],[714596.1,6851441.6],[716144.1,6850066.5],[716702.3,6849608.7]]}},{"type":"Feature","properties":{"rodovia":"ACESSO CRICIÚMA","kmInicial":0.0,"kmFinal":7.223,"situacao":"DUP","revestimento":"CA","nome":"ENTR. BR-101 (P/ MARACAJÁ) → ENTR. SUDESTE ANEL RODOVIÁRIO"},"geometry":{"type":"LineString","coordinates":[[664246.0,6815728.9],[664114.6,6815938.8],[663018.3,6817161.6],[662869.4,6817389.5],[662818.9,6817606.0],[662739.5,6819235.8],[662669.6,6819406.0],[662464.1,6819645.0],[662378.6,6819799.7],[662343.5,6819952.4],[662333.8,6820327.8],[662264.3,6820544.2],[661801.0,6821068.0],[661727.5,6821202.4],[661697.5,6821383.5],[661710.4,6822119.4]]}},{"type":"Feature","properties":{"rodovia":"ACESSO CRICIÚMA","kmInicial":7.224,"kmFinal":9.392,"situacao":"DUP","revestimento":"CA","nome":"ENTR. SUDESTE ANEL RODOVIÁRIO → ENTR. ACESSO AVENIDA GABRIEL ZANETTE"},"geometry":{"type":"LineString","coordinates":[[661710.4,6822120.4],[661723.4,6823945.1],[661673.3,6824285.1]]}},{"type":"Feature","properties":{"rodovia":"ACESSO CRICIÚMA","kmInicial":9.393,"kmFinal":10.372,"situacao":"DUP","revestimento":"CA","nome":"ENTR. ACESSO AVENIDA GABRIEL ZANETTE → CRICIÚMA (INÍCIO DA AVENIDA CENTENÁRIO)"},"geometry":{"type":"LineString","coordinates":[[661673.6,6824286.0],[661708.3,6824340.6],[661768.9,6824369.6],[662286.2,6824364.7],[662326.8,6824449.2],[662276.9,6824703.2]]}},{"type":"Feature","properties":{"rodovia":"ACESSO PASSO DE TORRES","kmInicial":0.0,"kmFinal":6.339,"situacao":"PAV","revestimento":"CA","nome":"ENTR. BR-101 (P/ DIVISA SC/RS) → PASSO DE TORRES"},"geometry":{"type":"LineString","coordinates":[[620273.1,6759005.8],[620457.6,6758796.4],[620581.6,6758575.4],[620746.6,6758478.4],[620868.6,6758468.4],[621172.6,6758569.4],[621376.6,6758579.4],[622366.6,6758336.4],[622914.6,6757903.4],[623173.6,6757621.4],[623489.6,6757414.4],[623568.6,6757306.4],[623616.6,6757152.4],[623635.6,6756497.4],[623666.6,6756319.4],[624046.6,6755518.4],[623976.6,6755243.9],[624131.6,6755252.3]]}},{"type":"Feature","properties":{"rodovia":"ACESSO DE LIGAÇÃO SUL DE CRICIÚMA","kmInicial":0.0,"kmFinal":8.45,"situacao":"PAV","revestimento":"CA","nome":"ENTR. BR-101 (P/ MARACAJÁ) → ENTR. SC-108 (P/ FORQUILINHA)"},"geometry":{"type":"LineString","coordinates":[[655668.2,6810422.0],[655448.4,6815032.0],[655363.7,6818096.4],[655354.9,6818239.6],[655154.0,6818823.8]]}},{"type":"Feature","properties":{"rodovia":"ACESSO AVENIDA GABRIEL ZANETTE","kmInicial":0.0,"kmFinal":1.925,"situacao":"PAV","revestimento":"CA","nome":"ENTR. ACESSO CRICIÚMA → INÍCIO DA AVENIDA GABRIEL ZANETTE"},"geometry":{"type":"LineString","coordinates":[[661676.1,6824294.0],[661664.3,6825656.9],[661566.3,6825958.5],[661477.4,6826027.6],[661365.2,6826034.6]]}},{"type":"Feature","properties":{"rodovia":"ACESSO NORTE DISTRITO CLARAÍBA","kmInicial":0.0,"kmFinal":0.827,"situacao":"PAV","revestimento":"CA","nome":"ENTR. SC-108 (P/ SÃO JOÃO BATISTA) → DISTRITO CLARAÍBA (ACESSO NORTE)"},"geometry":{"type":"LineString","coordinates":[[708248.3,6988444.6],[708057.3,6988044.6],[708050.3,6987667.6]]}},{"type":"Feature","properties":{"rodovia":"ACESSO LESTE RIO DOS CEDROS","kmInicial":0.0,"kmFinal":4.987,"situacao":"PAV","revestimento":"CA","nome":"ENTR. SC-110 (P/ POMERODE) → RIO DOS CEDROS (ACESSO LESTE)"},"geometry":{"type":"LineString","coordinates":[[675602.1,7038712.9],[675530.4,7038749.8],[675375.4,7038940.8],[674885.4,7039017.8],[674652.4,7039226.8],[674256.4,7039427.8],[674149.4,7039448.8],[673658.4,7039388.8],[673539.4,7039450.8],[673426.1,7039613.3],[673390.4,7039761.8],[673501.4,7040418.8],[673519.4,7040872.8],[673471.4,7041128.8],[673548.4,7041338.8],[673448.4,7041416.8],[673246.4,7041432.8],[673085.4,7041482.9],[672919.4,7041416.9]]}},{"type":"Feature","properties":{"rodovia":"ACESSO OESTE OURO VERDE","kmInicial":0.0,"kmFinal":5.928,"situacao":"PAV","revestimento":"CA","nome":"ENTR. SC-155 (P/ BOM JESUS) → OURO VERDE (ACESSO OESTE)"},"geometry":{"type":"LineString","coordinates":[[364593.6,7045807.5],[364749.6,7045724.5],[364822.6,7045598.5],[364877.6,7045574.5],[365085.6,7045618.5],[365253.6,7045690.5],[365737.6,7045723.5],[366038.8,7045845.1],[366207.6,7045978.5],[366380.6,7046045.5],[366463.6,7046055.5],[366598.6,7046012.5],[366846.6,7046019.5],[367063.6,7046074.5],[367721.6,7046536.5],[367863.6,7046734.5],[368421.6,7046965.5],[368667.5,7047207.5],[368785.5,7047179.5],[368990.5,7046921.5],[369121.5,7046804.5],[369470.5,7046803.5],[369646.5,7046713.5]]}},{"type":"Feature","properties":{"rodovia":"ACESSO SUL DE SEARA","kmInicial":0.0,"kmFinal":5.593,"situacao":"PAV","revestimento":"CA","nome":"ENTR. SC-155 → SEARA (ENTR. SC-283)"},"geometry":{"type":"LineString","coordinates":[[368825.7,6992241.2],[368842.0,6992573.4],[368913.0,6992690.4],[369337.0,6992829.4],[369470.9,6993036.4],[369649.9,6993087.4],[369701.9,6993162.4],[369691.9,6993213.4],[369629.9,6993261.4],[369318.0,6993240.4],[369194.0,6993331.4],[369212.0,6993401.4],[369454.9,6993496.4],[369548.9,6993639.4],[369562.9,6993722.4],[369442.9,6993911.4],[369175.9,6994149.4],[369110.9,6994274.5],[369180.9,6994922.5],[369367.1,6995153.6],[369451.0,6995091.5],[369994.9,6995667.5],[370162.9,6995777.5],[370149.1,6995965.5]]}},{"type":"Feature","properties":{"rodovia":"ACESSO MAREMA","kmInicial":0.0,"kmFinal":11.17,"situacao":"PAV","revestimento":"CA","nome":"ENTR. SC-156 (LAJEADO GRANDE) → MAREMA"},"geometry":{"type":"LineString","coordinates":[[344370.1,7028248.2],[344338.4,7028455.0],[344096.2,7028572.0],[343994.4,7028658.9],[343971.9,7028745.0],[344100.1,7028976.9],[344151.5,7029201.4],[344234.4,7029253.0],[344394.1,7029240.1],[344469.2,7029299.0],[344481.2,7029670.7],[344415.3,7029751.3],[344180.7,7029852.8],[344020.3,7030006.3],[343850.0,7030355.6],[343652.4,7030629.7],[342909.0,7031447.4],[342374.3,7031872.6],[342189.4,7031976.3],[342009.7,7032260.5],[341770.6,7032270.7],[341418.8,7032396.7],[341266.2,7032399.3],[340845.1,7032294.5],[340661.9,7032138.4],[340527.3,7032101.8],[340301.3,7032098.8],[339984.4,7032168.7],[339737.4,7032084.8],[339399.3,7032061.4],[339277.0,7032087.8],[338729.2,7032338.9],[338420.5,7032589.8],[338331.8,7032742.6],[338330.4,7032872.2],[338404.5,7033228.3],[338429.5,7033696.1],[338294.2,7034122.8],[338296.8,7034175.3],[338336.4,7034215.5]]}},{"type":"Feature","properties":{"rodovia":"ACESSO SÃO DOMINGOS","kmInicial":0.0,"kmFinal":2.36,"situacao":"EOP","revestimento":"","nome":"ENTR. SC-156 → SÃO DOMINGOS"},"geometry":{"type":"LineString","coordinates":[[348632.8,7064271.7],[348447.7,7064225.8],[348307.8,7064142.9],[348175.3,7064020.5],[347971.0,7063732.8],[347772.4,7062604.5],[347654.2,7062377.6],[347648.2,7062303.9]]}},{"type":"Feature","properties":{"rodovia":"ACESSO IRATI","kmInicial":0.0,"kmFinal":12.534,"situacao":"PAV","revestimento":"CA","nome":"ENTR. SC-157 (FORMOSA DO SUL) → IRATI (ENTR. SC-159)"},"geometry":{"type":"LineString","coordinates":[[321081.5,7050860.1],[320590.9,7050821.0],[320324.4,7050727.8],[320213.1,7050733.5],[319925.1,7050868.3],[319520.1,7050974.9],[319400.8,7051037.2],[319304.4,7051140.9],[319143.4,7051476.6],[319053.8,7051555.6],[318900.0,7051615.5],[318577.8,7051621.5],[318239.8,7051479.5],[317852.0,7051523.6],[317407.0,7051764.8],[317365.1,7051824.4],[317321.2,7052055.3],[317174.8,7052299.8],[317048.3,7052388.2],[316933.7,7052579.8],[316616.4,7052630.1],[316522.6,7052606.5],[316415.8,7052665.6],[316235.8,7052632.8],[316166.7,7052692.6],[315961.4,7052767.6],[315507.9,7052756.2],[315363.4,7052693.5],[315169.8,7052269.1],[315061.7,7052187.5],[314551.5,7052031.2],[314339.2,7051907.1],[314196.2,7051954.9],[313838.3,7051948.8],[313650.7,7051773.9],[313523.3,7051712.6],[313381.9,7051708.1],[313089.0,7051822.4],[313028.6,7051820.1],[312672.6,7051603.4],[312373.5,7051387.7],[312330.8,7051313.8],[312395.0,7051167.8],[312426.7,7050893.0],[312492.4,7050734.8],[312473.4,7050641.9],[312250.1,7050529.6],[311869.5,7050532.9],[311783.7,7050454.0],[311573.2,7050106.0],[311439.0,7050180.6]]}},{"type":"Feature","properties":{"rodovia":"ACESSO LESTE BOMJESUS DO OESTE","kmInicial":0.0,"kmFinal":4.0,"situacao":"PAV","revestimento":"CA","nome":": ENTR. SC-160 (P/ SALTINHO) → BOM JESUS DO OESTE"},"geometry":{"type":"LineString","coordinates":[[293017.5,7049350.9],[292997.4,7049229.9],[293043.3,7049077.7],[293036.2,7048998.8],[292971.9,7048934.2],[292780.2,7048886.7],[292705.4,7048830.2],[292655.1,7048690.3],[292433.7,7048372.8],[292386.4,7048247.9],[292183.1,7048008.9],[292090.2,7047772.8],[292016.9,7047677.8],[291970.9,7047469.9],[291998.4,7047294.3],[291860.3,7047097.8],[291766.8,7046903.2],[291700.0,7046636.7],[291716.9,7046461.5],[291653.3,7046230.0],[291534.5,7046259.3],[291472.7,7046032.1]]}},{"type":"Feature","properties":{"rodovia":"ACESSO CUNHATAÍ","kmInicial":0.0,"kmFinal":5.0,"situacao":"PAV","revestimento":"CA","nome":"ENTR. SC-160 (P/ SAUDADES) → CUNHATAÍ"},"geometry":{"type":"LineString","coordinates":[[295863.0,7013154.5],[295747.6,7013236.3],[295586.7,7013438.6],[295373.1,7013440.0],[295190.2,7013539.9],[295063.5,7013531.2],[294845.1,7013617.4],[294683.8,7013772.2],[294600.7,7014037.5],[294231.8,7014116.8],[294104.3,7014226.3],[293621.2,7014231.1],[293573.3,7014198.3],[293552.7,7014082.6],[293508.7,7014029.2],[293157.5,7013944.0],[292983.4,7013965.6],[292594.4,7013890.7],[292486.0,7014092.2],[292293.1,7014205.6],[292235.3,7014276.4],[292241.4,7014355.4],[292455.6,7014753.3]]}},{"type":"Feature","properties":{"rodovia":"ACESSO SUL BRASIL","kmInicial":0.0,"kmFinal":11.04,"situacao":"PAV","revestimento":"CA","nome":"ENTR. SC-160 (P/ MODELO) → SUL BRASIL"},"geometry":{"type":"LineString","coordinates":[[296938.8,7037760.6],[297197.1,7037769.1],[297637.6,7037517.8],[298000.0,7037463.8],[298072.7,7037493.8],[298221.9,7037662.4],[298402.5,7037760.5],[298502.9,7037889.7],[298623.6,7037911.3],[298747.2,7038009.3],[299275.7,7037981.0],[300117.7,7038127.4],[300225.9,7038068.9],[300339.6,7037862.6],[300730.0,7037723.0],[301147.8,7037658.5],[301682.6,7037675.2],[301850.3,7037730.6],[302032.6,7037985.9],[302050.6,7038141.2],[302137.8,7038274.0],[302123.6,7038424.2],[302167.3,7038727.9],[302264.3,7038875.4],[302292.4,7039009.5],[302269.7,7039182.1],[302144.9,7039321.1],[302154.3,7039436.6],[302466.8,7039692.1],[303101.9,7039987.2],[303320.4,7039999.8],[303677.7,7039949.7],[303790.8,7039988.6],[303977.4,7040134.1],[304018.4,7040220.2],[303972.6,7040325.6],[303853.3,7040431.9],[303746.5,7040474.7],[303789.0,7040570.4],[303967.4,7040751.5],[304045.8,7040759.1],[304123.7,7040706.2],[304622.7,7041118.6]]}},{"type":"Feature","properties":{"rodovia":"ACESSO SEDE OURO","kmInicial":0.0,"kmFinal":1.969,"situacao":"PAV","revestimento":"CA","nome":"ENTR. SC-161 (P/ ROMELÂNDIA) → SEDE OURO"},"geometry":{"type":"LineString","coordinates":[[267253.6,7054284.3],[267527.9,7053958.0],[267461.5,7053698.1],[267546.3,7053518.8],[267596.3,7053478.7],[267763.7,7053447.8],[267862.8,7053350.8],[267937.3,7053202.9],[268181.5,7053054.3],[268318.2,7052907.4],[268348.3,7052918.2]]}},{"type":"Feature","properties":{"rodovia":"ACESSO PRINCESA","kmInicial":0.0,"kmFinal":10.295,"situacao":"PAV","revestimento":"CA","nome":"ENTR. BR-163 (SÃO JOSÉ DO CEDRO) → PRINCESA"},"geometry":{"type":"LineString","coordinates":[[249678.4,7071528.3],[249409.6,7071622.6],[248500.6,7071505.6],[248386.6,7071600.6],[248325.6,7071721.6],[248232.6,7071751.6],[247851.6,7071745.6],[247818.6,7071717.6],[247826.6,7071584.1],[247685.6,7071756.6],[247413.6,7071823.6],[247238.6,7071755.6],[246915.6,7071570.6],[246405.6,7071515.6],[246137.6,7071444.6],[246042.6,7071503.6],[246030.6,7071753.6],[245986.6,7071843.6],[245861.6,7071879.6],[245224.6,7071897.6],[245034.6,7071927.6],[244359.6,7071771.6],[244085.6,7071772.6],[243400.6,7071710.6],[243108.6,7071733.6],[242960.6,7071787.6],[242475.6,7071749.6],[242293.6,7071807.6],[242091.6,7071732.7],[241796.1,7071976.3],[241713.6,7071986.7],[241532.6,7071902.7],[241506.6,7071915.7],[240726.4,7072648.0]]}},{"type":"Feature","properties":{"rodovia":"ACESSO SUL SÃO BENTO DO SUL","kmInicial":0.0,"kmFinal":4.498,"situacao":"PAV","revestimento":"CA","nome":"ENTR. BR-280 (P/ CORUPÁ) → SÃO BENTO DO SUL (ACESSO SUL)"},"geometry":{"type":"LineString","coordinates":[[660914.1,7089135.6],[660919.1,7089218.6],[660835.1,7089549.6],[660683.1,7089706.6],[660544.1,7089968.6],[660560.1,7090024.6],[660744.1,7090233.7],[660657.1,7090947.7],[660683.1,7091129.7],[660847.1,7091598.7],[660854.1,7091796.7],[660798.1,7091972.7],[660509.1,7092410.7],[660478.1,7092552.7],[660390.1,7092653.7],[660403.1,7092799.7],[660789.1,7093051.7]]}},{"type":"Feature","properties":{"rodovia":"ACESSO OESTE SÃO BENTO DO SUL","kmInicial":0.0,"kmFinal":8.115,"situacao":"PAV","revestimento":"CA","nome":"ENTR. BR-280 (P/ RIO NEGRINHO) → SÃO BENTO DO SUL (ACESSO OESTE)"},"geometry":{"type":"LineString","coordinates":[[653733.5,7096217.3],[653794.0,7096272.8],[654046.0,7096345.8],[654157.0,7096349.8],[654334.0,7096306.8],[654726.0,7096112.8],[654887.0,7096089.8],[655854.0,7096346.8],[655960.0,7096439.8],[656148.1,7096750.8],[656214.0,7096806.8],[656541.0,7096991.8],[656912.0,7097047.8],[657189.0,7097175.8],[657247.0,7097347.8],[657181.0,7097768.8],[657291.0,7097918.9],[657915.0,7098166.9],[658059.0,7098266.9],[658212.0,7098422.9],[658329.0,7098481.9],[659754.9,7098548.8],[660533.9,7098555.9]]}},{"type":"Feature","properties":{"rodovia":"ACESSO IRINEÓPOLIS","kmInicial":0.0,"kmFinal":7.184,"situacao":"PAV","revestimento":"CA","nome":"ENTR. BR-280 (P/ PORTO UNIÃO) → IRINEÓPOLIS"},"geometry":{"type":"LineString","coordinates":[[525262.1,7094092.1],[525061.8,7094274.7],[524874.8,7094374.7],[524110.8,7094463.7],[523950.8,7094523.7],[523816.8,7094671.7],[523530.8,7095342.7],[523359.8,7095531.7],[522146.8,7096280.7],[519531.8,7098009.7]]}},{"type":"Feature","properties":{"rodovia":"ACESSO IMBUIA","kmInicial":0.0,"kmFinal":8.846,"situacao":"EOP","revestimento":"","nome":"ENTR. SC-281 (P/ IMBUIA) → ENTR. SC-350 (P/ ITUPORANGA)"},"geometry":{"type":"LineString","coordinates":[[654864.1,6958724.2],[654961.0,6958696.6],[655020.9,6958634.5],[655107.2,6958304.8],[655061.8,6958174.1],[654827.3,6957953.1],[654770.3,6957844.4],[654832.6,6957057.9],[654763.6,6956867.9],[654649.2,6956781.8],[653586.2,6956290.1],[653463.6,6956162.7],[653363.5,6955928.1],[653184.6,6955800.9],[652925.3,6955771.5],[652544.6,6955594.1],[652439.5,6955603.9],[652248.1,6955695.9],[652116.7,6955684.6],[652029.8,6955623.9],[651848.1,6955386.8],[651319.7,6955073.7],[651034.7,6954966.2],[650779.9,6954590.6],[650603.0,6954421.8],[650572.6,6954329.5],[650630.9,6954204.4],[650860.0,6954097.3],[650955.8,6954010.9],[650993.1,6953945.6],[650989.9,6953877.9],[650891.0,6953747.0],[650832.1,6953540.6],[650762.8,6953507.8],[650543.5,6953496.8],[650451.7,6953399.1]]}},{"type":"Feature","properties":{"rodovia":"ACESSO NOVA ITABERABA","kmInicial":0.0,"kmFinal":2.193,"situacao":"PAV","revestimento":"CA","nome":"ENTR. BR-282 (P/ NOVA ERECHIM) → NOVA ITABERABA"},"geometry":{"type":"LineString","coordinates":[[321255.6,7019385.6],[321293.1,7019337.2],[321551.1,7019393.2],[321804.1,7019360.2],[321853.1,7019307.2],[321815.1,7019224.2],[321782.1,7019198.2],[321580.1,7019171.2],[321460.1,7019101.2],[321316.1,7019071.2],[321079.1,7018966.2],[320762.1,7018729.2],[320669.1,7018511.2]]}},{"type":"Feature","properties":{"rodovia":"ACESSO ARVOREDO","kmInicial":0.0,"kmFinal":7.935,"situacao":"PAV","revestimento":"CA","nome":"ENTR. SC-283 (P/ CHAPECÓ) → ARVOREDO"},"geometry":{"type":"LineString","coordinates":[[350698.1,7002304.0],[350795.3,7002373.0],[351102.6,7002459.9],[351363.3,7002633.2],[351552.6,7002674.5],[351824.4,7002632.4],[352160.9,7002480.9],[352437.7,7002514.2],[352538.9,7002583.7],[352659.2,7002739.4],[352892.8,7002710.0],[352911.3,7002768.6],[352893.4,7002801.9],[352640.2,7002986.3],[352588.8,7003055.6],[352562.0,7003411.7],[352657.2,7003783.0],[352860.9,7004187.2],[352948.4,7004294.0],[353047.6,7004322.0],[353164.4,7004426.7],[353611.1,7004427.9],[353718.7,7004394.2],[353839.7,7004269.8],[354037.6,7003950.1],[354231.5,7003801.6],[354867.1,7003784.6],[355007.3,7003716.5],[355092.7,7003792.1],[355227.6,7003801.2],[355281.0,7003918.7],[355471.8,7004043.7],[355585.9,7004178.4],[355702.9,7004192.7],[355907.4,7004283.7],[355989.8,7004292.9]]}},{"type":"Feature","properties":{"rodovia":"ACESSO À RUA TANCREDO DE ALMEIDA NEVES","kmInicial":0.0,"kmFinal":1.148,"situacao":"PAV","revestimento":"CA","nome":"ENTR. SC-283 (CONTORNO NORTE DE CONCÓRDIA) → ACESSO AO ENTR. RUA TANCREDO DE ALMEIDA NEVES"},"geometry":{"type":"LineString","coordinates":[[402365.4,6989096.0],[402810.7,6988540.9],[403040.9,6988160.1]]}},{"type":"Feature","properties":{"rodovia":"ACESSO JOSÉ BOITEUX","kmInicial":0.0,"kmFinal":12.48,"situacao":"PAV","revestimento":"CA","nome":"ENTR. SC-340 (P/ IBIRAMA) → JOSÉ BOITEUX"},"geometry":{"type":"LineString","coordinates":[[640174.5,7007410.7],[640146.4,7007600.0],[639957.4,7007945.0],[639854.5,7008532.0],[639725.5,7008893.0],[639749.5,7009159.9],[639655.5,7009498.0],[639637.5,7009676.0],[639651.5,7009814.0],[639734.0,7009992.5],[639641.4,7010093.0],[639541.5,7010343.0],[639161.5,7010818.0],[639058.5,7011234.0],[638616.5,7012031.0],[638537.5,7012281.0],[638459.5,7012368.0],[638225.5,7012463.0],[638021.0,7012634.5],[637716.5,7013245.1],[637572.5,7013363.1],[637494.5,7013908.1],[637376.5,7014114.1],[637384.5,7014196.1],[637499.5,7014370.1],[638266.1,7014797.2],[638321.5,7014882.1],[638323.5,7015123.1],[638032.5,7015343.1],[637879.5,7015528.1],[637876.5,7015624.1],[637941.5,7015830.1],[637918.5,7016052.1],[637888.5,7016105.1],[637635.5,7016289.1],[637297.5,7016378.1],[637138.5,7016386.1],[637009.5,7016455.1],[636465.5,7016985.1],[636250.6,7017236.5]]}},{"type":"Feature","properties":{"rodovia":"ACESSO DONA EMMA","kmInicial":0.0,"kmFinal":4.002,"situacao":"PAV","revestimento":"CA","nome":"ENTR. SC-340 (P/ WITMARSUM) → DONA EMMA"},"geometry":{"type":"LineString","coordinates":[[630242.2,7014364.8],[630171.5,7014351.2],[629951.5,7014429.2],[629881.5,7014403.3],[629779.5,7014232.2],[629701.5,7014186.2],[629598.5,7014179.2],[629487.5,7014212.2],[629255.5,7014202.3],[629063.5,7014133.3],[628568.5,7014117.3],[628009.5,7014145.3],[627948.5,7014176.3],[627853.4,7014310.3],[627725.5,7014350.3],[627472.4,7014214.3],[627208.4,7014194.3],[627025.4,7014344.3],[626595.4,7014426.3]]}},{"type":"Feature","properties":{"rodovia":"ACESSO ABELARDO LUZ","kmInicial":0.0,"kmFinal":1.1,"situacao":"EOP","revestimento":"","nome":"ENTR.350 → ABELARDO LUZ"},"geometry":{"type":"LineString","coordinates":[[369490.7,7059091.5],[369457.4,7059175.0],[369351.3,7059237.9],[368979.3,7059588.8],[368652.8,7059765.3]]}},{"type":"Feature","properties":{"rodovia":"ACESSO PASSOS MAIA","kmInicial":0.0,"kmFinal":0.9,"situacao":"EOP","revestimento":"","nome":"ENTR. SC-350 → PASSOS MAIA"},"geometry":{"type":"LineString","coordinates":[[393707.1,7038070.0],[393692.0,7038017.4],[393733.2,7037833.1],[393632.2,7037536.6],[393873.2,7037316.7]]}},{"type":"Feature","properties":{"rodovia":"ACESSO AEROPORTO INTERNACIONAL HERCÍLIO LUZ","kmInicial":0.0,"kmFinal":0.71,"situacao":"PAV","revestimento":"CA","nome":"ENTR. SC-401 → ENTR. ACESSO TAPERA"},"geometry":{"type":"LineString","coordinates":[[744859.5,6935478.9],[744755.4,6935269.9],[744652.9,6935184.6],[744576.2,6935162.8],[744315.6,6935175.5]]}},{"type":"Feature","properties":{"rodovia":"ACESSO AEROPORTO INTERNACIONAL HERCÍLIO LUZ","kmInicial":0.711,"kmFinal":3.098,"situacao":"PAV","revestimento":"CA","nome":"ENTR. ACESSO TAPERA → AEROPORTO INTERNACIONAL HERCÍLIO LUZ"},"geometry":{"type":"LineString","coordinates":[[744314.6,6935175.7],[744169.1,6935217.3],[743507.3,6935622.7],[743169.4,6935687.6],[742838.4,6935995.2],[742279.8,6936341.4]]}},{"type":"Feature","properties":{"rodovia":"ACESSO FLORIANÓPOLIS (TAPERA)","kmInicial":1.484,"kmFinal":4.121,"situacao":"PAV","revestimento":"CA","nome":":ENTR. ACESSO AEROPORTO INTERNACIONAL HERCÍLIO LUZ → TAPERA"},"geometry":{"type":"LineString","coordinates":[[744315.1,6935175.3],[742730.0,6934627.7],[742510.9,6934653.7],[742121.9,6934797.7],[741899.9,6934913.7]]}},{"type":"Feature","properties":{"rodovia":"ACESSO SUL DISTRITO CLARAÍBA","kmInicial":0.0,"kmFinal":8.856,"situacao":"PAV","revestimento":"CA","nome":"ENTR. SC-410 (P/ SÃO JOÃO BATISTA) → DISTRITO CLARAÍBA (ACESSO SUL)"},"geometry":{"type":"LineString","coordinates":[[704174.1,6981060.5],[704205.1,6981218.5],[704362.1,6981480.5],[704378.2,6981682.5],[704469.2,6981804.5],[704513.2,6981990.5],[704620.2,6982116.5],[704744.2,6982345.5],[704873.2,6982408.5],[704975.2,6982522.5],[705068.2,6982543.5],[705189.2,6982632.5],[705612.2,6982623.5],[705711.2,6982819.5],[705669.2,6982983.5],[705470.2,6983295.5],[705454.2,6983378.5],[705523.5,6983564.6],[705851.2,6983946.5],[705871.2,6984065.5],[705777.2,6984363.6],[705825.2,6984488.6],[705808.2,6984638.6],[705909.2,6984815.6],[705939.2,6984974.6],[706069.2,6985147.6],[706010.2,6985386.6],[706092.2,6985516.6],[706159.2,6985790.6],[706411.2,6986300.6],[706523.2,6986411.6],[706586.3,6986524.6],[706857.3,6986687.6],[707042.3,6986836.6],[707411.3,6986929.6],[707916.3,6987288.6],[708059.3,6987464.6],[708050.3,6987667.6]]}},{"type":"Feature","properties":{"rodovia":"ACESSO VILA MARIA","kmInicial":0.0,"kmFinal":3.394,"situacao":"LEN","revestimento":"","nome":"ENTR. SC-443 (P/ CRICIÚMA) → DISTRITO VILA MARIA"},"geometry":{"type":"LineString","coordinates":[[631932.1,6822437.6],[631933.1,6822534.9],[631878.1,6822721.9],[631701.6,6822726.4],[631591.2,6822978.9],[631548.2,6823131.9],[631536.2,6823353.9],[631385.2,6823689.9],[631189.2,6824312.9],[631133.2,6824766.9],[630349.2,6824779.9]]}},{"type":"Feature","properties":{"rodovia":"ACESSO RIO MAINA","kmInicial":0.0,"kmFinal":1.234,"situacao":"PAV","revestimento":"CA","nome":"ENTR. SC-446 (P/ NOVA VENEZA) → JURISDIÇÃO SIE FINAL (DISTRITO NOSSA SENHORA DO CARAVAGGIO)"},"geometry":{"type":"LineString","coordinates":[[648087.0,6828460.6],[648146.1,6828294.9],[648215.1,6828238.9],[648944.1,6828264.9],[649171.0,6828320.4]]}},{"type":"Feature","properties":{"rodovia":"ACESSO RIO MAINA","kmInicial":2.349,"kmFinal":8.279,"situacao":"PAV","revestimento":"CA","nome":"JURISDIÇÃO SIE INICIAL (DISTRITO NOSSA SENHORA DO CARAVAGGIO) → DISTRITO RIO MAINA"},"geometry":{"type":"LineString","coordinates":[[650227.1,6828485.5],[650566.1,6828501.9],[650922.1,6828626.9],[651055.1,6828626.9],[651299.1,6828479.9],[651325.1,6828416.9],[651302.1,6828267.9],[651352.1,6828220.9],[651508.1,6828329.9],[651505.6,6828476.9],[651530.1,6828519.9],[651781.1,6828573.9],[652070.8,6828562.3],[652200.1,6828473.8],[652518.1,6828016.8],[652574.1,6827848.8],[652603.1,6827481.8],[652723.1,6827311.8],[653602.1,6826705.8],[653997.1,6826666.8],[654591.1,6826679.8]]}},{"type":"Feature","properties":{"rodovia":"ACESSO ERMO","kmInicial":0.0,"kmFinal":14.168,"situacao":"LEN","revestimento":"","nome":"ENTR. SC-447 (P/ ARARANGUÁ) → ERMO (ENTR. SC-108/SC-285/BR-285)"},"geometry":{"type":"LineString","coordinates":[[642993.6,6800291.0],[642436.0,6799823.7],[641717.0,6799298.8],[641572.0,6799254.7],[641390.0,6799245.7],[640629.0,6799273.7],[640101.0,6799073.7],[640009.0,6799018.7],[639857.0,6798851.7],[639545.0,6798422.7],[639268.0,6798191.7],[639103.0,6798114.7],[638930.0,6797963.7],[638782.0,6797890.7],[638385.0,6797806.7],[636620.0,6796934.7],[636522.0,6796818.8],[636270.0,6796168.7],[636224.0,6795828.7],[636182.0,6795755.7],[636035.0,6795651.7],[635814.0,6795661.7],[635665.0,6795610.7],[635126.0,6795014.7],[634690.0,6794718.7],[634465.0,6794496.7],[634401.0,6794396.7],[634392.0,6794310.7],[634453.0,6794099.7],[634445.0,6793901.7],[634176.0,6793499.7],[634028.0,6793338.7],[633874.0,6793231.7],[633711.0,6793163.7],[633200.9,6793009.7],[632739.9,6792941.7],[632238.9,6792956.7]]}},{"type":"Feature","properties":{"rodovia":"ACESSO JABORÁ","kmInicial":0.0,"kmFinal":4.48,"situacao":"PAV","revestimento":"CA","nome":"ENTR. SC-467 (P/ OURO) → ENTR. CONTORNO RODOVIÁRIO DE JABORÁ"},"geometry":{"type":"LineString","coordinates":[[432054.4,6993780.1],[431878.4,6993705.6],[431733.4,6993685.2],[431625.1,6993521.9],[431499.5,6993508.8],[431427.7,6993578.8],[431372.2,6993844.0],[431190.9,6994104.0],[431115.6,6994158.1],[430969.5,6994203.8],[430573.8,6994164.4],[430314.9,6994320.5],[429319.2,6994655.7],[429206.5,6994652.1],[429077.7,6994563.3],[428950.8,6994551.8],[428796.6,6994417.9],[428487.7,6994242.9],[428306.4,6994215.2]]}},{"type":"Feature","properties":{"rodovia":"ACESSO JABORÁ","kmInicial":4.481,"kmFinal":6.118,"situacao":"PAV","revestimento":"CA","nome":"ENTR. CONTORNO RODOVIÁRIO DE JABORÁ → ENTR. SC-355 (JABORÁ)"},"geometry":{"type":"LineString","coordinates":[[428306.1,6994214.2],[428303.1,6994091.8],[428279.9,6994069.9],[428173.5,6994099.9],[428016.5,6994062.0],[427729.0,6994142.6],[427544.0,6994106.3],[427414.5,6994167.2],[427185.7,6994099.3],[427007.3,6994284.2],[426927.3,6994293.0]]}},{"type":"Feature","properties":{"rodovia":"ACESSO MIRIM DOCE","kmInicial":0.0,"kmFinal":7.73,"situacao":"PAV","revestimento":"CA","nome":"ENTR. BR-470 (P/ POUSO REDONDO) → MIRIM DOCE"},"geometry":{"type":"LineString","coordinates":[[595069.0,6985111.3],[595093.5,6985162.7],[595197.1,6985239.3],[595207.4,6985292.7],[595178.0,6985341.3],[595011.8,6985439.4],[594952.7,6985532.5],[594946.0,6985629.4],[595042.8,6985784.5],[595044.4,6985951.7],[594914.2,6986197.9],[594780.5,6986668.7],[594760.1,6986885.8],[594524.2,6987224.2],[594483.1,6987480.6],[594421.3,6987512.5],[594072.0,6987538.1],[593728.5,6987806.3],[593624.8,6987974.6],[593210.0,6988192.0],[593022.4,6988537.9],[592761.2,6988691.8],[592588.3,6988837.0],[592009.4,6989470.1],[592005.2,6989550.1],[592092.6,6989697.6],[592163.5,6989945.6],[592392.9,6990175.3],[592472.5,6990354.1],[592350.9,6990709.5],[592372.3,6990931.3],[592401.7,6990956.2]]}},{"type":"Feature","properties":{"rodovia":"ACESSO BRUNÓPOLIS","kmInicial":0.0,"kmFinal":2.315,"situacao":"PAV","revestimento":"CA","nome":"ENTR. BR-470 (P/ CURITIBANOS) → BRUNÓPOLIS"},"geometry":{"type":"LineString","coordinates":[[516621.3,6977206.3],[516583.3,6977365.4],[516463.3,6977524.4],[516532.3,6977771.4],[516519.3,6977880.4],[516260.3,6978141.4],[516211.3,6978263.4],[516005.3,6978557.4],[516012.3,6978645.4],[516137.3,6978983.5],[516293.6,6979184.1]]}},{"type":"Feature","properties":{"rodovia":"ACESSO SUL RIO DOS CEDROS","kmInicial":0.0,"kmFinal":9.462,"situacao":"PAV","revestimento":"CA","nome":"ENTR. SC-477 (TIMBÓ) → RIO DOS CEDROS (ACESSO SUL)"},"geometry":{"type":"LineString","coordinates":[[671019.4,7032327.8],[671110.4,7032387.8],[671104.4,7032420.8],[670896.4,7032919.8],[670806.4,7032888.8],[670582.4,7033470.8],[670584.4,7033625.8],[671147.4,7034486.8],[671195.4,7034770.8],[671139.4,7035109.8],[671171.4,7035544.8],[671303.4,7036008.8],[671746.4,7037274.8],[671904.4,7037485.8],[671804.4,7037708.8],[671781.4,7037953.8],[671715.4,7038130.8],[671757.4,7038319.8],[671815.4,7039061.8],[671777.4,7039417.8],[671694.4,7039760.9],[671249.1,7041036.0]]}},{"type":"Feature","properties":{"rodovia":"ACESSO OESTE BOM JESUS DO OESTE","kmInicial":0.0,"kmFinal":6.472,"situacao":"LEN","revestimento":"","nome":"ENTR. SC-492 → BOM JESUS DO OESTE"},"geometry":{"type":"LineString","coordinates":[[286852.5,7046978.0],[287049.2,7047098.4],[287151.2,7047118.4],[287263.2,7047243.4],[287361.2,7047486.4],[287438.2,7047601.4],[287439.2,7047817.4],[287507.2,7048053.4],[287651.2,7048129.4],[287764.2,7048088.4],[287875.2,7048089.9],[287911.2,7048012.4],[288185.2,7047913.4],[288307.1,7047804.0],[288462.2,7047722.4],[288846.2,7047394.4],[289226.2,7047147.4],[289378.2,7047153.4],[289521.2,7047270.4],[289591.2,7047283.4],[290505.2,7046940.4],[290623.2,7046833.4],[290873.2,7046711.4],[291013.2,7046605.4],[291283.2,7046522.4],[291309.2,7046485.4],[291311.2,7046366.4],[291248.2,7046094.4],[291472.7,7046032.1]]}},{"type":"Feature","properties":{"rodovia":"BR-280","kmInicial":50.95,"kmFinal":51.476,"situacao":"DUP","revestimento":"CA","nome":"INÍCIO DE TRECHO DELEGADO AO ESTADO → ENTR. SC-108 (P/ JOINVILLE/BAIRRO VILA NOVA)"},"geometry":{"type":"LineString","coordinates":[[703899.3,7071191.5],[703362.5,7070982.8]]}},{"type":"Feature","properties":{"rodovia":"BR-280","kmInicial":51.477,"kmFinal":55.856,"situacao":"DUP","revestimento":"CA","nome":"ENTR. SC-108 (P/ JOINVILLE/BAIRRO VILA NOVA) → GUARAMIRIM (ENTR. SC-108)"},"geometry":{"type":"LineString","coordinates":[[703361.6,7070982.4],[701200.5,7070133.9],[700962.8,7070099.0],[700092.8,7070099.0],[699230.3,7069721.8]]}},{"type":"Feature","properties":{"rodovia":"BR-280","kmInicial":55.857,"kmFinal":59.85,"situacao":"DUP","revestimento":"CA","nome":"GUARAMIRIM (ENTR. SC-108) → ENTR. RUA EXPEDICIONÁRIO FIDÉLIS STINGHEN / FINAL DE TRECHO DELEGADO AO ESTADO"},"geometry":{"type":"LineString","coordinates":[[699229.4,7069721.3],[698972.7,7069676.0],[698497.7,7069691.9],[698312.7,7069726.9],[697360.7,7070306.0],[696359.7,7070228.9],[696251.8,7070171.0],[696115.7,7069924.9],[696008.7,7069839.9],[695867.7,7069810.9],[695621.3,7069861.2]]}},{"type":"Feature","properties":{"rodovia":"CONTORNO RODOVIÁRIO DE JABORÁ","kmInicial":0.0,"kmFinal":1.523,"situacao":"PAV","revestimento":"CA","nome":"ENTR. SC-355 (P/ CONCÓRDIA) → ENTR. SC-355 (P/ JABORÁ)"},"geometry":{"type":"LineString","coordinates":[[425823.9,6994525.0],[425941.1,6994606.9],[426218.8,6994642.3],[426590.0,6994768.8],[426839.4,6994765.9],[427095.9,6994811.9],[427297.4,6994778.5]]}},{"type":"Feature","properties":{"rodovia":"CONTORNO RODOVIÁRIO DE JABORÁ","kmInicial":1.524,"kmFinal":2.683,"situacao":"PAV","revestimento":"CA","nome":"ENTR. SC-355 (P/ JABORÁ) → ENTR. ACESSO JABORÁ"},"geometry":{"type":"LineString","coordinates":[[427298.4,6994778.3],[427921.3,6994495.3],[428306.4,6994215.2]]}},{"type":"Feature","properties":{"rodovia":"CONTORNO RODOVIÁRIO DE TUBARÃO","kmInicial":0.0,"kmFinal":4.1,"situacao":"DUP","revestimento":"CA","nome":"ENTR. SC-370 → ENTR. BR-101 (P/ TUBARÃO)"},"geometry":{"type":"LineString","coordinates":[[693608.1,6852736.8],[693621.0,6852596.5],[693684.4,6852496.7],[694045.9,6852110.0],[694282.5,6851800.3],[696226.3,6849570.5]]}},{"type":"Feature","properties":{"rodovia":"CONTORNO RODOVIÁRIO DO MUNICÍPIO DE GARUVA","kmInicial":0.0,"kmFinal":8.552,"situacao":"PAV","revestimento":"CA","nome":"ENTR. BR-101 (P/ JOINVILLE) → ENTR. SC-417 (P/ GARUVA)"},"geometry":{"type":"LineString","coordinates":[[714025.8,7115229.3],[714145.5,7115202.4],[714661.6,7115368.1],[714889.0,7115574.0],[715327.4,7115734.6],[715752.3,7115978.6],[716838.2,7116111.2],[717001.9,7116184.4],[717197.9,7116368.2],[717321.8,7116432.4],[718159.6,7116512.1],[718275.6,7116555.0],[718408.5,7116684.3],[718820.7,7117393.0],[718885.7,7117634.2],[719074.9,7118016.8],[719247.8,7118090.4],[719757.9,7118038.7],[719974.7,7118121.0],[720075.9,7118216.4],[720154.7,7118348.4],[720186.0,7118475.7],[720186.3,7118698.1],[720224.9,7118807.4],[720461.1,7119140.9],[720616.7,7119189.9]]}},{"type":"Feature","properties":{"rodovia":"CONTORNO RODOVIÁRIO DE LAURO MÜLLER","kmInicial":0.0,"kmFinal":0.76,"situacao":"PAV","revestimento":"CA","nome":"ENTR. SC-446 (P/ TREVISO) → ENTR. SC-390 (P/ BOM JARDIM DA SERRA)"},"geometry":{"type":"LineString","coordinates":[[656956.4,6857812.8],[656904.0,6857868.2],[656664.2,6857966.4],[656536.6,6858063.3],[656381.1,6858273.5]]}},{"type":"Feature","properties":{"rodovia":"CONTORNO LESTE DE XANXERÊ","kmInicial":0.0,"kmFinal":7.857,"situacao":"PAV","revestimento":"CA","nome":"ENTR. SC-480 (P/ BOM JESUS) → ENTR. BR-282 (P/ FAXINAL DOS GUEDES)"},"geometry":{"type":"LineString","coordinates":[[360284.1,7029265.4],[360350.9,7029232.3],[360538.5,7029252.2],[360870.1,7029107.8],[361387.7,7029052.7],[361938.9,7029141.8],[363118.2,7029424.5],[363317.7,7029377.8],[363874.9,7029059.7],[364379.0,7028982.9],[364620.8,7028886.7],[364886.6,7028563.8],[365435.4,7028206.1],[365533.6,7028061.5],[365569.8,7027911.2],[365566.7,7027745.9],[365491.2,7027542.8],[365051.9,7026901.7],[365007.3,7026798.4],[364986.5,7026071.8]]}},{"type":"Feature","properties":{"rodovia":"SC-100","kmInicial":0.0,"kmFinal":13.426,"situacao":"PAV","revestimento":"CA","nome":"LAGUNA → ENTR. ACESSO FAROL DE SANTA MARTA"},"geometry":{"type":"LineString","coordinates":[[718217.8,6845275.5],[718366.6,6845141.1],[718434.2,6844998.3],[718448.1,6844316.0],[718549.9,6843954.3],[718514.9,6843830.3],[718300.2,6843591.8],[718143.8,6843527.4],[717647.8,6842630.5],[716103.7,6840566.0],[715195.0,6839474.9],[714024.2,6837833.5],[713727.6,6837560.6],[712835.4,6836838.2],[712380.3,6836339.7],[711576.6,6835612.6],[711480.0,6835460.8],[711381.6,6835115.8],[711167.7,6834908.2]]}},{"type":"Feature","properties":{"rodovia":"SC-100","kmInicial":13.427,"kmFinal":15.903,"situacao":"PAV","revestimento":"CA","nome":"ENTR. ACESSO FAROL DE SANTA MARTA → DISTRITO BARRA DO CAMACHO"},"geometry":{"type":"LineString","coordinates":[[711167.0,6834907.6],[709672.7,6833711.5],[709208.7,6833461.0]]}},{"type":"Feature","properties":{"rodovia":"SC-100","kmInicial":15.904,"kmFinal":34.13,"situacao":"PAV","revestimento":"CA","nome":"DISTRITO BARRA DO CAMACHO → JAGUARUNA (ENTR. SC-441)"},"geometry":{"type":"LineString","coordinates":[[709207.8,6833460.6],[708946.9,6833328.6],[705975.8,6832454.6],[705025.4,6831944.7],[704614.8,6832012.7],[703369.8,6832566.7],[702971.8,6832545.7],[702823.8,6832414.7],[702589.8,6832283.7],[702139.8,6832142.7],[700935.8,6832665.7],[699116.8,6833895.7],[697917.8,6834269.7],[697411.8,6834116.7],[697289.8,6834051.7],[695941.8,6832679.7],[695854.8,6832509.7],[695678.8,6832341.7],[694142.0,6832108.7],[693439.0,6832264.7],[693086.9,6832395.5]]}},{"type":"Feature","properties":{"rodovia":"SC-100","kmInicial":34.131,"kmFinal":38.904,"situacao":"PAV","revestimento":"CA","nome":"JAGUARUNA (ENTR. SC-441) → ENTR. ACESSO DISTRITO BALNEÁRIO ARROIO CORRENTE"},"geometry":{"type":"LineString","coordinates":[[693086.9,6832394.6],[693146.4,6832023.3],[694006.0,6828888.7],[693901.4,6827757.4]]}},{"type":"Feature","properties":{"rodovia":"SC-100","kmInicial":67.174,"kmFinal":74.259,"situacao":"PAV","revestimento":"CA","nome":"ENTR. SC-445 (P/ DISTRITO BALNEÁRIO RINCÃO) → DISTRITO LAGOA DOS ESTEVES"},"geometry":{"type":"LineString","coordinates":[[671335.6,6812365.9],[671203.0,6812149.8],[670768.0,6811211.8],[670313.0,6810557.8],[669690.0,6809564.8],[669445.0,6809451.8],[668787.0,6809462.8],[668680.0,6809442.8],[667694.0,6808653.8],[666702.0,6808237.8],[666300.4,6808023.1]]}},{"type":"Feature","properties":{"rodovia":"SC-108","kmInicial":0.0,"kmFinal":4.51,"situacao":"PAV","revestimento":"CA","nome":"ENTR. BR-101 (JOINVILLE) → JOINVILLE (BAIRRO VILA NOVA)"},"geometry":{"type":"LineString","coordinates":[[709254.2,7094203.7],[709124.5,7094196.1],[708975.6,7094133.1],[708591.2,7093832.7],[708116.5,7093530.6],[707476.0,7093010.9],[707357.8,7092839.8],[707307.5,7092638.0],[707348.5,7091439.9],[707612.0,7091078.8],[707626.9,7090824.0]]}},{"type":"Feature","properties":{"rodovia":"SC-108","kmInicial":4.511,"kmFinal":27.91,"situacao":"PAV","revestimento":"CA","nome":"JOINVILLE (BAIRRO VILA NOVA) → ENTR. BR-280 (P/ ARAQUARI)"},"geometry":{"type":"LineString","coordinates":[[707626.9,7090823.0],[707652.9,7089482.1],[707619.6,7089241.2],[707661.8,7088676.7],[707623.6,7088500.2],[707446.5,7088298.9],[705530.5,7086576.7],[705099.4,7086109.5],[705059.0,7085965.6],[705043.1,7085500.0],[705008.1,7085298.9],[704912.5,7085081.3],[704729.3,7084809.7],[704622.3,7084349.8],[704616.6,7084204.0],[704667.5,7083991.2],[704653.3,7083873.8],[704431.7,7083524.0],[704190.7,7082969.7],[704138.7,7082109.1],[704067.1,7081860.4],[704012.1,7081447.9],[704030.0,7081311.3],[704181.0,7080961.3],[704178.3,7080822.6],[704096.9,7080464.7],[704106.6,7080386.8],[704200.4,7080186.7],[704353.8,7079990.1],[704385.9,7079859.2],[704407.0,7079620.8],[704349.0,7079409.7],[704350.3,7079069.3],[704314.9,7078907.6],[704141.7,7078561.1],[703867.5,7078180.9],[703664.2,7078025.0],[703236.6,7077827.6],[703134.8,7077728.7],[703074.8,7077568.9],[703069.5,7076943.8],[702976.5,7076671.2],[702846.7,7076487.2],[702001.8,7075685.9],[701743.7,7075088.3],[701754.3,7074821.8],[701871.3,7074648.9],[701913.6,7074510.6],[701959.6,7074185.4],[701930.9,7073976.6],[701957.0,7073744.6],[702071.7,7073464.9],[702068.7,7072869.9],[702098.1,7072733.3],[702167.6,7072613.3],[702450.2,7072329.7],[702605.1,7072305.6],[702824.2,7072398.4],[702943.1,7072401.9],[703025.1,7072370.6],[703260.7,7072175.8],[703413.3,7071919.2],[703450.1,7071785.4],[703361.9,7070982.6]]}},{"type":"Feature","properties":{"rodovia":"SC-108","kmInicial":32.393,"kmFinal":45.852,"situacao":"PAV","revestimento":"CA","nome":"GUARAMIRIM (ENTR. BR-280) → ENTR. SC-415 (P/ SÃO JOÃO DO ITAPERIÚ)"},"geometry":{"type":"LineString","coordinates":[[699238.4,7069724.1],[699295.4,7069543.2],[699496.4,7069353.2],[699556.4,7069137.2],[699269.4,7068644.2],[699070.4,7068414.2],[699059.4,7068315.2],[699097.4,7068240.2],[699201.4,7068153.2],[699195.4,7067955.2],[699325.4,7067719.2],[699414.4,7067676.2],[699598.4,7067671.2],[699660.4,7067618.2],[699946.4,7067057.2],[700031.4,7066543.1],[700341.4,7066015.1],[700454.4,7065738.1],[700589.5,7065640.1],[700869.4,7065640.1],[700967.5,7065552.1],[701035.4,7065171.1],[701050.5,7064896.1],[701126.4,7064559.1],[701154.5,7063988.1],[701418.5,7063011.1],[701405.5,7062350.1],[701605.5,7061981.1],[701702.5,7061638.1],[701731.5,7061233.0],[701706.5,7060982.0],[701583.5,7060459.0],[701452.5,7060135.0],[701395.5,7059885.0],[701416.5,7059482.0],[701589.5,7059199.0],[701545.5,7058964.0],[701451.5,7058834.0],[700997.4,7058377.0],[700720.7,7058009.5]]}},{"type":"Feature","properties":{"rodovia":"SC-108","kmInicial":45.853,"kmFinal":50.022,"situacao":"PAV","revestimento":"CA","nome":"ENTR. SC-415 (P/ SÃO JOÃO DO ITAPERIÚ) → MASSARANDUBA"},"geometry":{"type":"LineString","coordinates":[[700720.1,7058008.7],[700531.4,7057741.0],[700423.4,7057485.0],[700105.5,7057162.0],[699894.4,7057026.0],[699649.4,7056926.0],[698842.4,7056324.9],[697994.7,7054982.4]]}},{"type":"Feature","properties":{"rodovia":"SC-108","kmInicial":50.023,"kmFinal":54.669,"situacao":"PAV","revestimento":"CA","nome":"MASSARANDUBA → ENTR. SC-414 (P/ LUIZ ALVES)"},"geometry":{"type":"LineString","coordinates":[[697994.1,7054981.6],[697903.4,7054824.9],[697847.4,7054632.9],[697862.4,7053055.9],[697819.4,7052891.9],[697657.4,7052524.9],[697672.4,7052014.9],[697623.4,7051846.9],[697487.4,7051598.8],[697537.4,7051358.8],[697363.4,7051066.8],[696965.4,7050925.8],[696876.4,7050826.8]]}},{"type":"Feature","properties":{"rodovia":"SC-108","kmInicial":54.67,"kmFinal":56.452,"situacao":"PAV","revestimento":"CA","nome":"ENTR. SC-414 (P/ LUIZ ALVES) → DIVISA DE MUNICÍPIOS DE MASSARANDUBA/BLUMENAU"},"geometry":{"type":"LineString","coordinates":[[696876.1,7050825.9],[696806.4,7050679.8],[696602.4,7050599.8],[696413.4,7050414.8],[696262.4,7050181.8],[696258.8,7049986.4],[696014.4,7049792.8],[695946.4,7049594.8],[695882.1,7049497.7]]}},{"type":"Feature","properties":{"rodovia":"SC-108","kmInicial":56.453,"kmFinal":80.64,"situacao":"PAV","revestimento":"CA","nome":"DIVISA DE MUNICÍPIOS DE MASSARANDUBA/BLUMENAU → BLUMENAU (ENTR. BR-470)"},"geometry":{"type":"LineString","coordinates":[[695881.5,7049496.9],[695678.4,7049147.8],[695359.2,7048349.3],[694923.4,7047548.8],[694835.4,7047208.8],[694890.4,7046978.8],[694879.4,7046910.8],[694672.4,7046614.8],[694366.4,7045867.8],[693988.4,7045560.8],[693529.4,7044505.8],[693338.4,7043916.8],[693196.4,7043637.8],[693113.4,7043283.8],[692921.4,7043098.8],[692869.4,7042894.8],[692502.4,7042366.8],[692485.4,7042248.8],[692556.4,7041742.8],[692494.4,7041671.8],[692312.4,7041636.8],[692250.4,7041585.8],[692172.2,7041262.8],[691993.4,7040931.8],[692040.4,7040574.8],[691955.4,7040212.8],[691977.4,7039967.8],[691786.4,7039631.8],[691798.3,7039341.1],[691604.4,7038941.8],[691363.4,7038651.8],[690940.4,7038031.8],[690879.4,7037781.8],[690746.4,7037569.8],[690666.4,7037256.7],[690654.4,7036852.8],[690418.4,7036179.7],[690370.4,7035934.7],[690281.4,7035747.7],[690246.4,7035473.7],[690149.4,7035112.7],[690193.4,7034772.7],[690176.4,7034639.7],[690094.4,7034321.7],[689863.4,7033886.6],[689768.4,7033548.7],[689931.4,7032806.7],[689869.4,7032398.7],[689908.4,7032216.7],[689859.5,7031917.7],[689905.5,7031758.8],[689842.5,7031291.7],[689762.5,7030968.7],[689629.5,7029975.7],[689704.5,7029488.7],[689800.5,7029207.7],[689943.5,7028939.7],[690125.4,7028159.7],[690159.4,7027950.7],[690150.4,7027579.7],[690228.2,7027368.6]]}},{"type":"Feature","properties":{"rodovia":"SC-108","kmInicial":103.512,"kmFinal":125.128,"situacao":"PAV","revestimento":"CA","nome":"JURISIÇÃO SIE INICIAL (GASPAR) → BRUSQUE (ENTR. SC-486)"},"geometry":{"type":"LineString","coordinates":[[705342.1,7017295.0],[706748.5,7015810.8],[706854.5,7015661.8],[707025.5,7014871.8],[707043.4,7013754.8],[707656.4,7012790.8],[708587.4,7012176.7],[708690.4,7012134.7],[709126.4,7012194.7],[709646.4,7012185.7],[709765.4,7012155.7],[710244.4,7011751.7],[710313.4,7011645.7],[710342.4,7011515.7],[710292.4,7011105.7],[710280.4,7010363.7],[710211.4,7010270.7],[710006.4,7010112.7],[709971.9,7010034.2],[709991.4,7008948.7],[710116.4,7008653.7],[710115.4,7008526.7],[709966.4,7008186.7],[709889.4,7007743.8],[709827.4,7007586.8],[709583.4,7007281.8],[709079.4,7006928.8],[708983.4,7006740.8],[709010.4,7006364.8],[708997.4,7006020.8],[709125.4,7005597.8],[709193.4,7005106.8],[709174.9,7004990.1],[709104.4,7004903.8],[708732.4,7004657.8],[708599.4,7004172.8],[708541.4,7004055.8],[708419.4,7003878.8],[708145.4,7003632.8],[707955.4,7003358.8],[707859.4,7003302.8],[707524.9,7003236.8],[707385.4,7003038.8],[707134.4,7002978.8],[706955.4,7002701.8],[706704.4,7002518.8],[706749.4,7002354.8],[706734.4,7002151.8],[706821.4,7001891.8],[706741.4,7001643.8],[706783.9,7001469.8],[706738.4,7001257.8],[706507.4,7000887.8],[706493.4,7000785.8],[706504.4,7000637.8],[706641.3,7000379.3]]}},{"type":"Feature","properties":{"rodovia":"SC-108","kmInicial":125.129,"kmFinal":139.776,"situacao":"PAV","revestimento":"CA","nome":"BRUSQUE (ENTR. SC-486) → ENTR. ACESSO NORTE DISTRITO CLARAÍBA (P/NOVA TRENTO)"},"geometry":{"type":"LineString","coordinates":[[706641.7,7000378.4],[706682.4,7000294.8],[706669.4,7000169.8],[706723.4,6999860.8],[706819.4,6999709.8],[707040.4,6999495.8],[707181.4,6999189.8],[707227.4,6998982.8],[707221.4,6998783.8],[707389.4,6998516.8],[707875.4,6998245.8],[707990.4,6997963.8],[708202.4,6997834.8],[708347.4,6997590.8],[708280.4,6997299.9],[708144.4,6997049.8],[708274.4,6996554.8],[708243.4,6996337.8],[708106.4,6995949.8],[708148.4,6995705.8],[708114.4,6995497.8],[708176.4,6995111.8],[708087.9,6994868.9],[707947.4,6994733.9],[707916.4,6994516.9],[707812.4,6994383.9],[707638.4,6994275.9],[707611.4,6994109.9],[707537.4,6993954.9],[707588.4,6993790.9],[707704.4,6993653.9],[707764.4,6993506.9],[707839.4,6993459.9],[707935.4,6993475.9],[707970.4,6993519.9],[707965.4,6993696.9],[707993.4,6993738.9],[708134.4,6993784.9],[708227.4,6993728.9],[708223.4,6993388.9],[708460.4,6993005.9],[708531.4,6992608.9],[708512.4,6992504.9],[708378.4,6992322.9],[708479.4,6992126.9],[708445.4,6991975.9],[708582.3,6991779.9],[708740.3,6991658.8],[708870.3,6991459.8],[708849.3,6991315.8],[708870.3,6991172.8],[709016.3,6990813.8],[708947.3,6990322.8],[708757.3,6989990.8],[708618.3,6989809.8],[708546.3,6989591.8],[708380.3,6989405.8],[708238.4,6989088.9],[708197.3,6988852.8],[708255.3,6988652.8],[708248.3,6988444.6]]}},{"type":"Feature","properties":{"rodovia":"SC-108","kmInicial":139.777,"kmFinal":149.101,"situacao":"PAV","revestimento":"CA","nome":"ENTR. ACESSO NORTE DISTRITO CLARAÍBA (P/NOVA TRENTO) → ENTR. SC-410 (P/ NOVA TRENTO)"},"geometry":{"type":"LineString","coordinates":[[708248.6,6988443.6],[708699.3,6987917.6],[709304.3,6987363.6],[709558.3,6987205.6],[710051.3,6987046.6],[710188.3,6986907.6],[710235.3,6986910.6],[710384.3,6987005.6],[710485.3,6986959.6],[710493.3,6986868.6],[710304.3,6986513.6],[710294.3,6986448.6],[710352.3,6986284.6],[710323.3,6986072.6],[710397.3,6985738.6],[710614.3,6985232.6],[710739.3,6985202.6],[711565.3,6985370.6],[711653.3,6985354.6],[711691.3,6985317.6],[711712.3,6985259.6],[711696.3,6985050.6],[711731.3,6984934.6],[711989.3,6984513.6],[712200.3,6984304.6],[712238.3,6984182.6],[712200.3,6984039.6],[712224.3,6983939.6],[712629.3,6983366.6],[712449.3,6982209.1]]}},{"type":"Feature","properties":{"rodovia":"SC-108","kmInicial":149.102,"kmFinal":150.008,"situacao":"PAV","revestimento":"CA","nome":"ENTR. SC-410 (P/ NOVA TRENTO) → ENTR. SC-410 (P/ CANELINHA)"},"geometry":{"type":"LineString","coordinates":[[712450.0,6982208.8],[712617.3,6982211.5],[713132.3,6982307.6],[713321.3,6982374.5]]}},{"type":"Feature","properties":{"rodovia":"SC-108","kmInicial":150.009,"kmFinal":151.498,"situacao":"PAV","revestimento":"CA","nome":"ENTR. SC-410 (P/ CANELINHA) → SÃO JOÃO BATISTA"},"geometry":{"type":"LineString","coordinates":[[713322.2,6982374.2],[713346.6,6982363.6],[713171.9,6981892.6],[713134.9,6981845.0],[712931.1,6981757.7],[712837.6,6981687.5],[712753.6,6981138.7]]}},{"type":"Feature","properties":{"rodovia":"SC-108","kmInicial":151.499,"kmFinal":177.478,"situacao":"PAV","revestimento":"CA","nome":"SÃO JOÃO BATISTA → MAJOR GERCINO (ENTR. SC-408)"},"geometry":{"type":"LineString","coordinates":[[712753.1,6981137.8],[712479.8,6980857.1],[712408.9,6980724.7],[712308.9,6980463.4],[712251.9,6979999.9],[711979.7,6979652.3],[711698.2,6978957.0],[711672.5,6978774.4],[711686.8,6978679.6],[711860.7,6978432.9],[712009.1,6977788.4],[712104.0,6977759.4],[712366.2,6977815.7],[712435.6,6977776.5],[712519.1,6977674.9],[712583.0,6977397.0],[712554.1,6977247.5],[712561.8,6977060.2],[712478.3,6976892.9],[712413.2,6976856.7],[712124.7,6976906.1],[711892.7,6976901.1],[711643.9,6976821.1],[711234.7,6976835.3],[711085.4,6976801.8],[710907.9,6976698.1],[710390.1,6976284.7],[710199.7,6976073.9],[710138.7,6975936.6],[710090.0,6975891.8],[709784.3,6975859.7],[709334.7,6975935.8],[708952.6,6975704.3],[708597.0,6975400.3],[708275.0,6975250.5],[708203.5,6974953.8],[707774.3,6974615.4],[707616.7,6974306.1],[706972.6,6973783.5],[706920.0,6973613.5],[706953.4,6973499.6],[707006.1,6973443.9],[707463.2,6973207.0],[707718.3,6972549.6],[707712.7,6972313.5],[707662.7,6972072.3],[707703.0,6971840.5],[707782.6,6971770.1],[707989.3,6971764.3],[708134.7,6971653.4],[708407.7,6971267.4],[708352.3,6971115.2],[708210.8,6971018.8],[707568.5,6970999.1],[707337.4,6970939.6],[707124.3,6970724.9],[706972.6,6970504.3],[706934.4,6970383.9],[706930.0,6970161.4],[706880.9,6970067.4],[706806.6,6970004.4],[706605.5,6969975.6],[706021.3,6970197.0],[705877.6,6970204.8],[705762.8,6970129.6],[705700.9,6969965.8],[705518.2,6969750.2],[705270.5,6969654.2],[705106.1,6969548.5],[705032.3,6969545.4],[704800.2,6969630.7],[704627.9,6969566.6],[704585.6,6969500.7],[704576.1,6969416.2],[704629.1,6969231.8],[704757.5,6968954.7],[704756.0,6968760.3],[704728.3,6968686.4],[704391.1,6968398.2],[704238.0,6968305.9],[704111.2,6967953.8],[704112.1,6967820.9],[703929.0,6967544.3],[703689.5,6967286.7],[703603.8,6966999.5],[703463.8,6966911.5],[703269.3,6966580.2],[703059.6,6966453.2],[702875.2,6966178.9],[702562.0,6965932.4],[702420.6,6965680.8],[702083.4,6965328.2],[702011.6,6965115.7],[701904.7,6965025.9]]}},{"type":"Feature","properties":{"rodovia":"SC-108","kmInicial":177.479,"kmFinal":178.598,"situacao":"PAV","revestimento":"CA","nome":"MAJOR GERCINO (ENTR. SC-408) → FIM PERÍMETRO URBANO DE MAJOR GERCINO"},"geometry":{"type":"LineString","coordinates":[[701904.0,6965025.3],[701687.4,6964749.9],[701543.9,6964669.4],[701368.9,6964625.4],[701109.1,6964344.2]]}},{"type":"Feature","properties":{"rodovia":"SC-108","kmInicial":178.599,"kmFinal":182.746,"situacao":"EOP","revestimento":"","nome":"FIM PERÍMETRO URBANO DE MAJOR GERCINO → DIVISA DE MUNICÍPIOS MAJOR GERCINO/ANGELINA"},"geometry":{"type":"LineString","coordinates":[[701108.8,6964343.2],[701044.9,6964292.4],[700967.4,6964287.4],[700976.8,6964221.4],[700897.9,6964177.5],[700889.4,6964070.4],[700779.4,6964000.9],[700733.9,6964056.9],[700640.9,6963989.4],[700624.0,6963956.8],[700664.4,6963850.9],[700591.9,6963780.4],[700680.9,6963708.4],[700729.9,6963623.4],[700716.9,6963518.4],[700770.9,6963481.4],[700777.1,6963440.3],[700866.9,6963417.4],[700965.9,6963290.5],[700915.4,6963267.9],[700914.9,6963208.5],[700859.4,6963186.4],[700839.9,6963094.4],[700728.9,6962921.4],[700720.0,6962838.4],[700789.3,6962788.5],[700785.9,6962752.4],[700682.9,6962688.4],[700547.9,6962508.5],[700601.4,6962388.4],[700528.9,6962345.4],[700516.9,6962281.4],[700590.9,6962164.5],[700496.9,6962083.4],[700540.9,6962025.4],[700695.9,6962109.4],[700764.9,6962078.4],[700849.9,6962119.4],[700853.9,6962020.5],[700972.2,6961927.5]]}},{"type":"Feature","properties":{"rodovia":"SC-108","kmInicial":182.747,"kmFinal":186.236,"situacao":"EOP","revestimento":"","nome":"DIVISA DE MUNICÍPIOS DE MAJOR GERCINO/ANGELINA → ENTR. SC-407 (P/ ANTÔNIO CARLOS)"},"geometry":{"type":"LineString","coordinates":[[700972.3,6961926.5],[700956.9,6961875.4],[700882.9,6961840.4],[700924.9,6961691.4],[700845.9,6961571.4],[700865.9,6961523.4],[700929.9,6961494.4],[700957.9,6961416.4],[701010.9,6961388.9],[700964.9,6961345.4],[700952.9,6961276.5],[700975.9,6961210.4],[700950.9,6961160.4],[700962.9,6961075.4],[700992.4,6961023.9],[700912.9,6960961.4],[700892.9,6960896.4],[700808.9,6960812.4],[700673.9,6960801.9],[700433.9,6960617.4],[700309.9,6960578.4],[700255.9,6960439.4],[700411.9,6960410.9],[700374.4,6960290.4],[700422.9,6960261.4],[700477.4,6960117.4],[700576.9,6960168.4],[700619.9,6960158.4],[700580.9,6960036.4],[700596.9,6960011.4],[700736.9,6959970.4],[700916.9,6959976.4],[700925.1,6959936.4]]}},{"type":"Feature","properties":{"rodovia":"SC-108","kmInicial":186.237,"kmFinal":188.345,"situacao":"EOP","revestimento":"CA","nome":"ENTR. SC-407 (P/ ANTÔNIO CARLOS) → PONTE SOBRE RIO CONGONHAS"},"geometry":{"type":"LineString","coordinates":[[700924.1,6959936.2],[700831.4,6959918.4],[700772.9,6959832.4],[700536.9,6959650.4],[700436.9,6959645.4],[700375.9,6959598.4],[700361.9,6959546.4],[700427.9,6959396.4],[700431.9,6959321.4],[700376.9,6959202.4],[700262.9,6959088.4],[699933.9,6958873.4],[699788.9,6958812.4],[699517.5,6958764.8]]}},{"type":"Feature","properties":{"rodovia":"SC-108","kmInicial":188.346,"kmFinal":188.49,"situacao":"EOP","revestimento":"","nome":"PONTE SOBRE RIO CONGONHAS → JURISDIÇÃO SIE FINAL (DISTRITO GARCIA)"},"geometry":{"type":"LineString","coordinates":[[699516.6,6958764.5],[699381.0,6958718.5]]}},{"type":"Feature","properties":{"rodovia":"SC-108","kmInicial":191.02,"kmFinal":204.174,"situacao":"EOP","revestimento":"","nome":"JURISDIÇÃO SIE INICIAL (DISTRITO GARCIA) → ANGELINA (ENTR. SC-281)"},"geometry":{"type":"LineString","coordinates":[[698097.1,6956767.3],[698151.9,6956635.4],[698273.9,6956534.4],[698376.9,6956393.4],[698396.9,6956119.4],[698285.9,6955968.4],[698001.9,6955934.4],[697844.9,6955842.4],[697742.8,6955716.4],[697496.8,6955102.4],[697501.8,6954989.4],[697399.8,6954837.4],[697290.9,6954761.5],[697134.8,6954521.4],[697120.8,6954369.4],[697070.9,6954259.5],[697078.8,6954096.4],[696835.8,6953763.4],[696832.8,6953705.4],[696910.5,6953690.5],[696851.8,6953556.4],[696895.8,6953410.4],[696774.8,6953439.4],[696732.8,6953385.4],[696763.8,6953158.4],[696882.3,6953087.4],[696847.8,6952998.4],[696884.3,6952924.4],[696848.8,6952881.4],[696849.3,6952828.9],[696956.3,6952808.0],[697120.3,6952861.4],[697137.8,6952828.4],[697125.8,6952641.4],[696946.8,6952348.5],[696979.8,6952196.4],[697105.8,6952137.4],[697103.8,6951946.4],[697128.8,6951895.9],[697088.9,6951860.5],[697050.8,6951907.4],[696943.8,6951929.4],[696891.8,6951860.4],[696951.8,6951740.4],[696883.9,6951630.5],[696926.8,6951562.4],[696913.8,6951255.4],[696923.8,6951221.4],[697078.9,6951265.4],[697104.8,6951251.4],[697107.8,6951069.5],[697201.8,6951021.4],[697296.8,6950916.4],[697333.8,6950770.4],[697578.8,6950754.4],[697595.8,6950730.4],[697565.8,6950647.4],[697606.8,6950570.4],[697705.8,6950574.4],[697777.8,6950524.4],[697873.8,6950533.4],[697956.8,6950371.4],[698048.8,6950333.4],[698202.8,6950185.4],[698283.8,6949885.4],[698346.8,6949778.4],[698482.8,6949746.4],[698627.8,6949768.4],[698796.8,6949745.4],[699103.8,6949538.4],[699112.8,6949474.4],[698963.8,6949228.4],[698988.8,6948996.4],[698969.8,6948744.4],[699033.8,6948601.4],[698970.8,6948509.4],[699029.8,6948269.4],[699102.8,6948138.4],[699094.8,6947842.4],[699016.0,6947535.3]]}},{"type":"Feature","properties":{"rodovia":"SC-108","kmInicial":204.175,"kmFinal":217.445,"situacao":"PAV","revestimento":"CA","nome":"ANGELINA (ENTR. SC-281) → RANCHO QUEIMADO (ENTR. BR-282)"},"geometry":{"type":"LineString","coordinates":[[699015.8,6947534.3],[698995.8,6947100.4],[698855.8,6946722.4],[698828.8,6946526.4],[698866.8,6946311.4],[698816.8,6946129.4],[698874.8,6946012.4],[698832.8,6945898.4],[698876.8,6945804.4],[698848.8,6945702.4],[698874.8,6945618.4],[698738.8,6945401.4],[698688.8,6945162.4],[698703.8,6945026.4],[698662.8,6944914.4],[698538.8,6944730.4],[698322.8,6944229.4],[698200.8,6944118.4],[698193.8,6944030.4],[698248.8,6943838.4],[698179.8,6943643.4],[698227.8,6943513.5],[698107.8,6943355.4],[698098.8,6943194.4],[697933.8,6942895.4],[697892.8,6942645.4],[697953.7,6942573.5],[698093.8,6942571.4],[698117.8,6942462.4],[698201.8,6942402.4],[698234.8,6942220.4],[698340.8,6941914.4],[698483.8,6941676.4],[698460.8,6941592.4],[698378.8,6941507.4],[698376.8,6941449.4],[698514.8,6941217.4],[698664.8,6941189.4],[698683.8,6941163.4],[698702.8,6940967.5],[698560.8,6940877.4],[698528.7,6940713.4],[698624.7,6940518.4],[698659.7,6940360.4],[698747.7,6940300.4],[698826.7,6940065.4],[698845.7,6939853.4],[698770.7,6939701.4],[698569.7,6939619.4],[698488.2,6939540.9],[698368.7,6939492.4],[698313.7,6939267.4],[698327.7,6939156.4],[698261.7,6939097.4],[698221.7,6938963.4],[698079.8,6938747.5],[697951.7,6938621.4],[697914.7,6938349.4],[697790.4,6938111.7],[697714.4,6938045.5],[697582.3,6938066.7],[697453.3,6937972.3],[697325.7,6937714.4],[697343.2,6937368.9],[697099.7,6937034.5],[696918.7,6936979.5],[696837.7,6936872.5],[696743.2,6936826.4],[696707.2,6936756.1],[696629.0,6936700.7],[696689.0,6936589.2],[696655.9,6936563.5]]}},{"type":"Feature","properties":{"rodovia":"SC-108","kmInicial":217.446,"kmFinal":252.245,"situacao":"PAV","revestimento":"CA","nome":"RANCHO QUEIMADO (ENTR. BR-282) → ANITÁPOLIS"},"geometry":{"type":"LineString","coordinates":[[696655.0,6936563.0],[696459.1,6936323.0],[696415.7,6936138.1],[696331.3,6936039.8],[696281.8,6935823.7],[696134.6,6935557.6],[696183.3,6935399.6],[696171.0,6935114.4],[696092.4,6934834.7],[696178.4,6934607.1],[696075.4,6934409.5],[696047.3,6934222.3],[695945.6,6933925.0],[695943.5,6933656.1],[695906.6,6933496.9],[695961.8,6933282.1],[695928.3,6933066.5],[695956.9,6932746.8],[695907.5,6932654.3],[695726.9,6932512.1],[695664.1,6932358.8],[695672.8,6932188.9],[695782.2,6931933.4],[695720.5,6931689.1],[695667.4,6931594.4],[695539.7,6931471.4],[695371.1,6931016.2],[695243.4,6930877.2],[695120.2,6930666.4],[694843.2,6930551.7],[694192.4,6930452.3],[694131.7,6930463.2],[694025.3,6930562.6],[693934.6,6930563.3],[693886.3,6930528.6],[693764.1,6930271.9],[693769.6,6930014.7],[693813.5,6929815.7],[693755.5,6929693.3],[693695.6,6929368.2],[693718.6,6929129.2],[693649.9,6928985.5],[693595.3,6928733.9],[693652.2,6928434.9],[693474.4,6927910.8],[693357.9,6927761.0],[693272.5,6927567.3],[693190.4,6927082.9],[693192.6,6926775.7],[693074.4,6926559.7],[693070.7,6926389.2],[692960.9,6925927.2],[692922.2,6925472.5],[692864.1,6925235.4],[692835.9,6924734.7],[692691.1,6924467.4],[692725.3,6924093.7],[692710.9,6923863.8],[692664.4,6923721.8],[692580.5,6923605.7],[692594.1,6923343.9],[692500.2,6922900.5],[692509.2,6922695.7],[692435.8,6922403.8],[692445.2,6921820.7],[692342.1,6921650.1],[692257.9,6921331.1],[692196.1,6921213.4],[692168.1,6920915.8],[692072.9,6920645.0],[692002.8,6920153.0],[691891.0,6919824.3],[691885.1,6919684.6],[691808.2,6919577.7],[691813.1,6919463.8],[691891.7,6919301.2],[691859.9,6919159.1],[691913.2,6918738.4],[691675.5,6918339.1],[691623.4,6918156.5],[691453.5,6917948.3],[691399.5,6917716.9],[691410.9,6917502.2],[691336.7,6917358.0],[691441.2,6917058.1],[691329.9,6916871.9],[691377.3,6916661.0],[691342.9,6916467.8],[691142.2,6916272.7],[690897.6,6916356.8],[690834.5,6916250.2],[690676.1,6916096.7],[690572.2,6916072.4],[690375.8,6915881.4],[690315.0,6915786.8],[690154.5,6915687.6],[690084.1,6915527.5],[689917.1,6915328.0],[689984.9,6915099.0],[689964.6,6915055.5],[689714.2,6914985.1],[689683.0,6915045.7],[689725.4,6915181.3],[689646.2,6915278.5],[689663.2,6915328.7],[689796.1,6915395.5],[689823.2,6915498.5],[689916.6,6915552.8],[689926.3,6915615.6],[689899.3,6915665.0],[689780.3,6915678.0],[689459.3,6915586.6],[689431.3,6915608.0],[689428.1,6915688.0],[689390.5,6915706.9],[689222.8,6915577.7],[688998.9,6915526.6],[688825.9,6915352.2],[688643.8,6915351.9],[688572.8,6915242.0],[688432.2,6915173.7],[688275.6,6915013.6],[688190.7,6914970.2],[688098.3,6914831.8],[687950.9,6914737.0],[687847.4,6914608.7],[687794.6,6914625.8],[687812.0,6914740.5],[687776.3,6914775.4],[687686.7,6914724.3],[687563.7,6914711.7],[687479.6,6914659.9],[687402.7,6914564.8],[687278.2,6914544.5],[687125.6,6914430.8],[686968.9,6914409.1],[686844.1,6914288.8],[686560.9,6914283.9],[686498.9,6914245.5],[686489.0,6914199.8],[686530.7,6914166.5],[686634.8,6914167.6],[686611.0,6914042.8],[686537.5,6914024.6],[686262.1,6914048.7],[686197.4,6914028.4],[685904.6,6913701.0],[685698.8,6913563.0],[685524.7,6913549.6],[685454.2,6913454.3],[685242.3,6913319.1],[685205.3,6913321.7],[685128.3,6913426.9],[684727.0,6913381.0],[684535.4,6913141.4],[684414.7,6912849.0],[684352.5,6912806.5],[684217.0,6912818.0],[684138.7,6912748.0],[684204.1,6912549.5],[684211.2,6912370.8],[684300.7,6912286.5],[684346.8,6912196.5],[684293.1,6912145.5],[684259.9,6912170.4],[684213.5,6912123.5]]}},{"type":"Feature","properties":{"rodovia":"SC-108","kmInicial":252.246,"kmFinal":269.949,"situacao":"EOP","revestimento":"","nome":"ANITÁPOLIS → DIVISA DE MUNICÍPIOS ANITÁPOLIS/SANTA ROSA DE LIMA"},"geometry":{"type":"LineString","coordinates":[[684212.7,6912122.7],[684105.1,6912012.1],[684134.9,6911972.1],[683961.6,6911856.9],[683895.6,6911736.9],[683939.6,6911438.9],[683760.1,6911317.4],[683877.6,6911196.9],[683872.6,6911170.9],[683797.6,6911159.9],[683766.6,6911118.9],[683811.6,6910958.9],[683974.6,6910816.9],[683885.6,6910712.9],[683783.6,6910699.9],[683684.6,6910641.9],[683625.6,6910543.9],[683782.7,6910126.6],[683939.6,6909967.9],[683951.2,6909884.2],[683902.6,6909718.9],[684158.6,6909386.9],[684114.6,6909276.9],[683947.6,6909057.9],[683981.6,6908775.9],[683938.6,6908618.9],[683911.6,6908201.9],[683848.6,6908002.8],[683869.6,6907983.9],[684077.6,6908001.9],[684306.6,6908103.9],[684371.6,6908070.9],[684378.6,6907960.9],[684259.6,6907686.0],[684329.6,6907572.9],[684352.6,6907447.9],[684323.6,6907363.9],[684361.6,6907237.9],[684395.6,6907212.9],[684486.6,6907219.9],[684571.6,6907271.9],[684702.6,6907203.9],[684703.6,6907133.9],[684761.6,6907052.9],[684739.6,6906928.9],[684829.6,6906535.9],[684951.5,6906385.9],[684995.5,6906369.9],[685074.5,6906431.9],[685103.1,6906504.4],[685208.5,6906533.9],[685366.5,6906472.9],[685389.5,6906320.0],[685329.5,6906288.9],[685276.5,6906125.9],[685393.5,6905995.9],[685413.5,6905822.0],[685480.5,6905646.0],[685543.5,6905600.0],[685653.5,6905593.0],[685710.5,6905538.0],[685715.5,6905457.0],[685674.5,6905347.0],[685700.5,6905194.0],[685797.5,6905137.0],[685812.6,6905061.0],[685961.5,6905102.0],[686086.5,6905078.0],[686178.5,6905100.0],[686345.5,6905019.0],[686432.5,6904932.0],[686354.5,6904814.0],[686522.6,6904639.0],[686721.5,6904658.0],[686821.5,6904625.0],[686904.5,6904661.0],[686978.5,6904631.0],[687053.5,6904493.0],[687114.5,6904447.0],[687115.5,6904337.0],[686977.5,6904161.0],[686922.5,6904033.0],[687056.5,6903906.0],[687117.5,6903716.0],[687268.5,6903655.0],[687098.5,6903482.0],[686982.5,6903475.0],[686946.5,6903444.1],[686876.5,6903473.0],[686764.5,6903422.0],[686698.5,6903152.0],[686708.5,6903080.0],[686562.5,6902909.0],[686549.5,6902847.0],[686517.5,6902875.5],[686258.5,6902768.0],[686348.0,6902612.6],[686291.4,6902592.6],[686253.5,6902614.0],[686162.5,6902531.0],[686085.5,6902501.0],[685886.5,6902509.0],[685751.5,6902325.0],[685569.3,6902217.7],[685337.5,6901901.0],[685363.5,6901487.0],[685451.5,6901165.0],[685532.5,6901040.0],[685483.4,6900872.8]]}},{"type":"Feature","properties":{"rodovia":"SC-108","kmInicial":269.95,"kmFinal":275.906,"situacao":"EOP","revestimento":"","nome":"DIVISA DE MUNICÍPIOS DE ANITÁPOLIS/SANTA ROSA DE LIMA → SANTA ROSA DE LIMA"},"geometry":{"type":"LineString","coordinates":[[685482.8,6900872.1],[685285.5,6900654.0],[685293.5,6900547.0],[685351.5,6900525.5],[685337.5,6900378.0],[685298.5,6900323.1],[685215.5,6900347.0],[685147.5,6900266.0],[685146.5,6900217.0],[685039.5,6900193.0],[684943.5,6900119.1],[684937.5,6900036.1],[684901.5,6900056.0],[684825.5,6900038.0],[684692.5,6899947.1],[684568.5,6899794.0],[684463.5,6899752.0],[684367.5,6899658.0],[684353.5,6899594.0],[684305.5,6899561.0],[684283.5,6899502.0],[684324.5,6899341.0],[684218.5,6899245.0],[684208.5,6899183.0],[684351.5,6899056.0],[684404.5,6898961.0],[684416.5,6898863.0],[684538.5,6898739.0],[684514.5,6898648.0],[684449.5,6898587.1],[684455.5,6898448.0],[684499.5,6898423.0],[684544.5,6898329.0],[684661.5,6898299.0],[684622.5,6898246.0],[684626.5,6898182.0],[684684.5,6898118.0],[684693.5,6898010.0],[684817.5,6897791.0],[685045.4,6897713.0],[684964.5,6897603.0],[684979.5,6897552.0],[684958.5,6897505.0],[684771.5,6897419.0],[684648.5,6897255.0],[684320.5,6897034.0],[684195.7,6897007.4]]}},{"type":"Feature","properties":{"rodovia":"SC-108","kmInicial":275.907,"kmFinal":293.087,"situacao":"PAV","revestimento":"CA","nome":"SANTA ROSA DE LIMA → RIO FORTUNA (ENTR. SC-436)"},"geometry":{"type":"LineString","coordinates":[[684194.7,6897007.3],[684027.6,6897019.5],[683920.1,6896897.8],[683915.9,6896848.1],[683988.7,6896761.5],[684118.5,6896717.0],[684411.0,6896497.6],[684613.6,6896245.5],[684657.0,6895973.9],[684571.9,6895887.1],[684354.7,6895787.7],[683843.6,6895752.0],[683568.7,6895629.1],[683526.9,6895424.7],[683628.7,6895251.9],[683681.0,6894951.7],[683766.2,6894816.1],[683744.8,6894594.7],[683465.8,6894306.3],[683340.2,6893900.8],[683354.0,6893787.4],[683414.5,6893660.6],[683410.5,6893531.7],[683373.3,6893467.3],[683330.1,6893451.3],[682941.8,6893459.9],[682887.4,6893439.0],[682606.5,6893100.7],[682602.9,6892923.5],[682460.1,6892847.9],[682423.6,6892742.7],[682502.5,6892504.7],[682802.4,6892364.7],[682801.2,6892234.5],[682711.5,6892052.3],[682751.2,6891825.4],[683073.8,6891453.5],[683065.0,6891244.0],[683090.2,6891181.0],[683486.3,6890984.8],[683562.4,6890807.2],[683712.8,6890766.8],[683833.1,6890682.0],[683944.8,6890515.7],[684036.0,6890512.6],[684274.3,6890660.2],[684546.8,6890537.7],[684586.5,6890492.1],[684550.2,6890275.0],[684657.4,6890121.1],[684622.8,6889951.3],[684563.6,6889892.7],[684449.2,6889893.2],[684377.1,6889849.0],[684315.4,6889606.0],[684166.3,6889390.3],[684121.0,6889368.5],[683992.4,6889376.4],[683821.2,6889208.1],[683789.9,6889053.8],[683812.0,6888950.2],[683796.2,6888832.2],[683850.8,6888688.4],[683939.0,6888610.4],[684014.5,6888615.5],[684151.8,6888680.8],[684393.6,6888659.2],[684547.7,6888745.7],[684765.5,6888698.1],[684818.6,6888647.8],[684814.9,6888508.9],[684746.6,6888307.3],[684759.9,6887969.6],[684675.1,6887804.7],[684628.1,6887292.8],[684736.8,6886645.4],[685011.3,6886130.0],[685051.0,6885897.2],[684994.4,6885695.6]]}},{"type":"Feature","properties":{"rodovia":"SC-108","kmInicial":293.088,"kmFinal":312.289,"situacao":"PAV","revestimento":"CA","nome":"RIO FORTUNA (ENTR. SC-436) → BRAÇO DO NORTE (ENTR. SC-370)"},"geometry":{"type":"LineString","coordinates":[[684994.1,6885694.6],[684857.3,6885281.0],[684888.3,6885010.0],[684861.3,6884536.0],[684716.3,6884175.0],[684523.3,6883955.0],[684456.3,6883828.0],[684473.3,6883548.0],[684426.3,6883204.1],[684187.3,6883026.0],[683578.3,6882934.0],[683438.3,6882885.0],[683232.3,6882943.5],[683147.3,6882918.0],[683087.3,6882815.0],[683111.3,6882617.0],[683094.3,6882485.0],[682908.3,6882315.0],[682758.3,6882091.0],[682638.3,6881982.0],[682234.3,6881657.0],[681726.3,6881412.0],[681470.3,6881171.0],[681357.3,6881147.0],[681093.3,6881184.0],[680903.3,6881096.0],[680675.3,6880868.0],[680583.3,6880738.0],[680475.3,6880231.0],[679998.3,6879493.0],[679979.3,6879413.0],[680002.3,6879165.0],[679962.3,6878951.0],[680054.2,6878549.1],[680011.3,6878285.0],[680053.3,6878155.0],[680196.3,6877953.0],[680215.3,6877859.0],[680037.3,6877477.0],[679806.3,6877188.0],[679804.3,6876789.0],[679827.2,6876684.0],[679956.2,6876478.0],[679951.2,6876313.0],[680053.2,6875943.0],[680313.2,6875633.0],[680334.2,6875225.0],[680266.2,6874825.0],[680324.2,6874646.0],[680517.2,6874394.0],[680537.2,6874263.0],[680379.2,6873984.0],[680311.2,6873929.0],[679691.2,6873920.0],[679539.2,6873840.0],[679456.2,6873744.0],[679225.2,6873222.0],[679173.2,6872493.0],[679097.2,6872356.0],[678952.2,6872200.0],[678885.2,6871996.0],[678939.2,6871878.0],[679624.5,6871105.7]]}},{"type":"Feature","properties":{"rodovia":"SC-108","kmInicial":312.29,"kmFinal":313.939,"situacao":"PAV","revestimento":"CA","nome":"BRAÇO DO NORTE (ENTR. SC-370) → ENTR. SC-370 (P/ GRAVATAL)"},"geometry":{"type":"LineString","coordinates":[[679624.9,6871105.3],[680705.1,6869891.2]]}},{"type":"Feature","properties":{"rodovia":"SC-108","kmInicial":313.94,"kmFinal":319.585,"situacao":"PAV","revestimento":"CA","nome":"ENTR. SC-370 (P/ GRAVATAL) → JURISDIÇÃO SIE FINAL (SÃO LUDGERO)"},"geometry":{"type":"LineString","coordinates":[[680705.7,6869890.4],[681066.2,6869480.0],[681107.2,6869396.0],[681484.2,6867717.0],[681497.1,6867541.0],[681462.1,6867288.0],[680907.1,6865936.0],[680525.1,6865655.0],[679601.9,6865591.6]]}},{"type":"Feature","properties":{"rodovia":"SC-108","kmInicial":322.262,"kmFinal":333.255,"situacao":"PAV","revestimento":"CA","nome":"JURISDIÇÃO SIE INICIAL (SÃO LUDGERO) → ORLEANS (ENTR. NORTE SC-390)"},"geometry":{"type":"LineString","coordinates":[[677151.1,6865204.2],[676859.1,6865177.0],[675750.1,6864711.0],[675124.1,6864194.0],[674481.1,6863975.0],[674119.1,6863763.0],[674035.1,6863691.0],[673993.1,6863609.0],[673937.1,6863148.0],[673713.1,6862903.0],[673614.1,6862836.0],[673129.1,6862712.0],[672558.1,6862734.0],[672095.1,6862579.0],[671851.1,6862437.0],[671739.1,6862418.0],[671602.1,6862440.0],[671054.1,6862647.0],[670874.1,6862672.0],[670708.1,6862666.0],[670512.1,6862619.0],[670067.1,6862352.0],[669951.1,6862312.0],[669266.1,6862483.0],[669143.1,6862483.0],[668978.1,6862392.0],[668872.1,6862284.0],[668629.1,6861890.0],[668480.1,6861720.0],[668030.1,6861448.0],[667945.7,6861318.3]]}},{"type":"Feature","properties":{"rodovia":"SC-108","kmInicial":333.256,"kmFinal":333.611,"situacao":"PAV","revestimento":"CA","nome":"ORLEANS (ENTR. NORTE SC-390) → ORLEANS (ENTR. SUL SC-390)"},"geometry":{"type":"LineString","coordinates":[[667946.0,6861317.4],[667988.3,6860966.6]]}},{"type":"Feature","properties":{"rodovia":"SC-108","kmInicial":333.612,"kmFinal":350.659,"situacao":"PAV","revestimento":"CA","nome":"ORLEANS (ENTR. SC-390) → URUSSANGA (ENTR. SC-440)"},"geometry":{"type":"LineString","coordinates":[[667988.5,6860965.6],[668067.1,6860777.0],[668418.1,6860492.0],[668492.1,6860401.0],[668548.1,6860035.0],[668632.1,6859788.0],[668636.1,6859634.0],[668589.1,6859526.0],[668500.1,6859439.0],[668063.1,6859287.0],[667905.1,6859201.0],[667777.1,6859089.0],[667616.1,6858850.0],[667464.1,6858424.0],[667285.1,6858183.0],[667147.1,6857154.0],[667158.1,6856636.0],[666854.1,6855744.0],[666774.1,6854870.0],[666670.1,6854544.0],[666583.1,6854078.0],[666152.1,6852570.0],[665611.0,6851614.0],[665256.0,6850505.0],[665270.0,6849858.0],[665211.0,6849697.0],[665167.0,6849379.9],[664993.0,6849010.9],[664939.0,6848803.9],[664969.0,6848406.9],[665049.0,6848007.9],[665064.0,6847676.9],[665048.0,6847534.9],[664920.0,6847264.9],[664901.0,6847127.9],[664933.0,6846946.9],[665029.0,6846734.9],[665075.0,6846382.9],[664957.0,6846123.0],[664790.0,6845867.9],[664823.8,6845430.1]]}},{"type":"Feature","properties":{"rodovia":"SC-108","kmInicial":350.66,"kmFinal":352.392,"situacao":"PAV","revestimento":"CA","nome":"URUSSANGA (ENTR. SC-440) → URUSSANGA (ENTR. NORTE SC-445)"},"geometry":{"type":"LineString","coordinates":[[664823.8,6845429.1],[664783.0,6845150.9],[664877.0,6844851.9],[664846.0,6844685.9],[664748.0,6844501.9],[664620.0,6844041.9],[664624.7,6843734.0]]}},{"type":"Feature","properties":{"rodovia":"SC-108","kmInicial":352.393,"kmFinal":353.29,"situacao":"PAV","revestimento":"CA","nome":"URUSSANGA (ENTR. NORTE SC-445) → URUSSANGA (ENTR. SUL SC-445)"},"geometry":{"type":"LineString","coordinates":[[664624.8,6843733.0],[664675.0,6843306.9],[664593.1,6842855.1]]}},{"type":"Feature","properties":{"rodovia":"SC-108","kmInicial":353.291,"kmFinal":361.05,"situacao":"EOD","revestimento":"CA","nome":"URUSSANGA (ENTR. SUL SC-445) → JURISDIÇÃO SIE FINAL (COCAL DO SUL)"},"geometry":{"type":"LineString","coordinates":[[664593.2,6842854.2],[664541.0,6842067.9],[664548.0,6841474.9],[664567.0,6841356.9],[664657.0,6841149.9],[664623.0,6841071.9],[664445.0,6840905.9],[664335.0,6840632.9],[664427.0,6839983.9],[664373.0,6839414.9],[664229.0,6838956.9],[664155.0,6838388.9],[663998.0,6838163.9],[663949.0,6837975.9],[664258.0,6836844.9],[664240.0,6836476.7],[664210.0,6836339.9],[664016.0,6835934.9],[663929.6,6835454.2]]}},{"type":"Feature","properties":{"rodovia":"SC-108","kmInicial":362.402,"kmFinal":362.496,"situacao":"EOD","revestimento":"CA","nome":"JURISDIÇÃO SIE INICIAL (COCAL DO SUL) → COCAL DO SUL (ENTR. SC-442)"},"geometry":{"type":"LineString","coordinates":[[663362.4,6834297.8],[663330.5,6834209.8]]}},{"type":"Feature","properties":{"rodovia":"SC-108","kmInicial":362.497,"kmFinal":366.916,"situacao":"EOD","revestimento":"CA","nome":"COCAL DO SUL (ENTR. SC-442) → CRICIÚMA (ENTR. NORTE ANEL RODOVIÁRIO)"},"geometry":{"type":"LineString","coordinates":[[663330.1,6834208.8],[662992.0,6833553.8],[662680.0,6833036.8],[662560.0,6832015.8],[661841.1,6830072.6]]}},{"type":"Feature","properties":{"rodovia":"SC-108","kmInicial":366.917,"kmFinal":371.464,"situacao":"PAV","revestimento":"CA","nome":"CRICIÚMA (ENTR. NORTE ANEL RODOVIÁRIO) → ENTR. SC-443 (P/ MORRO DA FUMAÇA)"},"geometry":{"type":"LineString","coordinates":[[661840.8,6830071.6],[661509.0,6829280.8],[661453.0,6829030.8],[661288.0,6828665.8],[661192.0,6828564.8],[660809.0,6828299.8],[660624.0,6828049.8],[660168.0,6827639.8],[660032.0,6827483.8],[659831.0,6827085.8],[659691.0,6826898.8],[659670.0,6826748.9],[659458.2,6826358.2]]}},{"type":"Feature","properties":{"rodovia":"SC-108","kmInicial":371.465,"kmFinal":372.672,"situacao":"PAV","revestimento":"CA","nome":"ENTR. SC-443 (P/ MORRO DA FUMAÇA) → ENTR. SC-445 (P/ SIDERÓPOLIS)"},"geometry":{"type":"LineString","coordinates":[[659457.3,6826358.5],[659034.0,6826452.8],[658926.0,6826453.8],[658555.0,6826305.8],[658299.1,6826245.5]]}},{"type":"Feature","properties":{"rodovia":"SC-108","kmInicial":372.673,"kmFinal":375.659,"situacao":"PAV","revestimento":"CA","nome":"ENTR. SC-445 (P/ SIDERÓPOLIS) → ENTR. SC-443 (P/ DISTRITO VILA MARIA)"},"geometry":{"type":"LineString","coordinates":[[658298.1,6826245.4],[657948.0,6826224.8],[657823.0,6826188.8],[657400.0,6825876.8],[657315.1,6825739.9],[657308.0,6825471.8],[657244.0,6825338.8],[656333.0,6824428.8]]}},{"type":"Feature","properties":{"rodovia":"SC-108","kmInicial":375.66,"kmFinal":378.202,"situacao":"PAV","revestimento":"CA","nome":"ENTR. SC-443 (P/ DISTRITO VILA MARIA) → CRICIÚMA (ENTR. SUDOESTE ANEL RODOVIÁRIO)"},"geometry":{"type":"LineString","coordinates":[[656332.4,6824428.0],[655901.0,6823989.8],[655794.0,6823763.8],[655780.0,6823572.8],[655856.0,6823006.8],[655790.0,6822662.8],[655854.8,6822358.4],[655875.7,6821999.2]]}},{"type":"Feature","properties":{"rodovia":"SC-108","kmInicial":378.203,"kmFinal":388.145,"situacao":"PAV","revestimento":"CA","nome":"CRICIÚMA (ENTR. SUDOESTE ANEL RODOVIÁRIO) → JURISDIÇÃO SIE FINAL =  FORQUILHINHA (ENTR. SUL SC-446)"},"geometry":{"type":"LineString","coordinates":[[655875.8,6821998.2],[655828.0,6820671.8],[655776.0,6820528.8],[655819.0,6820385.8],[655775.0,6819890.8],[655472.0,6819245.8],[655309.0,6818978.8],[654939.0,6818557.8],[654263.0,6818084.8],[653930.0,6817973.8],[653803.0,6817985.8],[653381.0,6818183.8],[653017.1,6818420.8],[651884.1,6818768.8],[650223.1,6818718.8],[649513.1,6818564.8],[649093.0,6818579.5]]}},{"type":"Feature","properties":{"rodovia":"SC-108","kmInicial":388.585,"kmFinal":406.832,"situacao":"PAV","revestimento":"CA","nome":"JURISDIÇÃO SIE INICIAL = FORQUILHINHA (ENTR. NORTE SC-446) → MELEIRO (ENTR. SC-447)"},"geometry":{"type":"LineString","coordinates":[[648951.5,6818996.0],[648750.1,6818985.8],[648570.1,6818865.8],[648125.1,6818644.8],[643827.1,6815825.8],[639788.1,6813397.8],[639114.1,6812808.8],[638367.1,6812550.8],[635136.0,6810615.8],[634895.0,6810409.8],[634558.0,6809894.8],[634407.0,6809773.8],[634138.0,6809618.8],[634029.0,6809512.8],[633957.0,6809391.8],[633893.3,6809156.6]]}},{"type":"Feature","properties":{"rodovia":"SC-108","kmInicial":406.833,"kmFinal":418.308,"situacao":"PAV","revestimento":"CA","nome":"MELEIRO (ENTR. SC-447) → TURVO (ENTR. SC-285)"},"geometry":{"type":"LineString","coordinates":[[633892.7,6809155.8],[633853.0,6808782.8],[633804.0,6808626.8],[631453.0,6803548.7],[631370.0,6803405.7],[631142.0,6803144.0],[631063.0,6802718.7],[630526.9,6801348.6],[630307.0,6801085.7],[628459.0,6799290.4]]}},{"type":"Feature","properties":{"rodovia":"SC-108","kmInicial":426.436,"kmFinal":439.479,"situacao":"PAV","revestimento":"CA","nome":"ERMO (ENTR. SC-285) → JACINTO MACHADO (ENTR. SC-449)"},"geometry":{"type":"LineString","coordinates":[[632237.9,6792956.7],[630877.9,6792972.7],[630763.9,6793015.7],[630498.9,6793210.7],[630371.9,6793252.7],[629907.9,6793277.7],[629508.9,6793256.7],[629406.9,6793280.7],[628218.9,6794382.7],[628088.9,6794451.7],[627440.9,6794670.7],[627266.9,6794717.7],[627156.9,6794715.7],[626067.9,6794458.7],[624628.9,6794048.7],[621632.9,6792045.7],[621113.9,6791736.6],[620592.0,6791577.7]]}},{"type":"Feature","properties":{"rodovia":"SC-108","kmInicial":439.48,"kmFinal":472.261,"situacao":"EOP","revestimento":"","nome":"JACINTO MACHADO (ENTR. SC-449) → PRAIA GRANDE (ENTR. NORTE SC-290)"},"geometry":{"type":"LineString","coordinates":[[620591.0,6791577.4],[620503.9,6791540.6],[620239.9,6791228.6],[619622.9,6790888.6],[619226.9,6790499.6],[618940.9,6790017.6],[618879.9,6789851.7],[618918.9,6789681.6],[618784.9,6789420.6],[618582.9,6789292.6],[618281.9,6789345.6],[617999.9,6789186.6],[617740.9,6788881.6],[617648.9,6788230.6],[617501.9,6787930.6],[617219.8,6787557.6],[617128.8,6787290.6],[617135.8,6786864.6],[617284.8,6786385.6],[617294.8,6786268.6],[617249.8,6785112.6],[617352.8,6784963.6],[617408.8,6784800.6],[617372.8,6784655.6],[617479.8,6784604.6],[617513.8,6784452.6],[617573.3,6784384.1],[617439.8,6784246.6],[617453.8,6784040.6],[617244.8,6783499.6],[617177.8,6783468.6],[616901.8,6783468.6],[616647.8,6783287.6],[616456.8,6782936.6],[616349.8,6782807.5],[615930.8,6782789.5],[615753.8,6782719.6],[615569.8,6782600.5],[615420.8,6782560.5],[615215.8,6782601.5],[614938.8,6782722.5],[614860.8,6782885.5],[614776.8,6783209.5],[614734.8,6783258.5],[614332.8,6783322.5],[614105.8,6783219.5],[614024.8,6783220.5],[613926.8,6783263.5],[613701.8,6783229.5],[613593.8,6783286.5],[613423.8,6783267.5],[613022.8,6783137.5],[611765.8,6782594.5],[611602.8,6782491.5],[611473.8,6782324.5],[611155.8,6782037.5],[610965.8,6781745.5],[610594.8,6780730.5],[610156.8,6780165.5],[610093.8,6779827.5],[609866.7,6779501.5],[608431.7,6776428.5],[608004.7,6775991.5],[607944.7,6775954.5],[607718.7,6775915.5],[607640.7,6775843.5],[606757.7,6774808.5],[602777.6,6770499.4],[602319.9,6769932.8]]}},{"type":"Feature","properties":{"rodovia":"SC-108","kmInicial":472.262,"kmFinal":472.724,"situacao":"PAV","revestimento":"CA","nome":"PRAIA GRANDE (ENTR. NORTE SC-290) → PRAIA GRANDE (ENTR. SUL SC-290)"},"geometry":{"type":"LineString","coordinates":[[602318.9,6769932.6],[602039.7,6769607.5],[602027.6,6769559.4]]}},{"type":"Feature","properties":{"rodovia":"SC-110","kmInicial":1.914,"kmFinal":13.67,"situacao":"PAV","revestimento":"CA","nome":"DISTRITO BATEIAS DE BAIXO → CAMPO ALEGRE (ENTR. SC-418)"},"geometry":{"type":"LineString","coordinates":[[674274.8,7113227.2],[674068.3,7112854.3],[674008.6,7112591.2],[673796.9,7112379.1],[673788.8,7112199.6],[673731.0,7111953.5],[673752.5,7111885.4],[673889.7,7111722.4],[673898.0,7111631.3],[673778.0,7111446.4],[673652.9,7110986.4],[673468.5,7110751.8],[673426.6,7110549.2],[673502.5,7110335.3],[673795.5,7110045.3],[673996.7,7109936.2],[674268.4,7109964.2],[674394.9,7109882.5],[674549.5,7109530.1],[674533.0,7109025.1],[674801.2,7108537.0],[674838.4,7108260.5],[674979.6,7107991.7],[674941.5,7107843.8],[674699.2,7107552.4],[674618.8,7107277.3],[674413.0,7106789.6],[674222.2,7106568.8],[674095.6,7106347.5],[674068.5,7106242.4],[674065.7,7106013.8],[674100.0,7105811.8],[674084.2,7105627.0],[674136.0,7105387.5],[674067.4,7105125.4],[674068.2,7104976.8],[674219.4,7104658.4],[674280.3,7104306.2],[674417.8,7104078.7],[674428.0,7103553.3],[674547.4,7103228.3],[674555.2,7103005.5]]}},{"type":"Feature","properties":{"rodovia":"SC-110","kmInicial":80.631,"kmFinal":95.162,"situacao":"PAV","revestimento":"CA","nome":"JURISDIÇÃO SIE INICIAL (ENTR. RUA FELICIANO BORTOLINI - JARAGUÁ DO SUL) → DIVISA DE MUNICÍPIOS DE JARAGUÁ DO SUL/POMERODE"},"geometry":{"type":"LineString","coordinates":[[686823.3,7065852.2],[686720.2,7065560.0],[686621.2,7065432.0],[686421.2,7065264.0],[686270.2,7064988.0],[685996.2,7064138.0],[686069.2,7063882.0],[686067.2,7063621.0],[686012.2,7063144.0],[685890.2,7062626.0],[685890.2,7062421.0],[685995.2,7061876.0],[686011.2,7061434.0],[685644.2,7059726.9],[685223.2,7058738.9],[685318.2,7057925.9],[685075.2,7057419.9],[685021.3,7056722.9],[684856.2,7055848.9],[684949.2,7055327.9],[684979.3,7054545.9],[685219.3,7053948.9],[685116.3,7053739.9],[685271.3,7053333.9],[685219.3,7053235.9],[685190.3,7053028.9],[685134.3,7052953.9],[685080.3,7052769.9],[685054.3,7052554.9],[684971.3,7052392.9],[685030.3,7052048.4]]}},{"type":"Feature","properties":{"rodovia":"SC-110","kmInicial":95.163,"kmFinal":107.265,"situacao":"PAV","revestimento":"CA","nome":"DIVISA DE MUNICÍPIOS DE JARAGUÁ DO SUL/POMERODE → POMERODE (ENTR. SC-421)"},"geometry":{"type":"LineString","coordinates":[[685030.6,7052047.4],[685160.3,7051542.8],[685084.3,7051394.8],[685082.3,7051327.9],[685184.3,7051156.8],[685112.3,7051027.8],[685151.3,7050734.8],[685074.3,7050492.8],[684957.3,7050356.8],[684891.3,7050078.8],[684895.3,7049990.9],[684777.3,7049776.8],[684805.3,7049442.8],[684918.3,7049124.8],[684904.3,7048897.8],[684927.3,7048747.8],[684893.3,7048549.9],[684624.3,7047873.8],[684440.3,7047716.8],[684029.3,7046918.8],[683720.3,7046654.8],[683457.3,7046503.8],[683010.3,7045736.8],[682992.3,7045503.8],[682856.3,7045097.8],[682716.3,7044934.8],[682576.3,7044696.8],[682617.3,7044306.8],[682605.3,7044121.8],[682409.3,7043946.8],[682374.3,7043869.8],[682287.3,7043553.8],[682237.3,7043107.8],[682189.9,7043005.9],[681989.3,7042768.8],[681937.3,7042594.8],[681916.3,7042352.8],[681820.3,7042075.7],[681581.3,7041729.8],[681580.3,7041537.8],[681534.3,7041422.7],[681560.3,7041321.8]]}},{"type":"Feature","properties":{"rodovia":"SC-110","kmInicial":107.266,"kmFinal":117.029,"situacao":"PAV","revestimento":"CA","nome":"POMERODE (ENTR. SC-421) → ENTR. ACESSO RIO DOS CEDROS"},"geometry":{"type":"LineString","coordinates":[[681559.4,7041322.1],[681358.8,7041366.5],[681358.2,7041387.0],[680954.3,7041379.8],[680818.3,7041497.8],[680789.3,7041665.8],[680567.3,7041991.8],[680526.3,7042207.8],[680437.3,7042208.8],[680133.3,7042083.8],[679834.3,7042086.8],[679766.3,7042135.8],[679681.3,7042288.8],[679431.3,7042481.8],[679306.3,7042730.8],[679188.6,7042804.1],[678965.3,7042851.8],[678809.3,7042958.8],[678721.3,7042983.8],[678604.8,7042947.5],[678500.3,7042815.8],[678435.3,7042776.8],[678160.3,7042778.8],[678063.3,7042704.8],[677893.3,7042411.8],[677779.3,7042332.8],[677709.3,7042240.8],[677598.4,7041784.8],[677349.4,7041495.8],[677274.4,7041206.8],[677142.4,7040957.8],[676994.9,7040397.5],[676763.4,7040139.8],[676739.4,7040049.8],[676770.4,7039887.8],[676754.4,7039824.8],[676603.4,7039690.8],[676577.4,7039626.8],[676583.4,7039509.8],[676468.4,7039307.8],[676420.4,7039262.8],[676288.4,7039229.8],[676208.4,7039154.8],[675963.4,7039053.8],[675774.4,7039079.8],[675690.4,7039051.8],[675618.4,7038950.8],[675602.4,7038713.9]]}},{"type":"Feature","properties":{"rodovia":"SC-110","kmInicial":117.03,"kmFinal":127.54,"situacao":"PAV","revestimento":"CA","nome":"ENTR. ACESSO RIO DOS CEDROS → TIMBÓ (ENTR SUL SC-477)"},"geometry":{"type":"LineString","coordinates":[[675602.1,7038712.9],[675504.4,7038536.8],[675510.4,7038171.8],[675482.4,7038035.8],[675384.4,7037916.8],[675097.4,7037773.8],[675003.4,7037650.8],[674660.4,7036306.8],[674647.4,7036204.8],[674675.4,7036072.7],[674759.4,7035886.8],[674856.4,7035757.8],[674885.4,7035649.8],[674829.4,7035027.8],[674871.4,7034837.8],[674816.4,7034532.8],[674737.4,7034454.8],[674481.4,7034354.8],[674299.4,7034137.8],[673953.4,7033890.8],[673893.4,7033643.8],[673690.4,7033234.8],[673684.4,7032936.4],[673539.4,7032556.8],[673446.4,7032189.8],[673298.4,7031925.8],[673217.0,7031834.0],[672888.4,7031692.8],[672672.4,7031472.8],[672528.9,7031131.3],[672428.4,7031044.8],[672192.5,7030921.0],[672338.1,7030627.4],[671775.4,7030365.8],[671620.4,7030339.8],[671573.6,7030366.3]]}},{"type":"Feature","properties":{"rodovia":"SC-110","kmInicial":128.753,"kmFinal":143.529,"situacao":"PAV","revestimento":"CA","nome":"TIMBÓ (ENTR. NORTE SC-477) → JURISDIÇÃO SIE FINAL (RODEIO)"},"geometry":{"type":"LineString","coordinates":[[671420.1,7031372.5],[671291.4,7031402.8],[670897.4,7031336.8],[670659.4,7031419.8],[670383.4,7031448.8],[670060.4,7031631.8],[669568.5,7031597.8],[669209.4,7031514.8],[669116.4,7031474.8],[668964.4,7031337.8],[668901.4,7031319.8],[668643.4,7031345.8],[668408.4,7031514.8],[668168.4,7031551.8],[667846.5,7031468.8],[667495.5,7031209.8],[667359.5,7031227.8],[667201.5,7031320.8],[666938.4,7031271.8],[666844.5,7031119.8],[666715.5,7031035.8],[666676.5,7030976.8],[666196.5,7029458.8],[666108.5,7029332.8],[665771.5,7028632.8],[665605.5,7028041.8],[665380.5,7027667.8],[665038.4,7026804.8],[664898.5,7026704.8],[664823.4,7026572.8],[664784.4,7026307.8],[664717.4,7026116.8],[664506.4,7025773.8],[664270.4,7025664.8],[664215.4,7025611.8],[664108.4,7025175.8],[664000.5,7025035.9],[663870.4,7024623.8],[663744.4,7024427.8],[663734.4,7024246.8],[663602.4,7024080.8],[663557.4,7023848.8],[663048.4,7023380.8],[662904.4,7023177.8],[662488.7,7022742.9]]}},{"type":"Feature","properties":{"rodovia":"SC-110","kmInicial":147.146,"kmFinal":148.793,"situacao":"PAV","revestimento":"CA","nome":"JURISDIÇÃO SIE INICIAL (RODEIO) → ENTR. BR-470 (P/ INDAIAL)"},"geometry":{"type":"LineString","coordinates":[[662005.5,7019328.7],[662126.4,7018927.8],[662307.4,7018642.8],[662423.4,7018538.8],[662755.5,7018418.8],[662841.4,7018361.8],[662880.4,7018284.8],[662870.5,7018098.2]]}},{"type":"Feature","properties":{"rodovia":"SC-110","kmInicial":192.876,"kmFinal":195.013,"situacao":"PAV","revestimento":"CA","nome":"ENTR. BR-470 (P/ RIO DO SUL → LONTRAS"},"geometry":{"type":"LineString","coordinates":[[643015.1,6994975.9],[643045.4,6994956.9],[643039.4,6994739.9],[643077.4,6994638.9],[643713.4,6994235.8],[643823.4,6994247.8],[644211.8,6994488.4],[644282.4,6994498.8],[644474.4,6994391.8],[644488.4,6994319.8],[644463.1,6994261.8]]}},{"type":"Feature","properties":{"rodovia":"SC-110","kmInicial":195.014,"kmFinal":224.26,"situacao":"PAV","revestimento":"CA","nome":"LONTRAS → PRESIDENTE NEREU"},"geometry":{"type":"LineString","coordinates":[[644462.6,6994261.0],[644334.4,6993981.8],[644541.4,6993594.8],[644550.4,6993303.7],[644631.4,6993132.8],[644769.4,6993104.8],[645024.4,6992929.8],[645294.4,6992630.8],[645456.4,6992642.8],[645617.4,6992743.8],[645734.4,6992860.8],[645886.4,6992794.8],[646112.4,6992463.8],[646235.4,6992183.8],[646282.4,6991986.8],[646283.9,6991772.1],[646374.4,6991524.8],[646453.4,6991432.8],[646470.4,6991271.8],[646443.4,6991026.8],[646382.4,6990916.8],[646402.4,6990765.8],[646326.4,6990444.8],[646416.4,6990250.8],[646422.4,6990125.8],[646478.4,6989938.8],[646462.4,6989739.8],[646507.4,6989486.8],[646344.4,6989321.8],[646433.4,6989181.8],[646430.4,6988957.8],[646463.3,6988872.8],[646633.3,6988846.8],[646695.3,6988805.8],[646802.3,6988631.8],[646788.3,6988512.8],[646833.3,6988443.8],[647019.3,6988399.8],[647200.3,6988275.8],[647621.3,6988139.8],[647769.3,6987954.8],[647921.3,6987883.8],[648043.3,6987751.8],[648137.3,6987549.8],[648287.3,6987408.8],[648356.3,6987241.8],[648630.3,6987054.8],[648770.3,6986783.8],[648807.3,6986619.8],[648989.3,6986503.8],[649060.3,6986237.8],[649032.3,6985952.8],[649086.3,6985847.8],[649295.3,6985794.8],[649427.3,6985700.8],[649645.3,6985689.8],[649848.3,6985745.8],[650118.3,6985554.8],[650422.3,6985514.8],[650686.3,6985317.8],[650676.3,6985143.8],[650780.3,6985088.7],[650905.3,6985081.7],[650978.3,6985036.7],[650982.3,6984988.7],[650883.3,6984951.7],[650897.3,6984901.7],[651261.3,6984828.7],[651342.3,6984735.7],[651445.3,6984687.7],[651476.3,6984575.7],[651560.8,6984565.7],[651600.3,6984476.7],[651637.3,6984467.7],[651695.3,6984532.7],[651736.3,6984536.7],[651775.3,6984440.7],[651925.3,6984315.2],[652041.3,6984346.7],[652277.3,6984326.7],[652394.3,6984205.7],[652902.3,6983881.7],[652907.3,6983822.8],[652773.3,6983730.7],[652708.3,6983525.7],[652896.3,6983356.7],[653262.3,6983222.7],[653364.2,6983075.7],[653379.3,6982937.7],[653347.2,6982819.7],[653225.3,6982644.7],[652897.3,6982284.7],[652741.3,6981978.7],[652707.3,6981628.7],[652659.3,6981489.7],[652571.3,6981371.7],[652453.3,6981288.8],[652380.3,6981152.7],[652413.3,6981059.7],[652377.8,6980965.3],[652461.2,6980904.7],[652435.3,6980793.8],[652543.2,6980656.7],[652617.2,6980639.7],[652821.2,6980688.7],[653057.2,6980938.7],[653237.2,6981065.7],[653576.2,6981013.7],[653747.2,6980832.7],[653897.2,6980811.7],[654030.2,6980661.7],[654034.2,6980587.7],[653891.3,6980346.8],[653925.2,6980302.7],[654225.2,6980235.7],[654440.2,6980107.7],[654605.2,6980143.7],[654793.2,6980043.7],[654971.2,6979999.7],[655193.2,6980005.7],[655365.2,6980148.7],[655543.2,6980113.7],[655696.2,6980135.7],[655946.2,6980031.7],[656060.2,6979926.7],[656113.2,6979920.7],[656310.2,6980001.7],[656656.2,6980317.7],[657132.2,6980352.7],[657338.2,6980464.7],[657495.2,6980500.7],[657987.2,6980710.7],[658138.2,6980748.7],[658704.2,6981307.7],[658838.2,6981406.7],[659313.5,6981589.7]]}},{"type":"Feature","properties":{"rodovia":"SC-110","kmInicial":224.261,"kmFinal":232.544,"situacao":"LEN","revestimento":"","nome":"PRESIDENTE NEREU → DIVISA DE MUNICÍPIOS DE PRESIDENTE NEREU/VIDAL RAMOS"},"geometry":{"type":"LineString","coordinates":[[659314.3,6981590.1],[659483.2,6981662.2],[659494.2,6981541.7],[659583.2,6981524.7],[659838.2,6981239.7],[659992.2,6981203.7],[660051.2,6981144.7],[660313.2,6981117.7],[660436.2,6981058.7],[660447.2,6980949.7],[660636.2,6980891.7],[660796.2,6980662.7],[661207.1,6980491.7],[661227.1,6980375.7],[661277.1,6980307.7],[661452.1,6980171.7],[661511.1,6980070.7],[661666.1,6980011.7],[661674.1,6979773.7],[661734.1,6979685.7],[661755.1,6979560.7],[661822.1,6979520.2],[661781.1,6979441.7],[661846.1,6979436.2],[661838.1,6979370.7],[661879.1,6979315.7],[662070.1,6979232.7],[662021.1,6979044.6],[662222.1,6978817.7],[662234.1,6978673.7],[662298.1,6978642.7],[662305.1,6978602.7],[662244.1,6978426.7],[662124.1,6978336.7],[662040.1,6978333.2],[662064.1,6978255.7],[661951.1,6978190.7],[661759.1,6977964.7],[661693.1,6977770.7],[661589.3,6977704.6],[661624.1,6977523.7],[661574.1,6977384.7],[661615.1,6977329.7],[661641.1,6977191.7],[661591.1,6977159.7],[661490.1,6976902.7],[661413.1,6976804.7],[661442.1,6976761.7],[661531.1,6976784.7],[661682.1,6976772.7],[661801.1,6976852.6],[662072.1,6976843.6],[662127.2,6976799.7]]}},{"type":"Feature","properties":{"rodovia":"SC-110","kmInicial":232.545,"kmFinal":238.72,"situacao":"LEN","revestimento":"","nome":"DIVISA DE MUNICÍPIOS DE PRESIDENTE NEREU/VIDAL RAMOS → ENTR. SC-486/BR-486 (P/ BOTUVERÁ)"},"geometry":{"type":"LineString","coordinates":[[662127.9,6976799.0],[662168.1,6976791.7],[662286.1,6976940.6],[662640.1,6977027.6],[662813.1,6977198.6],[662951.1,6977225.6],[663134.1,6977193.6],[663282.1,6977287.6],[663379.1,6977460.6],[663517.1,6977583.6],[663664.1,6977626.6],[663809.1,6977634.6],[664073.1,6977503.6],[664201.1,6977572.6],[664462.1,6977557.6],[664656.1,6977450.6],[664888.1,6977420.6],[665286.1,6977492.6],[665371.1,6977458.6],[665465.1,6977354.6],[665476.1,6977271.6],[665567.1,6977142.6],[665581.1,6977064.6],[665668.1,6976975.6],[665734.1,6976956.6],[665761.1,6976819.6],[665709.1,6976607.6],[665635.1,6976461.6],[665664.1,6976232.6],[665635.1,6976142.6],[665641.6,6976000.1],[665515.1,6975901.6],[665453.1,6975700.7],[665381.1,6975611.6],[665490.6,6975545.6],[665442.7,6975453.3]]}},{"type":"Feature","properties":{"rodovia":"SC-110","kmInicial":248.775,"kmFinal":259.584,"situacao":"PAV","revestimento":"CA","nome":"ENTR. SC-486/ BR-486 → ENTR. SC-281 (P/ IMBUIA)"},"geometry":{"type":"LineString","coordinates":[[660474.2,6968548.0],[660310.1,6968559.7],[660243.1,6968521.7],[660087.1,6968027.7],[659859.1,6967845.7],[659922.1,6967620.7],[659918.1,6967478.7],[659854.1,6967360.7],[659741.1,6967278.7],[659227.1,6967112.7],[658996.1,6967005.7],[658695.1,6967060.7],[658252.1,6966982.7],[657908.1,6966761.7],[657588.1,6966754.7],[657516.1,6966789.7],[657446.1,6966921.7],[657541.3,6967097.0],[657503.1,6967200.7],[657204.1,6967239.7],[656854.1,6967054.7],[656779.1,6966842.7],[656571.1,6966742.7],[656412.1,6966463.7],[656212.1,6966267.7],[656019.1,6965062.7],[655617.2,6964385.7],[655118.2,6964029.7],[654685.2,6963587.7],[654564.2,6963343.7],[654481.2,6963275.7],[654110.2,6963266.7],[653689.5,6963410.6]]}},{"type":"Feature","properties":{"rodovia":"SC-110","kmInicial":259.585,"kmFinal":276.099,"situacao":"PAV","revestimento":"CA","nome":"ENTR. SC-281 (P/ IMBUIA) → JURISDIÇÃO SIE FINAL (ITUPORANGA)"},"geometry":{"type":"LineString","coordinates":[[653688.5,6963411.0],[653499.2,6963464.7],[653040.2,6963508.8],[652957.2,6963478.8],[652723.2,6963243.8],[652634.2,6963201.8],[652000.2,6963235.8],[651802.2,6963306.8],[651714.2,6963379.8],[651361.2,6964059.8],[651107.2,6964148.8],[650905.2,6964167.8],[650406.2,6964126.8],[649933.2,6963838.8],[648574.2,6963698.8],[647896.2,6963082.8],[647801.2,6963032.8],[647555.2,6963070.8],[646771.2,6963087.8],[646347.2,6962995.8],[646221.2,6962992.8],[645427.5,6963140.9],[644757.3,6963190.8],[644185.3,6963313.9],[643625.3,6963510.9],[643521.3,6963589.9],[643452.3,6963797.9],[643453.3,6964026.9],[643511.3,6964294.9],[643493.3,6964688.9],[643061.3,6965117.9],[642852.3,6965601.9],[642470.3,6965914.9],[642202.3,6966178.9],[641640.3,6966262.9],[641139.3,6966493.9],[640958.3,6966654.9],[640883.3,6966685.9],[640231.1,6966545.9]]}},{"type":"Feature","properties":{"rodovia":"SC-110","kmInicial":280.746,"kmFinal":297.621,"situacao":"PAV","revestimento":"CA","nome":"JURISDIÇÃO SIE INICIAL (ITUPORANGA) → PETROLÂNDIA (ENTR. SC-284)"},"geometry":{"type":"LineString","coordinates":[[637685.2,6965072.4],[635553.3,6962550.9],[635319.3,6962141.9],[635196.3,6961459.0],[635280.3,6959549.9],[635192.3,6958874.9],[635084.3,6958495.9],[634692.3,6958117.9],[634653.3,6957994.0],[634650.3,6957755.0],[634419.3,6957385.0],[633746.3,6956938.0],[633294.4,6956375.0],[633170.4,6956161.0],[633062.4,6956102.0],[632891.3,6956094.0],[632804.4,6956049.0],[631995.4,6955245.0],[631498.4,6954572.0],[631334.4,6954435.0],[630791.4,6954215.0],[630656.4,6954207.0],[630535.4,6954257.0],[630121.4,6954589.0],[629994.4,6954652.0],[629774.4,6954694.0],[629579.4,6954673.0],[628895.4,6954380.0],[628802.4,6954273.0],[628729.4,6954005.0],[628545.4,6953810.0],[628479.4,6953552.8]]}},{"type":"Feature","properties":{"rodovia":"SC-110","kmInicial":297.622,"kmFinal":327.213,"situacao":"LEN","revestimento":"","nome":"PETROLÂNDIA (ENTR. SC-284) → ENTR. BR-282 (P/ BOCAINA DO SUL)"},"geometry":{"type":"LineString","coordinates":[[628479.1,6953551.8],[628280.4,6953104.0],[628311.4,6953003.0],[628264.4,6952874.0],[628199.4,6952796.0],[628109.4,6952760.0],[627991.4,6952622.0],[628015.4,6952346.0],[627859.4,6952067.1],[627778.4,6951777.1],[627620.9,6951758.1],[627581.4,6951728.1],[627457.4,6951545.1],[627435.4,6951315.1],[627374.4,6951182.1],[627273.4,6951120.1],[627068.5,6951068.1],[626836.4,6950738.1],[626838.4,6950635.1],[626743.4,6950530.1],[626727.4,6950362.1],[626647.9,6950131.1],[626553.4,6950022.1],[626321.4,6949486.1],[626291.4,6949334.1],[626227.4,6949234.1],[626231.4,6949103.1],[626174.4,6948853.1],[626061.4,6948778.1],[625995.0,6948677.1],[625910.5,6948640.1],[625878.5,6948546.1],[625650.5,6948366.1],[625562.5,6948230.1],[625481.5,6948194.1],[625425.2,6948106.1],[625413.5,6948013.1],[625313.5,6947951.1],[624974.5,6947967.8],[624992.4,6948030.0],[624963.5,6948051.1],[624848.5,6947985.1],[624680.5,6948074.1],[624655.0,6948199.6],[624546.5,6948138.1],[624564.5,6948018.2],[624490.5,6947897.1],[624398.5,6947827.6],[624344.5,6947677.1],[624545.5,6947661.1],[624647.5,6947546.1],[624641.5,6947470.1],[624479.9,6947271.6],[624082.5,6947087.1],[623969.0,6947073.1],[623932.5,6947035.1],[623784.5,6946700.1],[623782.0,6946484.1],[623603.5,6946285.7],[623626.5,6946145.1],[623537.5,6945946.1],[623442.5,6945603.1],[623485.5,6945404.1],[623446.5,6945288.1],[623204.5,6945060.2],[622882.5,6944858.2],[622807.4,6944668.6],[622764.7,6944660.8],[622495.5,6944761.2],[622211.5,6944741.2],[622090.5,6944686.2],[621926.5,6944367.2],[621819.5,6943925.2],[621731.5,6943836.2],[621661.5,6943630.2],[621593.5,6943550.2],[621570.5,6943350.2],[621586.5,6943188.2],[621751.5,6942911.2],[621730.5,6942812.2],[621568.5,6942575.2],[621550.5,6942447.2],[621633.5,6942289.2],[621706.5,6941882.2],[621896.5,6941593.2],[621973.5,6941363.2],[621882.5,6941244.2],[621889.5,6941215.2],[621920.5,6941185.2],[621979.5,6941186.2],[622154.5,6941264.7],[622198.5,6941075.2],[622278.5,6941057.2],[622363.5,6940964.2],[622502.5,6940955.2],[622653.5,6940760.2],[622665.5,6940679.2],[622595.5,6940567.2],[622568.5,6940327.2],[622674.5,6940127.2],[622824.5,6939986.2],[622875.5,6939798.2],[623115.5,6939507.2],[623128.5,6939447.2],[623077.2,6939218.0],[623140.5,6939006.2],[623305.5,6938707.2],[623789.5,6938368.2],[623937.5,6938212.2],[624107.5,6937621.2],[624064.5,6937350.2],[623970.5,6937174.3],[623856.5,6936840.2],[623804.5,6936759.3],[623548.5,6936543.2],[623324.5,6935985.2],[623346.5,6935655.2],[623274.5,6935302.2],[623217.5,6935221.2],[622935.5,6935021.2],[622946.5,6934905.2],[622876.5,6934738.2],[622572.5,6934550.2],[622569.5,6934378.2],[622442.5,6934015.2],[622357.5,6933869.2],[622340.5,6933778.2],[622203.5,6933632.2],[622204.5,6933593.2],[622309.5,6933450.2],[622521.5,6933264.2],[622676.5,6933065.2],[622812.5,6932971.2],[622985.5,6932935.2],[623072.5,6932839.2],[623063.5,6932685.2],[622857.5,6932410.2],[622871.5,6932177.2],[622804.5,6931690.2],[622843.4,6931583.4]]}},{"type":"Feature","properties":{"rodovia":"SC-110","kmInicial":349.862,"kmFinal":374.462,"situacao":"PAV","revestimento":"PF","nome":"ENTR. BR-282 (P/ BOM RETIRO) → URUBICI (ENTR. SC-370)"},"geometry":{"type":"LineString","coordinates":[[640840.3,6921615.1],[641071.2,6921293.2],[641071.2,6921201.2],[640910.7,6920994.7],[640910.2,6920763.2],[640732.2,6920619.2],[640597.2,6920390.2],[640529.2,6920153.2],[640423.2,6919920.2],[640477.2,6919779.2],[640762.2,6919467.2],[640768.2,6919407.2],[640712.2,6919245.2],[640738.2,6919035.2],[640732.2,6918692.2],[640586.2,6918535.2],[640282.2,6918457.2],[640185.2,6918392.2],[640098.2,6918258.2],[640096.2,6918154.2],[639960.2,6917681.2],[639676.2,6917441.2],[639647.2,6917382.2],[639606.2,6916976.2],[639767.2,6916685.2],[639787.2,6915985.2],[639907.2,6915646.2],[639833.2,6914995.3],[639705.2,6914740.3],[639754.1,6914355.3],[639924.1,6914080.3],[640061.1,6913641.3],[640023.1,6913622.3],[639988.1,6913651.3],[639878.1,6913942.3],[639801.1,6913952.3],[639768.2,6913916.3],[639734.1,6913506.3],[639651.1,6913343.3],[639507.1,6913185.3],[639614.1,6913080.3],[639662.1,6912919.3],[639823.1,6912818.3],[639950.1,6912657.3],[639939.1,6912561.3],[640096.1,6912574.3],[640111.1,6912550.3],[640112.1,6912408.3],[640172.1,6912282.3],[640071.1,6912159.3],[640133.1,6912031.3],[640251.6,6911983.3],[640302.1,6911998.3],[640340.1,6911910.3],[640407.1,6911911.3],[640504.6,6911859.8],[640562.1,6911760.3],[640637.6,6911708.8],[640525.1,6911660.3],[640486.1,6911576.3],[640582.1,6911462.3],[640585.1,6911342.3],[640637.1,6911243.3],[640581.2,6911155.8],[640591.1,6911089.3],[640566.1,6911036.3],[640584.1,6910717.3],[640718.1,6910614.3],[640685.1,6910544.3],[640710.1,6910498.3],[640639.1,6910402.4],[640622.1,6910177.3],[640533.1,6910107.3],[640491.1,6909988.3],[640507.1,6909845.3],[640427.1,6909531.3],[640197.1,6909124.3],[640149.6,6908957.7],[640172.1,6908873.3],[640118.1,6908768.3],[640109.1,6908612.3],[639998.1,6908448.3],[639895.1,6908374.3],[639705.1,6908047.3],[639558.1,6907905.3],[639379.1,6907668.3],[638974.1,6907270.4],[638988.1,6907242.4],[639035.1,6907238.4],[639144.1,6907311.4],[639366.1,6907360.3],[639675.1,6907527.3],[639815.1,6907436.3],[639833.8,6907376.6],[639720.1,6907234.3],[639403.1,6906963.4],[639372.1,6906799.4],[639290.1,6906606.4],[639236.1,6906565.4],[639050.1,6906513.4],[638816.1,6906242.4],[638710.1,6906009.4],[638636.1,6905925.4],[638583.1,6905705.4],[638578.1,6905641.4],[638645.1,6905423.4],[638750.1,6905341.4],[638806.1,6905224.4],[638889.1,6905181.4],[638938.1,6905035.4],[639056.1,6904932.4],[639226.1,6904853.4],[639488.1,6904549.4],[639495.1,6904505.4],[639438.1,6904403.4],[639501.1,6904028.4],[639419.1,6903274.4],[639346.1,6903052.6]]}},{"type":"Feature","properties":{"rodovia":"SC-110","kmInicial":374.463,"kmFinal":421.569,"situacao":"PAV","revestimento":"CA","nome":"URUBICI (ENTR. SC-370) → ENTR. SC-390 (P/ BOM JARDIM DA SERRA)"},"geometry":{"type":"LineString","coordinates":[[639345.8,6903051.6],[638362.2,6900347.5],[638077.1,6900321.4],[637923.1,6900253.4],[637801.1,6900153.4],[637663.1,6900216.4],[637564.0,6900207.5],[637355.1,6900000.4],[637330.6,6899857.0],[637245.1,6899854.4],[637169.1,6899812.5],[636910.1,6899564.5],[636676.1,6899516.5],[636609.1,6899370.5],[636474.1,6899194.5],[636395.1,6899003.5],[636408.1,6898951.5],[636480.1,6898974.5],[636630.1,6899090.5],[636803.1,6899298.5],[636920.1,6899318.5],[637017.1,6899271.6],[636922.1,6899257.5],[636870.1,6899131.5],[636764.1,6899030.5],[636735.1,6898961.5],[636733.1,6898751.5],[636811.1,6898506.5],[636819.1,6898329.5],[636731.1,6897946.5],[636813.1,6897717.5],[636728.1,6897535.5],[636717.1,6897328.5],[636747.1,6897240.5],[636887.1,6897077.5],[636902.1,6896977.5],[636862.1,6896872.5],[636617.1,6896523.5],[636619.1,6896271.5],[636467.1,6895860.5],[636493.1,6895570.5],[636637.1,6895435.5],[636669.1,6895359.5],[636606.1,6895061.5],[636622.1,6894830.5],[636590.1,6894712.5],[636271.1,6894252.5],[636120.1,6894111.5],[636105.1,6894052.5],[636149.1,6893929.5],[636129.1,6893859.5],[635862.1,6893688.5],[635596.1,6893705.5],[635288.1,6893835.5],[635028.1,6894022.5],[634932.1,6894042.5],[634850.1,6894006.5],[634752.1,6893851.5],[634504.1,6893662.5],[634496.1,6893505.5],[634365.1,6893532.5],[634284.1,6893484.5],[634237.1,6893182.5],[634040.1,6893036.5],[633927.1,6892806.5],[633790.1,6892639.5],[633785.1,6892489.5],[633737.6,6892343.0],[633888.1,6892066.5],[633899.1,6891967.5],[633643.1,6891403.5],[633642.1,6891139.5],[633552.1,6890793.5],[633397.1,6890516.5],[633045.1,6890253.5],[632979.1,6890166.5],[632700.1,6889576.6],[632635.1,6889293.6],[632554.1,6889172.6],[632482.1,6888936.6],[632404.6,6888803.6],[632361.1,6888623.6],[632117.1,6888375.6],[631920.1,6887785.6],[631816.1,6887737.6],[631578.1,6887730.6],[631434.1,6887789.6],[631154.1,6887847.6],[630872.1,6887848.6],[630551.2,6887965.6],[630248.2,6887801.6],[629939.2,6887462.6],[629803.2,6887402.6],[629700.2,6887404.6],[629621.2,6887441.6],[629473.2,6887638.6],[629380.2,6887667.6],[629211.1,6887503.6],[628818.2,6887392.6],[628573.2,6887383.6],[628378.2,6887308.6],[628211.2,6887333.6],[627880.3,6887271.6],[627800.2,6887188.6],[627776.2,6887004.6],[627645.2,6886713.6],[627590.2,6886658.6],[627375.2,6886587.6],[627300.2,6886529.6],[627232.2,6886273.6],[627233.2,6886113.6],[627193.2,6886053.6],[626735.2,6885883.6],[626495.5,6885951.6],[626235.2,6885943.6],[626153.3,6885909.6],[626051.2,6885787.6],[625853.2,6885204.6],[625778.2,6885140.6],[625520.2,6885063.6],[624850.2,6885029.6],[624784.2,6885056.6],[624659.2,6885179.6],[624521.2,6885222.6],[624137.2,6885066.6],[624005.2,6885076.6],[623819.2,6885152.6],[623461.2,6885188.6],[622592.2,6885088.6],[622426.2,6885091.6],[622357.2,6885063.6],[622293.2,6884942.6],[622243.2,6884506.6],[622250.2,6884335.6],[622093.3,6884215.6],[621982.2,6884215.6],[621909.0,6884052.4],[621745.2,6883882.5],[621708.2,6883743.6],[621629.3,6883649.6],[621605.2,6883564.6],[621616.2,6883423.6],[621572.2,6883200.6],[621581.2,6882782.6],[621757.2,6882434.6],[621837.2,6882194.6],[621969.2,6882042.6],[622008.2,6881947.6],[621986.2,6881811.6],[621864.2,6881704.6],[621823.2,6881595.6],[621877.2,6881339.6],[621953.2,6881193.6],[621922.2,6881086.5],[621855.2,6881047.5],[621620.2,6881030.5],[621515.2,6880984.5],[621144.2,6880528.6],[621093.2,6880318.5],[621041.2,6880264.5],[620745.2,6880175.5],[620512.2,6880148.5],[620143.2,6879988.5],[620068.2,6879897.6],[620023.2,6879727.5],[619955.2,6879620.5],[619489.2,6879403.5],[619406.2,6879321.5],[619334.2,6879153.5],[619242.2,6879032.5],[619122.2,6878955.5],[618873.2,6878887.5],[618713.2,6878704.5],[618585.2,6878631.5],[618548.2,6878490.5],[618666.2,6878342.5],[618694.2,6878242.5],[618674.2,6878157.5],[618597.2,6878052.5],[618602.2,6877861.6],[618552.2,6877770.5],[618445.2,6877737.5],[618239.2,6877844.5],[618092.2,6877833.5],[617975.2,6877743.5],[617834.2,6877492.5],[617640.2,6877339.5],[617550.2,6877214.5],[617457.2,6877146.5],[617317.2,6877132.5],[616848.2,6877237.5],[616735.2,6877237.5],[616614.2,6877169.5],[616508.2,6877015.5],[616444.2,6876973.5],[616047.2,6876954.5],[615651.2,6876761.5],[615359.2,6876692.5],[615298.2,6876648.5],[615233.2,6876537.5]]}},{"type":"Feature","properties":{"rodovia":"SC-110","kmInicial":421.57,"kmFinal":436.836,"situacao":"PAV","revestimento":"CA","nome":"ENTR. SC-390 (P/ BOM JARDIM DA SERRA) → SÃO JOAQUIM (ENTR. NORTE SC-114/SC-390)"},"geometry":{"type":"LineString","coordinates":[[615232.2,6876537.4],[615041.2,6876508.5],[614625.2,6876139.5],[614572.2,6876126.5],[614308.2,6876187.5],[614046.2,6876094.5],[613860.2,6876142.5],[613772.2,6876197.5],[613260.2,6876701.5],[612997.2,6877055.5],[612698.2,6877203.5],[612480.2,6877146.5],[612328.2,6877140.5],[612174.3,6877263.5],[611971.3,6877278.5],[611526.3,6877076.5],[611342.3,6877051.4],[611123.3,6876909.4],[610956.3,6876899.4],[610754.3,6876946.4],[610620.3,6876711.5],[610440.3,6876567.4],[610347.3,6876443.4],[610121.3,6875915.5],[609922.3,6875726.4],[609686.2,6875318.4],[609280.2,6874869.4],[609062.3,6874337.4],[608771.2,6874269.4],[608683.2,6874216.4],[608574.2,6874100.4],[608355.2,6873711.4],[607945.2,6873587.4],[607825.2,6873525.4],[607598.3,6873263.4],[607251.2,6872752.3],[606738.4,6872585.4],[606327.2,6872290.3],[606140.2,6872018.3],[606012.2,6871706.3],[605712.2,6871168.3],[605265.2,6870920.3],[604954.2,6870889.3],[604765.2,6870797.3],[604692.2,6870719.3],[604539.2,6870428.3],[604276.2,6870073.3]]}},{"type":"Feature","properties":{"rodovia":"SC-110","kmInicial":436.837,"kmFinal":437.202,"situacao":"PAV","revestimento":"CA","nome":"SÃO JOAQUIM (ENTR. NORTE SC-114/SC-390) → SÃO JOAQUIM (ENTR. SUL SC-114/SC-390)"},"geometry":{"type":"LineString","coordinates":[[604277.0,6870072.6],[604565.2,6869854.3]]}},{"type":"Feature","properties":{"rodovia":"SC-112","kmInicial":12.651,"kmFinal":35.041,"situacao":"PAV","revestimento":"CA","nome":"JURISDIÇÃO SIE INICIAL (RIO NEGRINHO) → DISTRITO VOLTA GRANDE"},"geometry":{"type":"LineString","coordinates":[[643570.5,7090597.7],[643492.9,7090548.7],[643434.8,7090431.9],[643485.9,7089872.1],[643297.0,7089432.0],[643275.1,7089261.2],[643362.4,7089052.6],[643445.6,7088983.7],[643649.1,7088895.8],[643749.4,7088778.0],[643763.7,7088650.9],[643654.2,7088308.7],[643669.1,7088162.0],[643841.8,7087837.5],[643894.5,7087534.6],[643977.4,7087338.7],[644321.6,7086990.7],[644376.6,7086857.2],[644283.5,7086258.5],[644373.7,7085723.2],[644354.6,7085404.4],[644408.4,7084844.1],[644481.3,7084562.8],[644445.5,7084246.8],[644472.1,7083778.1],[644453.1,7083574.6],[644390.6,7083452.4],[643842.9,7082944.0],[643802.8,7082698.9],[643623.6,7082349.6],[643617.9,7082181.8],[643799.7,7081768.4],[643771.4,7081590.9],[643656.3,7081491.1],[643310.5,7081377.7],[643184.9,7081135.3],[643105.6,7081051.6],[643007.9,7081001.0],[642361.3,7080813.5],[642192.5,7080699.2],[641903.4,7080186.5],[641906.5,7080077.4],[642000.2,7079811.5],[641969.7,7079617.0],[641610.0,7079315.7],[641423.8,7079051.9],[641376.2,7078908.4],[641376.7,7078777.2],[641430.7,7078643.3],[641535.8,7078532.6],[641672.7,7078443.6],[641758.6,7078325.4],[641783.5,7078214.3],[641750.8,7077958.3],[641804.4,7077764.7],[642175.5,7077146.0],[642387.4,7076949.7],[642448.5,7076811.1],[642417.2,7076658.4],[642177.1,7076356.0],[642040.9,7076022.0],[642081.9,7075873.0],[642328.1,7075458.3],[642362.7,7075316.5],[642369.0,7074940.6],[642538.5,7074675.8],[642601.1,7074465.6],[642590.2,7074310.4],[642526.9,7074132.9],[642264.0,7073787.2],[642168.1,7073582.7],[642151.1,7073441.4],[642227.4,7073119.1],[642066.1,7072779.5],[642040.8,7072661.3],[642087.0,7072486.4],[642331.2,7072268.9],[642385.7,7072172.9],[642391.3,7072030.8],[642312.4,7071863.4],[642283.2,7071721.6],[642332.0,7071575.1],[642421.5,7071490.5]]}},{"type":"Feature","properties":{"rodovia":"SC-112","kmInicial":35.042,"kmFinal":43.409,"situacao":"PAV","revestimento":"CA","nome":"DISTRITO VOLTA GRANDE → ENTR. SC-477 (P/ DOUTOR PEDRINHO)"},"geometry":{"type":"LineString","coordinates":[[642422.4,7071490.0],[642653.3,7071386.4],[642868.1,7071211.5],[643044.1,7070808.8],[643024.3,7070692.4],[642933.1,7070530.8],[642903.2,7070418.4],[643063.3,7069960.9],[643046.7,7069456.4],[642826.9,7068560.4],[642859.2,7068382.5],[643043.7,7067880.6],[643039.3,7067766.3],[642973.9,7067653.4],[642675.6,7067451.1],[642526.9,7067084.8],[642433.2,7067030.3],[642227.4,7066976.7],[641878.5,7066682.5],[641791.7,7066639.3],[641724.6,7066555.0],[641716.4,7066492.7],[641878.6,7065653.7],[641747.3,7065377.3],[641698.0,7065106.5],[641540.2,7064806.5],[641577.3,7064573.7],[641457.9,7064320.6]]}},{"type":"Feature","properties":{"rodovia":"SC-112","kmInicial":158.778,"kmFinal":161.092,"situacao":"PAV","revestimento":"CA","nome":"ENTR. BR-470 (P/ AGRONÔMICA) → TROMBUDO CENTRAL (ENTR. SC-281)"},"geometry":{"type":"LineString","coordinates":[[620412.4,6981320.2],[620489.4,6980624.2],[620450.4,6980479.2],[619982.4,6980095.2],[619436.4,6979823.2],[619345.4,6979695.7],[619422.0,6979678.5]]}},{"type":"Feature","properties":{"rodovia":"SC-112","kmInicial":161.093,"kmFinal":174.987,"situacao":"PAV","revestimento":"CA","nome":"TROMBUDO CENTRAL (ENTR. SC-281) → AGROLÂNDIA (ENTR. SC-281)"},"geometry":{"type":"LineString","coordinates":[[619423.0,6979678.6],[619506.9,6979667.7],[619481.4,6979470.2],[619309.5,6979239.2],[619368.4,6978887.2],[619124.4,6978224.2],[619132.4,6977939.1],[619048.5,6977579.2],[619051.5,6977464.2],[619018.5,6977322.2],[618877.5,6976992.2],[618984.5,6976257.2],[618936.5,6976009.1],[618830.5,6975896.1],[618715.5,6975832.2],[618432.0,6975777.6],[618409.5,6975733.2],[618423.5,6975610.2],[618243.5,6975342.2],[618193.5,6975140.2],[617940.5,6975051.2],[617899.5,6975000.2],[617907.5,6974920.2],[618142.5,6974447.2],[618175.5,6974276.2],[617988.5,6973586.2],[617980.5,6973355.2],[617950.5,6973277.1],[617762.5,6973133.2],[617613.5,6972889.2],[617265.5,6972567.2],[616937.5,6972379.2],[616379.5,6971600.2],[616348.5,6971478.2],[616377.5,6971009.2],[616337.5,6970647.2],[616060.5,6970049.2],[616036.5,6969481.2],[615714.6,6967542.5]]}},{"type":"Feature","properties":{"rodovia":"SC-112","kmInicial":227.316,"kmFinal":243.355,"situacao":"PAV","revestimento":"CA","nome":"ENTR. BR-282/BR-475 (P/ BOCAINA DO SUL) → RIO RUFINO (ENTR. SC-370/BR-475)"},"geometry":{"type":"LineString","coordinates":[[616642.6,6930074.3],[616730.6,6929683.3],[616710.6,6929466.3],[616752.6,6929277.3],[616740.6,6929056.3],[616866.6,6928642.3],[616986.6,6928487.3],[617015.6,6928404.3],[616936.6,6927946.3],[616941.6,6927771.3],[617141.6,6927535.3],[617246.6,6927319.3],[617418.1,6927224.8],[617481.6,6927066.3],[617745.5,6926707.3],[617756.5,6926562.3],[617710.5,6926346.3],[617792.5,6925924.3],[617740.5,6925566.3],[617811.5,6925339.3],[617976.5,6925178.3],[618558.5,6924967.3],[618733.5,6924723.3],[619025.5,6924480.3],[619076.5,6924324.3],[619028.5,6924047.3],[619081.5,6923705.3],[619020.5,6923484.3],[619037.5,6923415.3],[619105.5,6923334.3],[619259.5,6923304.3],[619331.5,6923333.3],[619563.5,6923622.3],[619692.5,6923719.3],[620033.5,6923767.3],[620098.5,6923737.3],[620169.5,6923653.3],[620163.5,6923371.3],[620192.5,6923143.3],[620130.5,6922850.3],[620046.5,6922683.3],[620038.5,6922580.4],[620134.5,6922374.3],[620147.5,6922268.3],[620060.5,6921881.3],[619911.5,6921674.3],[619779.5,6921395.3],[619653.5,6920930.3],[619701.5,6920830.3],[619907.5,6920735.3],[620053.5,6920596.3],[619966.5,6920232.3],[620076.5,6919984.3],[620064.5,6919465.3],[620141.5,6919293.3],[620240.5,6918931.4],[620232.5,6918845.4],[620099.5,6918484.4],[620004.5,6918379.4],[619826.5,6918274.4],[619732.5,6918076.4],[619729.5,6918001.4],[619805.5,6917848.4],[620008.0,6917605.1]]}},{"type":"Feature","properties":{"rodovia":"SC-112","kmInicial":243.356,"kmFinal":262.446,"situacao":"PAV","revestimento":"CA","nome":"RIO RUFINO (ENTR. SC-370/BR-475) → URUPEMA (ENTR. SC-370)"},"geometry":{"type":"LineString","coordinates":[[620008.7,6917604.4],[620109.5,6917467.4],[620239.5,6917498.4],[620241.8,6917410.7],[620339.5,6917274.4],[620361.5,6917160.4],[620318.5,6916991.4],[620303.5,6916691.4],[620402.5,6916446.4],[620548.5,6916278.4],[620547.5,6916215.4],[620385.4,6916014.4],[620010.5,6915751.4],[619946.5,6915659.4],[619724.5,6915148.4],[619473.5,6914920.4],[619342.5,6914700.4],[619033.5,6914545.4],[618843.5,6914252.5],[618359.5,6913868.4],[618039.5,6913769.4],[617986.5,6913726.4],[617970.5,6913639.4],[617996.5,6913313.4],[617941.5,6913204.4],[617766.5,6913017.4],[617698.5,6912725.4],[617701.5,6912627.4],[617769.5,6912479.4],[617753.5,6912394.4],[617695.5,6912350.4],[617274.5,6912261.4],[616914.5,6912096.4],[616723.5,6911948.4],[616505.5,6911933.4],[616252.5,6911849.4],[616148.5,6911632.0],[615921.5,6911498.5],[615784.5,6911341.5],[615546.5,6911202.5],[615437.5,6910925.5],[615380.5,6910664.5],[615415.5,6910558.5],[615556.5,6910358.5],[615542.5,6910267.5],[614850.5,6909798.5],[614548.5,6909693.5],[614420.5,6909577.5],[614159.5,6909573.5],[613945.5,6909609.5],[613740.5,6909720.5],[613156.5,6909951.5],[613055.6,6909932.5],[613011.5,6909863.5],[612998.5,6909651.5],[612832.5,6909488.5],[612769.5,6909285.5],[612775.5,6909216.5],[612823.5,6909126.5],[612921.5,6909063.5],[612990.5,6909047.5],[613245.5,6909080.5],[613354.0,6909054.0],[613403.5,6908990.5],[613568.5,6908503.5],[613535.5,6908426.5],[613380.5,6908313.5],[613158.5,6908249.5],[613043.5,6908135.5],[612868.5,6908030.5],[612841.5,6907911.5],[612920.5,6907726.5],[612874.5,6907554.5],[612639.5,6907400.5],[612026.5,6907284.5],[611954.5,6907280.5],[611739.6,6907349.5],[611489.5,6907352.5],[611013.5,6907105.5],[610787.3,6907070.7]]}},{"type":"Feature","properties":{"rodovia":"SC-114","kmInicial":0.0,"kmFinal":8.187,"situacao":"PAV","revestimento":"CA","nome":"ENTR. BR-116 (P/ PAPANDUVA) → ITAIÓPOLIS"},"geometry":{"type":"LineString","coordinates":[[607905.6,7093940.7],[607947.0,7093632.9],[608121.0,7093412.9],[608118.0,7093175.9],[608144.0,7093065.9],[608415.0,7092680.9],[608624.0,7091724.9],[609048.0,7091027.9],[609122.8,7090839.2],[609210.0,7090058.8],[609198.0,7089930.8],[608548.0,7088628.8],[608488.0,7088411.8],[608530.0,7087783.8],[608558.0,7087708.8],[609036.0,7087353.8],[609133.0,7087249.8],[609175.0,7087106.8],[609171.6,7086567.4]]}},{"type":"Feature","properties":{"rodovia":"SC-114","kmInicial":8.188,"kmFinal":21.976,"situacao":"PAV","revestimento":"CA","nome":"ITAIÓPOLIS → ENTR. SC-477 (P/ PAPANDUVA)"},"geometry":{"type":"LineString","coordinates":[[609171.6,7086566.4],[609160.0,7085574.8],[609071.0,7085569.7],[609032.0,7085372.8],[608917.0,7085179.8],[608551.0,7084358.8],[608395.0,7083742.8],[608544.0,7081467.8],[609211.9,7080350.8],[609172.9,7080172.8],[608959.9,7079970.8],[608915.9,7079832.8],[608931.9,7079400.8],[609160.9,7079078.8],[609149.9,7078939.8],[609043.0,7078670.8],[608790.9,7078461.8],[608648.9,7078290.8],[608620.9,7078138.8],[608745.9,7077764.8],[608780.9,7077534.8],[608907.9,7077365.8],[609084.9,7076769.8],[609084.9,7076382.8],[609111.9,7076281.8],[609271.9,7076027.8],[609316.9,7075889.8],[609317.9,7075529.8],[609359.9,7075348.8],[609496.9,7075192.8],[609780.9,7075060.8],[609830.9,7075006.8],[609900.9,7074507.8],[610074.6,7074066.5]]}},{"type":"Feature","properties":{"rodovia":"SC-114","kmInicial":68.054,"kmFinal":70.114,"situacao":"PAV","revestimento":"CA","nome":"SANTA TEREZINHA (ENTR. OESTE SC-340) → SANTA TEREZINHA (ENTR. LESTE SC-340)"},"geometry":{"type":"LineString","coordinates":[[597752.4,7038968.9],[597925.2,7038932.0],[598112.2,7038957.0],[598107.2,7038835.0],[598269.2,7038743.0],[598251.2,7038601.0],[598273.2,7038473.0],[598426.2,7038280.0],[598556.2,7038167.0],[598670.2,7038003.0],[598782.2,7037646.7]]}},{"type":"Feature","properties":{"rodovia":"SC-114","kmInicial":70.115,"kmFinal":90.703,"situacao":"PAV","revestimento":"CA","nome":"SANTA TEREZINHA (ENTR. LESTE SC-340) → ENTR. SC-427 (P/ RIO DO CAMPO)"},"geometry":{"type":"LineString","coordinates":[[598782.4,7037645.7],[598804.3,7037536.0],[598783.3,7037288.0],[598650.3,7036945.0],[598500.3,7036766.0],[598134.3,7036011.0],[597993.3,7035876.0],[597785.4,7035764.1],[597745.3,7035675.0],[597741.3,7035556.0],[597684.3,7035472.0],[597612.3,7035447.0],[597383.3,7035472.0],[597187.3,7035424.0],[596635.3,7034908.0],[596544.3,7034877.0],[596311.3,7034884.0],[596199.3,7034828.0],[596118.3,7034676.0],[596107.3,7034412.0],[596003.3,7034196.0],[595899.3,7034083.0],[595104.3,7033675.0],[594793.2,7033432.0],[594377.3,7033376.0],[594242.3,7033326.0],[593864.3,7033041.0],[593351.3,7032760.0],[593158.3,7032493.0],[592998.3,7032371.0],[592450.3,7032223.0],[592352.3,7032235.0],[592229.3,7032296.0],[592162.3,7032255.0],[591591.3,7030963.0],[591669.3,7030461.0],[591725.3,7029422.0],[591581.3,7028740.0],[591238.3,7028318.0],[591175.3,7028190.1],[590698.3,7025982.0],[590581.3,7025792.0],[589764.3,7025024.0],[589732.3,7024922.0],[589738.3,7024419.0],[589487.3,7023807.0],[589391.3,7023684.0],[589148.3,7023487.0],[588570.3,7022744.1],[588374.3,7022442.0],[588271.2,7022356.7]]}},{"type":"Feature","properties":{"rodovia":"SC-114","kmInicial":112.235,"kmFinal":129.642,"situacao":"PAV","revestimento":"CA","nome":"JURISDIÇÃO SIE INICIAL (SALETE) → TAIÓ (ENTR. SC-350)"},"geometry":{"type":"LineString","coordinates":[[598214.7,7014190.1],[598142.4,7014113.9],[597391.4,7013718.9],[597275.4,7013617.9],[597227.4,7013480.9],[597200.4,7013261.9],[597279.4,7013062.9],[597128.4,7012902.9],[597081.4,7012750.9],[597161.4,7012434.9],[596868.4,7012044.9],[596742.4,7011794.9],[596658.4,7011537.9],[596616.4,7011208.9],[596668.4,7010604.9],[596656.4,7010254.9],[596700.4,7010027.8],[596608.4,7009613.8],[596321.4,7009239.8],[596363.4,7009060.8],[596285.4,7008932.8],[596175.4,7008847.8],[596123.4,7008763.8],[595995.4,7008367.8],[595836.4,7007448.8],[595858.4,7007131.8],[595737.4,7006491.8],[595758.4,7006312.8],[595808.4,7006169.8],[595789.6,7005795.5],[595833.4,7005635.8],[596205.4,7004873.8],[596285.4,7004298.8],[596374.3,7004020.2],[596735.4,7003730.8],[596999.4,7003600.8],[597464.4,7003118.8],[598044.8,7002749.7],[598172.4,7002592.8],[598311.2,7002324.1],[598347.4,7002126.7],[598374.4,7001576.7],[598309.4,7001289.7],[598270.4,7000609.7],[598427.4,7000489.7],[598658.4,7000402.7],[599125.4,7000461.7],[599344.4,7000630.7],[599405.4,7000648.7],[599507.4,7000606.7],[599501.3,7000334.8]]}},{"type":"Feature","properties":{"rodovia":"SC-114","kmInicial":129.643,"kmFinal":146.313,"situacao":"PAV","revestimento":"CA","nome":"TAIÓ (ENTR. SC-350) → ENTR. BR-470 (P/ POUSO REDONDO)"},"geometry":{"type":"LineString","coordinates":[[599501.3,7000333.8],[599547.4,6999785.7],[600430.4,6998126.7],[600946.4,6996951.6],[600951.4,6996883.7],[600843.4,6996625.6],[600884.4,6996406.6],[600854.4,6996234.6],[600870.4,6996162.7],[601321.4,6995592.6],[601367.4,6995507.6],[601408.4,6995287.6],[601592.4,6995081.6],[601688.4,6995022.6],[601997.4,6995014.6],[602348.4,6994570.6],[602552.4,6993771.6],[602923.4,6992728.6],[603199.4,6992091.6],[603170.4,6991744.6],[603214.4,6991272.6],[603195.4,6990318.5],[603175.4,6990209.5],[603044.4,6990011.5],[603032.4,6989924.5],[603122.4,6989723.5],[603414.4,6989441.5],[603609.4,6989091.5],[603641.4,6987932.5],[602970.0,6985369.0]]}},{"type":"Feature","properties":{"rodovia":"SC-114","kmInicial":168.781,"kmFinal":184.645,"situacao":"PAV","revestimento":"CA","nome":"ENTR. BR-470 (P/ CURITIBANOS) → ENTR. SC-281 (P/ PONTE ALTA)"},"geometry":{"type":"LineString","coordinates":[[585686.7,6979165.0],[585409.5,6978483.2],[585380.5,6978365.2],[585385.5,6978222.2],[585749.6,6976414.2],[585936.6,6975690.2],[586029.6,6974325.2],[585989.6,6974109.2],[585612.6,6973325.2],[585567.6,6973161.2],[585593.7,6970542.1],[585634.7,6969235.1],[585703.4,6969011.3],[586633.8,6967179.1],[586697.8,6966984.1],[586749.8,6966644.1],[586824.8,6966099.1],[586786.8,6965530.0],[586394.8,6964327.0],[586388.8,6964138.0],[586439.8,6963891.5]]}},{"type":"Feature","properties":{"rodovia":"SC-114","kmInicial":184.646,"kmFinal":186.637,"situacao":"PAV","revestimento":"CA","nome":"ENTR. SC-281 (P/ PONTE ALTA) → JURISDIÇÃO SIE FINAL (OTACÍLIO COSTA)"},"geometry":{"type":"LineString","coordinates":[[586440.1,6963890.5],[586709.9,6962988.3],[586635.9,6962267.3],[586664.6,6961949.8]]}},{"type":"Feature","properties":{"rodovia":"SC-114","kmInicial":192.794,"kmFinal":199.683,"situacao":"PAV","revestimento":"CC","nome":"JURISDIÇÃO SIE INICIAL (OTACÍLIO COSTA) → PALMEIRA (ENTR.  SC-284)"},"geometry":{"type":"LineString","coordinates":[[585685.2,6956229.4],[585397.0,6955506.3],[584669.0,6954160.3],[584175.0,6952544.3],[584157.0,6952076.3],[583973.0,6951683.3],[583857.0,6950505.3],[583616.0,6949917.3],[583525.0,6949801.3]]}},{"type":"Feature","properties":{"rodovia":"SC-114","kmInicial":199.684,"kmFinal":224.306,"situacao":"PAV","revestimento":"CC","nome":"PALMEIRA (ENTR.  SC-284) → DISTRITO ÍNDIOS (ENTR. BR-282)"},"geometry":{"type":"LineString","coordinates":[[583524.3,6949800.5],[582430.1,6948612.3],[581446.1,6946204.3],[580841.1,6945321.4],[580021.2,6944496.4],[579907.1,6944326.4],[579690.1,6942077.4],[579857.1,6941226.4],[579857.1,6941115.4],[579798.1,6940967.4],[579665.1,6940854.4],[578383.1,6940190.4],[578220.1,6940006.4],[578152.1,6939844.4],[577916.1,6938125.4],[577892.1,6936890.4],[578298.1,6935321.4],[578343.1,6934378.4],[578391.1,6934021.4],[578821.1,6931615.4],[579000.1,6931083.4],[579025.1,6930900.4],[579050.1,6929672.4],[579017.1,6928636.4],[578931.1,6928342.4],[578562.5,6927617.1]]}},{"type":"Feature","properties":{"rodovia":"SC-114","kmInicial":230.083,"kmFinal":254.719,"situacao":"PAV","revestimento":"CA","nome":"ENTR. BR-282 (P/ LAGES) → PAINEL (ENTR. SC-370)"},"geometry":{"type":"LineString","coordinates":[[572948.0,6926444.9],[573045.1,6926442.4],[573308.1,6926508.4],[573437.1,6926406.4],[573699.1,6926069.4],[573859.1,6925693.4],[574156.1,6925163.4],[574221.1,6924994.4],[574239.1,6924841.4],[574219.1,6923735.4],[574016.1,6923089.4],[573845.1,6921970.4],[573846.1,6921858.4],[573887.1,6921728.4],[574054.1,6921547.4],[575136.0,6920734.4],[576246.0,6919383.4],[577582.0,6917886.5],[577829.0,6917531.5],[577956.0,6917453.5],[578094.0,6917424.5],[579472.0,6917320.4],[579664.0,6917256.4],[579938.0,6917266.4],[580154.0,6917188.4],[580442.0,6917205.4],[580537.0,6917141.4],[580578.0,6917074.4],[580822.0,6916385.4],[580912.0,6916202.4],[581337.0,6915737.5],[581629.0,6915514.5],[582752.0,6914860.5],[583007.0,6914738.5],[585359.9,6914207.5],[585633.9,6914093.5],[586249.9,6913626.5],[586390.9,6913490.5],[588223.4,6910781.3]]}},{"type":"Feature","properties":{"rodovia":"SC-114","kmInicial":254.72,"kmFinal":280.858,"situacao":"PAV","revestimento":"CA","nome":"PAINEL (ENTR. SC-370) → ENTR. SC-112 (P/ URUPEMA)"},"geometry":{"type":"LineString","coordinates":[[588224.0,6910780.4],[588363.5,6910589.5],[588441.2,6910547.8],[588599.6,6910522.7],[588681.3,6910451.3],[588831.9,6910041.5],[589022.9,6909749.5],[589149.9,6909317.5],[589133.9,6909156.5],[588951.9,6908814.5],[588974.9,6908193.5],[588954.9,6907757.5],[588878.8,6907240.5],[588805.8,6907044.5],[588594.1,6906177.1],[589063.8,6905356.5],[589282.6,6904571.9],[589696.3,6902785.6],[590035.0,6900558.8],[590820.8,6898833.6],[591125.8,6897855.6],[591152.8,6897605.6],[591005.7,6896206.5],[591068.5,6895358.8],[591062.5,6894691.0],[591161.1,6894070.9],[591252.7,6893878.4],[591461.7,6893583.4],[591559.6,6893515.0],[591913.5,6893368.5],[592084.5,6893217.0],[592170.7,6893051.5],[592177.7,6892691.5],[592269.4,6892366.1],[592375.2,6892288.3],[592581.7,6892278.2],[592663.4,6892225.7],[592736.7,6892023.2],[593214.7,6891387.5],[593223.9,6891175.2],[593085.6,6890884.4],[593003.4,6890572.4],[593046.6,6890491.6],[593164.3,6890470.4],[593201.0,6890437.9],[593206.9,6890225.8],[593346.7,6889848.5],[593360.7,6889597.6],[593301.1,6889430.7],[593163.4,6889189.3],[593157.8,6888898.7],[593212.3,6888524.7],[593391.1,6888119.7],[593462.6,6888047.6],[593540.1,6888034.5],[593624.7,6888077.7],[593750.3,6888219.3],[594060.1,6888175.8],[594386.6,6888006.5],[594431.3,6887919.5],[594425.6,6887850.5]]}},{"type":"Feature","properties":{"rodovia":"SC-114","kmInicial":280.859,"kmFinal":305.864,"situacao":"PAV","revestimento":"CA","nome":"ENTR. SC-112 (P/ URUPEMA) → SÃO JOAQUIM (ENTR. NORTE SC-110/SC-390)"},"geometry":{"type":"LineString","coordinates":[[594425.4,6887849.4],[594376.8,6887516.1],[594427.7,6887448.2],[594633.9,6887306.6],[594714.0,6886933.7],[594891.2,6886785.9],[594997.6,6886637.5],[595271.2,6885819.0],[595653.8,6885239.6],[595825.8,6885041.4],[595965.8,6884939.0],[596234.9,6884861.8],[596317.6,6884809.5],[596351.4,6884695.6],[596306.6,6884460.4],[596319.6,6884391.6],[596378.0,6884332.9],[596563.5,6884270.3],[596706.8,6883985.2],[596904.6,6883707.5],[596983.1,6883424.4],[596932.4,6883137.7],[596953.4,6882851.2],[596916.8,6882538.7],[596952.5,6882417.1],[597059.8,6882335.2],[597267.8,6882300.0],[597390.0,6882247.0],[597588.5,6882095.6],[597667.7,6881925.1],[597686.8,6881624.7],[597744.0,6881543.7],[598021.8,6881400.0],[598485.5,6881286.2],[598557.6,6881237.3],[598589.2,6881142.0],[598580.2,6880768.2],[598694.7,6880481.6],[598632.1,6880118.0],[598648.8,6880026.2],[598694.7,6879975.0],[598788.9,6879947.2],[599126.2,6880022.9],[599241.8,6879998.5],[599330.6,6879890.0],[599538.5,6879500.4],[599736.5,6879051.2],[599725.0,6878908.6],[599206.7,6878554.0],[599151.2,6878487.0],[599122.4,6878382.4],[599127.4,6878251.4],[599163.4,6878161.4],[599386.4,6877863.4],[599339.8,6877512.5],[599407.7,6877426.4],[599846.1,6877351.7],[599946.4,6877295.4],[600003.4,6877208.4],[600105.4,6876796.4],[600163.4,6876696.5],[600539.4,6876487.4],[600662.4,6876389.4],[600930.4,6876016.4],[601110.4,6875668.4],[601265.4,6875537.4],[601284.3,6875471.8],[601263.2,6875412.5],[600835.4,6874915.7],[600848.5,6874661.8],[601576.3,6873851.3],[601750.3,6873411.3],[601821.3,6873111.3],[601957.4,6872887.4],[601943.5,6872561.9],[602060.6,6872373.4],[602116.2,6872141.9],[602197.3,6872063.3],[602358.9,6872016.2],[602396.0,6871968.6],[602328.5,6871724.5],[602194.2,6871646.5],[601891.3,6871375.3],[601866.8,6871246.3],[601889.3,6871035.3],[602023.6,6870924.2],[602163.3,6870650.3],[602304.7,6870476.4],[602492.3,6870387.3],[602713.3,6870225.3],[602970.3,6870224.3],[603631.2,6870057.3],[603848.2,6870197.3],[604017.2,6870260.3],[604276.2,6870073.3]]}},{"type":"Feature","properties":{"rodovia":"SC-161","kmInicial":0.0,"kmFinal":11.0,"situacao":"PAV","revestimento":"CA","nome":"DIVISA SC/PR → PALMA SOLA"},"geometry":{"type":"LineString","coordinates":[[270190.3,7093874.1],[270411.3,7093438.1],[270574.3,7092800.1],[270793.3,7092461.1],[271771.3,7091369.1],[272639.3,7089842.1],[272807.3,7089346.1],[272792.3,7088845.1],[272854.3,7088516.1],[273515.2,7087235.1],[273817.2,7086464.1],[273821.2,7086319.1],[273561.2,7085594.1],[273240.2,7084832.1],[273225.2,7084538.1],[273441.6,7084061.6]]}},{"type":"Feature","properties":{"rodovia":"SC-114","kmInicial":306.572,"kmFinal":307.382,"situacao":"PAV","revestimento":"RP","nome":"ENTR. RUA FRANCILÍCIO PINTO DE ARRUDA → KM 307,4 (INÍCIO DA PAVIMENTAÇÃO EM CONCRETO ASFÁLTICO)"},"geometry":{"type":"LineString","coordinates":[[604347.3,6869596.7],[604063.1,6868839.3]]}},{"type":"Feature","properties":{"rodovia":"SC-114","kmInicial":307.383,"kmFinal":324.57,"situacao":"PAV","revestimento":"CA","nome":"INÍCIO DA PAVIMENTAÇÃO EM CONCRETO ASFÁLTICO → FINAL DA PAVIMENTAÇÃO EM CONCRETO ASFÁLTICO"},"geometry":{"type":"LineString","coordinates":[[604063.2,6868838.3],[604069.0,6868759.9],[603958.0,6868493.1],[603771.7,6868403.1],[603466.9,6868012.2],[603294.3,6867949.4],[603224.8,6867903.3],[603173.3,6867821.8],[603182.7,6867748.5],[603263.0,6867644.7],[603274.9,6867522.3],[603163.0,6867184.6],[603148.8,6866416.1],[603015.4,6866076.8],[602667.3,6865587.3],[602552.4,6865514.4],[602305.1,6865421.0],[602102.6,6865226.0],[601854.6,6865119.1],[601790.7,6865026.1],[601779.6,6864913.1],[601822.3,6864672.7],[601723.9,6864380.6],[601774.7,6864025.5],[601712.4,6863781.4],[601715.2,6863465.8],[601670.5,6863309.3],[601525.4,6863128.9],[601215.9,6862930.1],[601110.9,6862676.1],[601021.5,6862549.0],[600722.7,6862420.7],[600633.6,6862348.1],[600381.3,6861781.7],[600230.5,6861581.1],[600181.5,6861332.4],[600121.1,6861221.7],[599958.1,6861117.1],[599521.9,6861090.8],[599346.1,6861024.2],[599249.0,6860917.5],[598984.6,6860497.4],[598606.2,6860237.1],[598291.6,6860184.0],[597987.6,6859990.2],[597675.0,6859988.6],[597524.7,6859912.1],[597375.7,6859730.2],[597189.7,6859587.9],[597067.2,6859420.6],[596702.1,6859078.7],[596486.9,6858815.5],[595999.0,6858506.5],[595682.3,6858192.0],[595344.2,6857993.8],[594772.6,6857551.5],[594655.9,6857369.8],[594557.3,6856945.6],[594464.6,6856836.0],[594250.2,6856727.2]]}},{"type":"Feature","properties":{"rodovia":"SC-114","kmInicial":324.571,"kmFinal":325.622,"situacao":"IMP","revestimento":"CA","nome":"FINAL DA PAVIMENTAÇÃO → ENTR. ACESSO DISTRITO SÃO SEBASTIÃO DO ARVOREDO"},"geometry":{"type":"LineString","coordinates":[[594249.4,6856726.6],[594071.6,6856582.3],[593887.4,6856583.7],[593815.8,6856557.9],[593690.4,6856406.9],[593468.0,6856278.0],[593401.0,6856197.4]]}},{"type":"Feature","properties":{"rodovia":"SC-120","kmInicial":1.351,"kmFinal":3.79,"situacao":"PAV","revestimento":"CA","nome":"TRÊS BARRAS → ENTR. ACESSO CANOINHAS"},"geometry":{"type":"LineString","coordinates":[[567620.9,7112283.6],[568007.2,7111794.3],[568792.0,7111441.1],[569172.9,7110565.1]]}},{"type":"Feature","properties":{"rodovia":"SC-120","kmInicial":3.791,"kmFinal":10.512,"situacao":"PAV","revestimento":"CA","nome":"ENTR. ACESSO CANOINHAS → ENTR. BR-280 (P/ MAFRA)"},"geometry":{"type":"LineString","coordinates":[[569173.7,7110564.8],[569764.9,7110112.1],[569940.9,7109934.1],[571834.9,7107009.0],[572739.8,7105130.0],[572817.4,7105016.2]]}},{"type":"Feature","properties":{"rodovia":"SC-120","kmInicial":36.339,"kmFinal":85.76,"situacao":"LEN","revestimento":"","nome":"ENTR. BR-280 (P/ PORTO UNIÃO) → DIVISA DE MUNICÍPIOS DE IRINEÓPOLIS/TIMBÓ GRANDE"},"geometry":{"type":"LineString","coordinates":[[549707.2,7096849.6],[549582.8,7096620.4],[549636.8,7096260.4],[549595.8,7095951.4],[549694.8,7095701.4],[549718.8,7095528.4],[549679.8,7095254.4],[549703.8,7094939.3],[549503.8,7094756.3],[549309.8,7094672.4],[549121.8,7094675.4],[549001.8,7094647.4],[548645.8,7094428.4],[548244.8,7094337.4],[548104.8,7094256.4],[547787.8,7094216.4],[547511.8,7094241.4],[547081.8,7094028.4],[546847.8,7094036.4],[546405.8,7094127.4],[546136.8,7094048.4],[545992.8,7094035.4],[545574.8,7094091.4],[545363.8,7094061.4],[545246.8,7093961.4],[545126.8,7093635.4],[544907.8,7093437.4],[544647.8,7093085.4],[544305.8,7092881.4],[544184.8,7092761.4],[544076.8,7092442.4],[543546.8,7092120.4],[543404.8,7091980.5],[543207.8,7091925.5],[543025.8,7091735.5],[542635.8,7091419.5],[542458.8,7091411.5],[542311.8,7091518.5],[542070.8,7091497.5],[541993.8,7091390.5],[541838.8,7090907.5],[541621.8,7090683.5],[541336.8,7090477.5],[541209.8,7090319.5],[541021.8,7090237.5],[540909.8,7090140.5],[540870.8,7090087.5],[540830.8,7089924.5],[540792.8,7089878.5],[540604.8,7089814.5],[540479.7,7089538.5],[540343.7,7089464.5],[540196.7,7089461.5],[540085.7,7089422.5],[539907.7,7089197.5],[539787.7,7089141.5],[539497.7,7089087.5],[539280.7,7088905.5],[539194.7,7088649.5],[539028.7,7088384.5],[539061.7,7088004.5],[539277.7,7087491.5],[539543.7,7087247.5],[539597.7,7087156.5],[539603.7,7087066.5],[539534.7,7086777.5],[539318.7,7086470.5],[539037.7,7086330.5],[538943.7,7086253.5],[538826.7,7085962.5],[538663.7,7085846.5],[538429.7,7085808.5],[538368.7,7085704.5],[538265.7,7085318.5],[537927.7,7085027.6],[537847.7,7084907.6],[537831.7,7084823.6],[538054.7,7084353.5],[538261.7,7083716.5],[538428.7,7083334.5],[538878.7,7082777.5],[539191.7,7082470.5],[539437.7,7082426.5],[539583.7,7082446.5],[539638.7,7082367.5],[539661.7,7082258.5],[539780.7,7082009.5],[539804.7,7081680.5],[539777.7,7081578.5],[539627.7,7081404.5],[539492.7,7080915.5],[539329.7,7080775.5],[539095.7,7080465.5],[538940.7,7080354.5],[538802.7,7080331.5],[538634.7,7080216.5],[538522.7,7080095.5],[538304.7,7079979.5],[538140.7,7079959.5],[537518.7,7080110.5],[537221.7,7080394.5],[537172.7,7080406.5],[536739.7,7080323.6],[536389.7,7080156.6],[536301.7,7080078.6],[535766.8,7079427.7],[535695.7,7079095.6],[535538.7,7078844.6],[535561.7,7078579.6],[535485.7,7078292.6],[535394.7,7078299.6],[535323.7,7078375.6],[535260.7,7078356.6],[535222.7,7078279.6],[535223.7,7078142.6],[535153.7,7078082.1],[535144.7,7077954.6],[534945.7,7077663.6],[534440.7,7077441.6],[534290.7,7077303.6],[534143.7,7077327.6],[534083.7,7077307.6],[533621.7,7076734.6],[533502.7,7076203.6],[533449.7,7075542.6],[533159.7,7074934.6],[533126.7,7074261.6],[532875.6,7073513.5],[532660.7,7073331.6],[532392.8,7073367.6],[532185.7,7073447.6],[532009.7,7073606.6],[531705.7,7073634.6],[531633.7,7073665.6],[531396.7,7073874.6],[531296.7,7074132.6],[531242.7,7074196.6],[530621.7,7074772.6],[530559.7,7074785.6],[530498.7,7074757.6],[530342.7,7074607.6],[530085.7,7074583.6],[529967.7,7074515.6],[529963.7,7074464.6],[530273.7,7074249.6],[530397.7,7074023.6],[530392.7,7073959.6],[530174.7,7073796.6],[529899.7,7073760.6],[529710.7,7073648.6],[529474.7,7073620.6],[529254.7,7073532.6],[529145.7,7073450.6],[528918.7,7072998.6],[528924.7,7072765.6],[528738.7,7072698.6],[528694.7,7072656.6],[528623.7,7072488.6],[528624.7,7072264.6],[528444.7,7071953.6],[528677.2,7071534.6],[528781.7,7071509.6],[528824.7,7071418.6],[528792.1,7071245.4],[528657.1,7071177.4],[528589.6,7071107.2],[528462.1,7071058.1],[528358.3,7070961.3],[528326.9,7070883.5],[528356.2,7070709.6],[528498.1,7070393.6],[528514.5,7070235.5],[528792.7,7069873.6],[528949.7,7068544.6],[528987.7,7068447.6],[529146.6,7068324.4]]}},{"type":"Feature","properties":{"rodovia":"SC-120","kmInicial":85.761,"kmFinal":102.449,"situacao":"LEN","revestimento":"","nome":"DIVISA DE MUNICÍPIOS DE IRINEÓPOLIS/TIMBÓ GRANDE → TIMBÓ GRANDE (ENTR. SC-340)"},"geometry":{"type":"LineString","coordinates":[[529147.3,7068323.8],[529228.7,7068145.6],[529216.7,7067889.6],[529240.7,7067810.6],[529298.7,7067777.6],[529503.7,7067763.6],[529545.7,7067687.6],[529514.7,7067561.6],[529389.7,7067468.6],[529339.7,7067300.1],[529473.7,7067244.6],[529631.7,7067072.6],[529815.7,7066646.6],[529770.7,7066532.6],[529778.7,7066403.6],[529746.7,7066327.6],[529772.7,7066139.6],[529737.7,7066045.6],[529569.7,7065877.6],[529501.7,7065747.6],[529644.7,7065461.5],[529665.7,7065165.5],[529726.7,7065109.5],[529953.7,7065025.5],[530150.7,7064867.5],[530362.7,7064932.5],[530405.7,7064920.5],[530538.7,7064785.5],[530635.7,7064598.5],[530544.7,7064304.5],[530584.7,7064158.5],[530701.2,7064090.0],[530704.7,7064062.5],[530587.7,7063972.5],[530574.7,7063823.5],[530503.7,7063757.5],[530370.7,7063503.6],[530382.7,7063136.5],[530436.7,7062749.5],[530336.7,7062488.5],[530463.7,7062381.5],[530443.7,7062310.5],[530510.7,7062208.5],[530504.5,7062078.6],[530562.7,7061927.5],[530668.2,7061754.6],[530809.7,7061710.5],[531085.7,7061514.5],[531357.7,7061411.5],[531702.7,7061070.5],[532120.7,7060852.5],[532139.7,7060764.5],[532204.7,7060727.5],[532484.7,7060241.5],[532454.7,7059985.5],[532791.7,7059872.5],[532907.7,7059756.5],[532859.7,7059641.5],[532697.7,7059519.5],[532684.7,7059398.5],[532639.7,7059321.5],[532381.7,7059154.5],[532278.7,7058821.5],[532365.7,7058536.5],[532549.7,7058432.5],[532721.7,7058271.5],[532872.7,7058334.5],[532950.7,7058326.5],[533000.7,7058149.5],[533013.7,7057807.5],[532954.7,7057275.5],[533086.7,7057197.5],[533073.7,7057166.5],[532905.7,7057073.5],[532853.7,7056977.5],[532839.7,7056762.5],[532942.7,7056617.0],[532913.8,7056560.6],[532830.7,7056566.5],[532814.7,7056440.5],[532699.3,7056244.7],[532661.2,7055972.9]]}},{"type":"Feature","properties":{"rodovia":"SC-120","kmInicial":159.719,"kmFinal":163.977,"situacao":"PAV","revestimento":"CA","nome":"ENTR. SC-350 (P/ CAÇADOR) → LEBON RÉGIS"},"geometry":{"type":"LineString","coordinates":[[527195.7,7023418.0],[527612.6,7023052.3],[528068.6,7022707.3],[528243.6,7022621.3],[528943.6,7022376.3],[529018.6,7022257.3],[529065.6,7022014.3],[529371.6,7021808.3],[529453.6,7021393.3],[529695.6,7021123.3],[529782.6,7021088.3],[529875.8,7021101.3],[530207.2,7021348.3]]}},{"type":"Feature","properties":{"rodovia":"SC-120","kmInicial":163.978,"kmFinal":165.025,"situacao":"PAV","revestimento":"CA","nome":"LEBON RÉGIS → ENTR. SC-355 (P/ FRAIBURGO)"},"geometry":{"type":"LineString","coordinates":[[530208.0,7021348.9],[530660.8,7021694.3],[530769.8,7021712.3],[531120.7,7021685.3]]}},{"type":"Feature","properties":{"rodovia":"SC-120","kmInicial":165.026,"kmFinal":166.307,"situacao":"PAV","revestimento":"CA","nome":"ENTR. SC-355 (P/ FRAIBURGO) → ENTR. SC-350 (P/ SANTA CECÍLIA)"},"geometry":{"type":"LineString","coordinates":[[531121.8,7021685.2],[531395.8,7021674.3],[531657.8,7021716.3],[532409.3,7021667.9]]}},{"type":"Feature","properties":{"rodovia":"SC-120","kmInicial":166.308,"kmFinal":188.338,"situacao":"PAV","revestimento":"CA","nome":"ENTR. SC-350 (P/ SANTA CECÍLIA) → DISTRITO RIO CORRENTES"},"geometry":{"type":"LineString","coordinates":[[532409.0,7021667.0],[532354.8,7021507.3],[532445.8,7021279.2],[532452.8,7021037.2],[532681.8,7020478.2],[532671.8,7020379.2],[532533.8,7020111.3],[532525.8,7020016.2],[532555.8,7019937.2],[532722.8,7019774.2],[532685.8,7019495.2],[532795.8,7019082.2],[532929.8,7018941.2],[533256.8,7018798.2],[533428.8,7018648.2],[533640.8,7018578.2],[533775.8,7018363.2],[533861.8,7018290.2],[534160.8,7018253.2],[534434.8,7018102.1],[534701.8,7018167.1],[534782.8,7018113.1],[534881.8,7017986.1],[535047.8,7017945.1],[535122.8,7017871.1],[535143.8,7017782.1],[535074.8,7017518.1],[535081.8,7017399.1],[535276.8,7017108.1],[535268.8,7017012.1],[535164.8,7016839.1],[535162.8,7016746.1],[535289.8,7016434.1],[535341.8,7016184.1],[535465.8,7015905.1],[535417.8,7015796.1],[535304.8,7015712.1],[535247.8,7015622.1],[535238.8,7015505.1],[535333.8,7015286.1],[535340.8,7015165.1],[535206.8,7014888.1],[535067.8,7014403.1],[535142.9,7014278.1],[535408.9,7014191.0],[535449.9,7014053.0],[535421.9,7013985.0],[535227.9,7013756.0],[535259.9,7013560.0],[535245.9,7013485.0],[535065.9,7013318.0],[535059.9,7013233.0],[535113.9,7013029.0],[535084.9,7012936.0],[535016.9,7012886.0],[534648.9,7012818.0],[534574.9,7012741.0],[534548.9,7012655.0],[534583.9,7012479.0],[534759.9,7012180.0],[534793.9,7012062.0],[534783.9,7011917.0],[534717.9,7011724.0],[534724.9,7011616.0],[534888.9,7011339.0],[534900.9,7011074.0],[535023.9,7010878.0],[535071.9,7010681.9],[535037.9,7010577.9],[534977.9,7010513.9],[534548.9,7010246.0],[534471.9,7010133.0],[534447.9,7010004.9],[534494.9,7009839.9],[534659.9,7009669.9],[534874.9,7009357.9],[535437.0,7008959.9],[535523.0,7008858.9],[535579.0,7008684.9],[535601.0,7008133.8],[535579.0,7007999.8],[535524.0,7007895.8],[535293.0,7007688.8],[535186.0,7007506.8],[534973.0,7007409.8],[534743.0,7007182.8],[534483.0,7007028.8],[534412.0,7006949.8],[534371.0,7006849.8],[534354.0,7006638.8],[534219.0,7006408.8],[534192.0,7006006.8],[534101.0,7005791.8],[534119.0,7005723.8],[534261.0,7005608.8],[534359.0,7005443.8],[534517.0,7005363.8],[534665.0,7005177.8],[534888.0,7005074.8],[535169.5,7004747.8]]}},{"type":"Feature","properties":{"rodovia":"SC-120","kmInicial":188.339,"kmFinal":218.156,"situacao":"PAV","revestimento":"CA","nome":"DISTRITO RIO CORRENTES → CURITIBANOS (ENTR. SC-451)"},"geometry":{"type":"LineString","coordinates":[[535170.2,7004747.0],[535307.0,7004572.7],[535411.0,7004322.7],[535578.0,7004184.7],[535688.1,7004027.7],[535874.1,7003878.7],[536229.1,7003316.7],[536538.1,7002979.7],[536592.1,7002847.7],[536586.1,7002747.6],[536506.1,7002572.6],[536513.1,7002312.7],[536302.1,7002159.6],[536239.1,7001988.6],[536110.1,7001814.7],[536057.1,7001531.6],[536005.1,7001413.6],[535816.1,7001127.6],[535651.2,7000990.7],[535600.1,7000890.6],[535617.1,7000759.6],[535851.1,7000412.6],[535891.1,7000274.6],[535831.1,6999906.6],[535557.1,6999635.6],[535534.1,6999441.6],[535437.1,6999226.6],[535431.1,6999125.6],[535479.1,6998915.6],[535458.1,6998783.5],[535407.1,6998696.5],[535315.1,6998618.5],[534939.1,6998476.6],[534779.2,6998180.5],[534486.2,6997907.5],[534422.2,6997773.5],[534401.2,6997646.5],[534416.2,6997511.5],[534510.2,6997323.5],[534826.2,6997068.5],[535079.2,6996734.5],[535273.2,6996618.5],[535327.2,6996556.5],[535343.2,6996439.5],[535240.2,6996103.5],[535247.2,6995972.5],[535316.2,6995890.5],[535598.2,6995739.4],[535651.2,6995647.4],[535694.2,6995462.4],[535863.2,6995287.4],[535856.2,6995182.4],[535690.2,6994946.4],[535684.2,6994512.4],[535414.2,6994080.4],[535421.2,6993894.4],[535537.2,6993689.4],[535636.2,6993268.4],[535566.2,6992922.4],[535410.2,6992743.4],[535371.2,6992650.4],[535376.2,6992186.4],[535412.5,6992037.1],[535560.3,6991830.4],[535576.3,6991659.4],[535718.3,6991235.4],[535961.3,6990988.4],[536063.3,6990707.4],[536138.3,6990653.3],[536313.3,6990612.3],[536424.3,6990552.3],[536620.3,6990205.3],[536596.3,6990077.3],[536315.3,6989968.3],[536145.3,6989757.3],[536108.3,6989661.3],[536140.3,6989213.3],[536421.3,6988440.3],[536414.3,6988266.3],[536337.3,6988026.3],[536346.3,6987914.3],[536442.3,6987763.3],[536806.3,6987510.3],[536875.3,6987370.3],[536885.3,6987121.3],[536925.3,6987013.3],[537025.3,6986914.3],[537223.3,6986791.3],[537340.3,6986536.3],[537602.3,6986182.3],[538053.3,6985836.2],[538148.3,6985728.2],[538232.3,6985518.2],[538254.3,6985209.2],[538350.3,6985036.2],[538475.3,6984941.2],[538876.3,6984763.2],[539239.3,6984680.2],[539479.4,6984507.2],[539582.4,6984339.2],[539651.3,6984022.2],[539766.4,6983926.2],[539864.4,6983920.2],[540036.4,6983985.2],[540365.4,6984009.2],[540553.4,6984081.2],[540672.4,6984058.2],[540844.4,6983943.2],[540998.4,6983893.2],[541056.4,6983791.2],[541087.4,6983609.2],[541202.4,6983506.2],[541272.4,6983376.2],[541117.4,6983147.2],[541116.4,6983090.2],[541683.1,6981625.2]]}},{"type":"Feature","properties":{"rodovia":"SC-120","kmInicial":218.157,"kmFinal":221.84,"situacao":"PAV","revestimento":"CA","nome":"CURITIBANOS (ENTR. SC-451) → ENTR. BR-470 (P/ BRUNÓPOLIS)"},"geometry":{"type":"LineString","coordinates":[[541683.5,6981624.3],[541935.4,6980995.1],[542146.4,6981104.1],[542810.4,6980585.1],[542990.4,6980353.1],[543197.4,6979899.1],[543332.4,6979509.1],[543334.4,6979381.2],[543264.4,6979136.1],[543374.0,6978863.2]]}},{"type":"Feature","properties":{"rodovia":"SC-120","kmInicial":221.841,"kmFinal":238.931,"situacao":"PAV","revestimento":"CA","nome":"ENTR. BR-470 (P/ BRUNÓPOLIS) → ENTR. SC-281"},"geometry":{"type":"LineString","coordinates":[[543373.9,6978862.2],[543506.4,6978663.1],[543534.4,6978530.1],[543304.4,6978088.1],[542897.4,6977142.1],[542752.4,6976700.1],[542700.5,6976081.1],[542603.5,6975846.0],[542582.5,6975522.0],[542618.5,6974867.0],[542450.5,6973927.0],[542587.5,6973651.0],[542717.6,6973203.0],[542649.6,6973099.0],[542426.6,6972923.0],[542211.6,6972878.0],[541968.6,6972905.0],[541886.6,6972860.0],[541415.6,6972348.9],[541272.6,6972079.9],[540919.6,6971646.9],[540904.6,6971494.9],[541056.6,6971288.9],[541065.6,6971102.9],[541020.6,6971021.9],[540703.6,6970822.9],[540660.6,6970739.9],[540664.6,6970675.9],[540716.7,6970602.9],[540778.6,6970576.9],[541161.6,6970627.9],[541230.6,6970577.9],[541312.6,6970457.9],[541359.6,6970308.9],[541300.7,6970175.9],[541246.7,6970128.9],[540885.7,6970106.9],[540801.7,6970041.9],[540711.7,6969909.9],[540717.7,6969357.9],[540672.7,6969280.9],[540529.7,6969187.9],[540506.7,6969122.9],[540552.7,6969026.9],[540808.7,6968869.8],[540817.7,6968772.8],[540701.7,6968607.8],[540483.7,6968464.8],[540419.7,6968372.8],[540057.8,6966902.8],[540083.8,6966722.8],[540048.8,6966525.8],[540030.8,6966043.8],[539952.8,6965905.8],[539747.8,6965785.8],[539687.8,6965705.8],[539643.8,6965357.7],[539657.4,6965097.3]]}},{"type":"Feature","properties":{"rodovia":"SC-120","kmInicial":238.932,"kmFinal":242.263,"situacao":"PAV","revestimento":"CA","nome":"ENTR. SC-281 → DIVISA DE MUNICÍPIOS DE CURITIBANOS/SÃO JOSÉ DO CERRITO"},"geometry":{"type":"LineString","coordinates":[[539657.4,6965096.3],[539618.8,6964931.7],[539503.8,6964737.7],[539365.8,6964635.7],[539041.8,6964497.7],[538923.8,6964407.7],[538889.8,6964326.7],[538908.8,6964105.7],[538884.8,6964014.7],[538589.9,6963401.7],[538488.9,6963125.7],[537971.9,6962432.8]]}},{"type":"Feature","properties":{"rodovia":"SC-120","kmInicial":242.264,"kmFinal":262.264,"situacao":"PAV","revestimento":"CA","nome":"DIVISA DE MUNICÍPIOS DE CURITIBANOS/SÃO JOSÉ DO CERRITO → ENTR. BR-282 (P/ SÃO JOSÉ DO CERRITO)"},"geometry":{"type":"LineString","coordinates":[[537971.3,6962432.0],[537720.9,6962090.7],[537564.9,6961766.6],[537546.9,6961661.6],[537604.9,6961559.6],[538035.9,6961093.6],[538075.0,6960727.6],[538395.0,6960271.6],[538398.0,6960181.6],[538340.0,6959967.6],[538516.0,6959556.6],[538511.0,6959448.6],[538247.0,6958764.5],[538217.0,6958591.5],[538266.0,6958409.5],[538272.0,6958218.5],[538489.0,6958002.5],[538533.0,6957908.5],[538509.1,6956871.5],[538623.1,6956616.5],[538581.1,6956286.5],[538712.1,6955832.5],[538696.1,6955740.5],[538534.1,6955457.5],[538634.1,6955191.5],[538647.1,6955036.5],[538275.1,6954187.5],[538247.1,6954063.6],[538296.1,6953736.5],[538456.1,6953381.5],[538496.1,6953070.5],[538658.1,6952754.5],[538684.1,6952628.5],[538654.1,6952498.5],[538467.1,6952170.5],[538382.1,6951755.5],[537955.1,6951071.5],[537727.1,6950567.5],[537785.1,6950245.5],[537755.1,6949919.5],[537851.1,6949531.5],[537663.1,6948988.4],[537699.1,6948888.4],[537847.1,6948738.4],[537868.1,6948610.5],[537825.1,6948508.4],[537658.1,6948320.4],[537591.1,6948036.4],[537502.1,6947826.4],[537531.2,6947468.4],[537457.2,6946944.4],[537315.2,6946661.4],[537373.2,6946205.4],[537256.2,6945751.4],[537327.2,6945424.4],[537330.2,6945327.4],[537279.2,6945131.4],[537348.2,6944747.4],[537256.2,6944555.4],[537217.2,6944374.4],[537057.3,6944076.7]]}},{"type":"Feature","properties":{"rodovia":"SC-135","kmInicial":0.0,"kmFinal":17.405,"situacao":"PAV","revestimento":"CA","nome":"ENTR. BR-280 (P/ PORTO UNIÃO) → DIVISA DE MUNICÍPIOS DE PORTO UNIÃO/MATOS COSTA"},"geometry":{"type":"LineString","coordinates":[[495061.4,7093186.8],[495074.2,7093013.2],[495129.6,7092929.4],[495189.8,7092903.6],[495403.2,7092900.3],[495474.8,7092852.8],[495507.8,7092762.8],[495446.8,7092582.8],[495502.8,7092385.8],[495454.8,7092227.8],[495475.8,7092050.8],[495415.8,7091860.8],[495409.8,7091707.8],[495347.8,7091603.8],[495354.8,7091528.8],[495432.8,7091450.8],[495611.3,7091449.8],[495667.8,7091423.8],[495768.8,7091295.8],[495954.8,7091204.8],[496061.8,7091084.8],[496306.8,7090656.8],[496428.8,7090259.8],[496431.8,7090064.8],[496467.8,7089951.8],[497034.8,7089402.8],[497105.8,7089293.8],[497139.8,7089134.8],[497147.8,7088550.8],[496981.8,7088312.8],[496852.8,7088218.8],[496766.8,7088085.8],[496496.8,7088010.8],[496399.8,7087941.8],[496345.8,7087834.8],[496324.8,7087546.8],[496194.8,7087429.8],[495898.8,7087365.8],[495704.8,7087409.8],[495474.8,7087375.8],[494926.8,7087008.8],[494891.8,7086943.8],[494910.8,7086823.8],[494853.8,7086742.8],[494683.8,7086757.8],[494557.8,7086702.8],[494348.8,7086709.8],[494023.8,7086456.8],[493977.8,7086386.8],[493906.8,7086121.8],[493639.8,7085939.8],[493623.8,7085855.9],[493650.8,7085730.9],[493568.8,7085595.8],[493507.8,7085278.8],[493434.8,7085179.8],[493181.8,7085066.8],[493114.8,7085085.8],[492978.8,7085209.8],[492869.8,7085193.8],[492826.8,7085148.8],[492788.8,7084844.8],[492653.8,7084335.8],[492465.8,7084099.8],[492473.8,7083997.8],[492534.8,7083890.8],[492540.8,7083768.8],[492404.8,7083434.8],[492258.8,7083286.8],[492190.8,7083151.8],[492081.8,7083083.8],[492042.8,7083022.8],[492170.8,7082594.8],[492162.8,7082453.8],[492194.8,7082336.8],[492176.8,7082257.8],[492040.8,7081959.8],[491811.8,7081877.8],[491652.8,7081766.8],[491634.8,7081699.8],[491653.8,7081586.8],[491579.8,7081287.8],[491488.8,7081208.8],[491352.8,7081153.8],[491269.8,7081036.8],[491158.6,7080943.8]]}},{"type":"Feature","properties":{"rodovia":"SC-135","kmInicial":17.406,"kmFinal":33.35,"situacao":"PAV","revestimento":"CA","nome":"DIVISA DE MUNICÍPIOS DE PORTO UNIÃO/MATOS COSTA → MATOS COSTA (ENTR. SC-462)"},"geometry":{"type":"LineString","coordinates":[[491158.1,7080942.9],[491095.8,7080708.8],[490954.8,7080523.8],[490776.8,7080439.8],[490726.8,7080296.8],[490770.8,7080195.8],[491041.8,7080088.8],[491133.7,7079970.8],[491190.7,7079677.8],[491310.8,7079371.8],[491309.7,7079255.8],[491251.7,7079072.8],[491287.7,7078876.8],[491269.7,7078784.8],[490917.7,7078376.8],[490584.7,7078227.8],[490271.7,7078163.8],[490205.7,7078119.8],[490171.7,7078054.8],[490168.7,7077884.8],[490133.7,7077762.8],[490184.7,7077556.8],[490188.7,7077312.8],[490481.7,7076992.8],[490521.7,7076907.8],[490526.7,7076812.8],[490465.7,7076637.8],[490453.7,7076509.8],[490609.7,7076083.8],[490602.7,7075952.8],[490554.7,7075832.8],[490466.7,7075731.8],[490347.7,7075664.8],[489981.7,7075595.8],[489657.7,7075428.8],[489457.7,7075378.8],[489349.8,7075437.7],[489325.7,7075542.8],[489357.7,7075604.8],[489603.7,7075843.8],[489622.7,7075957.8],[489581.7,7076053.8],[489500.7,7076118.8],[489419.7,7076133.8],[489068.7,7076059.8],[488975.7,7076007.8],[488879.7,7075893.8],[488842.7,7075787.8],[488854.7,7075335.8],[488827.7,7075181.8],[488343.7,7074427.8],[488318.7,7074287.8],[488348.7,7074025.8],[488255.7,7073843.8],[488192.7,7073589.8],[488120.7,7073489.8],[488022.7,7073418.8],[487542.7,7073229.8],[487232.7,7072999.8],[487187.7,7072927.8],[487143.7,7072748.8],[487023.7,7072594.8],[486962.7,7072440.8],[486881.7,7072368.8],[486608.7,7072356.8],[486536.7,7072314.8],[486418.7,7072178.8],[486174.7,7072113.8],[485810.7,7071894.8],[485502.7,7071958.8],[484871.7,7071870.9]]}},{"type":"Feature","properties":{"rodovia":"SC-135","kmInicial":33.351,"kmFinal":51.005,"situacao":"PAV","revestimento":"CA","nome":"MATOS COSTA (ENTR. SC-462) → CALMON"},"geometry":{"type":"LineString","coordinates":[[484870.8,7071870.5],[484712.7,7071740.8],[484367.6,7070886.2],[484249.7,7070774.8],[484239.7,7070638.8],[484111.7,7070450.8],[484147.7,7070224.8],[484285.7,7070012.8],[484348.7,7069839.8],[484356.7,7069666.8],[484273.7,7069544.8],[483984.7,7069381.8],[483922.7,7069239.8],[483990.7,7068771.8],[484394.7,7067000.7],[484650.7,7066587.7],[484905.7,7066293.7],[484986.7,7065960.7],[485345.7,7065668.7],[485400.7,7065588.8],[485384.7,7065510.7],[485240.7,7065348.7],[485258.7,7065144.7],[485102.7,7064956.7],[485116.7,7064720.7],[484858.7,7064345.7],[484862.7,7064216.7],[484927.7,7064053.7],[484796.7,7063796.7],[484822.7,7063484.7],[484921.7,7063340.7],[485122.7,7062892.7],[485430.7,7062724.7],[485517.7,7062645.7],[485682.7,7062316.7],[485949.7,7061605.7],[486055.7,7061535.7],[486290.7,7061514.7],[486492.7,7061308.7],[486958.7,7061120.7],[487286.7,7060835.7],[487724.7,7060193.7],[487847.7,7059707.7],[487938.7,7059537.7],[489554.7,7058167.7],[490037.7,7057968.7]]}},{"type":"Feature","properties":{"rodovia":"SC-135","kmInicial":51.006,"kmFinal":66.631,"situacao":"PAV","revestimento":"CA","nome":"CALMON → ENTR. SC-459"},"geometry":{"type":"LineString","coordinates":[[490038.7,7057968.4],[491277.7,7057825.6],[491508.7,7057745.6],[491776.7,7057731.6],[492819.7,7057200.6],[493128.7,7057125.6],[493277.7,7057133.6],[494073.7,7057406.6],[494233.7,7057375.6],[494621.7,7057142.6],[494826.7,7056903.6],[494947.7,7056365.6],[495291.8,7055791.6],[495934.8,7055261.6],[496314.8,7054870.6],[496555.8,7054772.6],[496747.8,7054563.6],[496791.8,7054471.6],[496937.8,7053727.6],[497019.8,7053577.6],[497873.8,7052949.6],[498002.8,7052912.6],[498425.8,7052902.6],[498555.7,7052866.0],[499132.8,7052441.6],[499254.8,7052144.6],[499337.9,7052061.5],[500558.8,7051959.6],[501216.8,7051755.6],[501297.8,7051719.6],[501466.8,7051549.6],[501738.8,7051367.6],[502152.8,7051232.6],[502220.8,7051112.6],[502187.3,7050968.6]]}},{"type":"Feature","properties":{"rodovia":"SC-135","kmInicial":66.632,"kmFinal":74.326,"situacao":"PAV","revestimento":"CA","nome":"ENTR. SC-459 → JURISDIÇÃO SIE FINAL (CAÇADOR)"},"geometry":{"type":"LineString","coordinates":[[502186.7,7050967.8],[502106.8,7050820.6],[502131.8,7050615.6],[502086.8,7050219.6],[501987.8,7049979.6],[502087.8,7049722.6],[502113.8,7049296.6],[502083.8,7048714.5],[502153.8,7048481.5],[502154.8,7048388.5],[502125.8,7048298.5],[502053.8,7048205.5],[501657.8,7048033.5],[501500.8,7047830.5],[501480.8,7047625.5],[501509.8,7047328.5],[501376.8,7046956.5],[501462.8,7046442.6],[501410.8,7046333.5],[501286.8,7046234.5],[501246.8,7046120.5],[501317.8,7045678.5],[501412.8,7045309.5],[501325.8,7045048.5],[501331.8,7044905.0],[501563.8,7044232.5],[501770.6,7044016.9]]}},{"type":"Feature","properties":{"rodovia":"SC-135","kmInicial":88.052,"kmFinal":103.795,"situacao":"PAV","revestimento":"CA","nome":"JURISDIÇÃO SIE INICIAL (CAÇADOR) → RIO DAS ANTAS"},"geometry":{"type":"LineString","coordinates":[[497717.6,7035697.3],[497297.8,7035408.5],[496766.3,7034891.0],[496303.8,7034648.5],[496231.8,7034640.5],[496055.8,7034695.5],[495990.8,7034683.5],[495954.8,7034637.5],[495935.8,7034513.5],[495823.8,7034362.5],[495827.8,7034281.5],[495945.8,7034082.5],[495943.8,7033807.4],[495920.8,7033662.5],[495789.8,7033433.4],[495868.8,7033172.4],[495738.8,7032832.4],[495743.8,7032736.5],[495795.8,7032654.4],[496502.8,7032008.4],[496530.8,7031899.4],[496501.8,7031809.4],[496235.8,7031538.4],[495780.8,7031299.4],[495422.8,7031001.4],[495228.8,7030715.4],[495072.8,7030246.4],[495000.8,7030150.4],[494667.8,7030021.4],[494226.8,7030106.4],[493856.8,7030099.4],[493700.0,7030142.4],[493610.8,7030131.4],[493462.8,7030007.4],[493377.8,7029895.4],[493254.8,7029619.4],[493177.9,7029534.5],[493152.8,7029432.4],[493283.8,7029135.4],[493116.8,7028877.4],[493107.8,7028816.4],[493147.8,7028745.4],[493511.8,7028401.4],[493580.8,7028145.4],[493405.8,7027858.4],[493048.8,7027603.4],[493013.8,7027336.4],[492625.8,7025981.4],[492579.8,7025903.4],[492292.8,7025628.4],[492291.9,7025578.5],[492395.8,7025470.4],[492460.8,7025279.4],[492417.8,7025065.4],[492494.8,7025019.4],[492537.8,7024804.4],[492465.9,7024703.4]]}},{"type":"Feature","properties":{"rodovia":"SC-135","kmInicial":103.796,"kmFinal":119.29,"situacao":"PAV","revestimento":"CA","nome":"RIO DAS ANTAS → ENTR. SC-355 (P/ FRAIBURGO)"},"geometry":{"type":"LineString","coordinates":[[492465.5,7024702.5],[492528.8,7024493.4],[492418.8,7024417.4],[492355.8,7024193.4],[492285.8,7024148.4],[492138.8,7024185.4],[492060.3,7024169.4],[491890.8,7023904.4],[491531.8,7023750.4],[491472.8,7023684.4],[491514.8,7023350.4],[491605.8,7023209.4],[491607.8,7023134.4],[491499.8,7022888.4],[491334.9,7022780.4],[491136.8,7022393.4],[490960.8,7021867.4],[490916.8,7021835.4],[490550.8,7021780.4],[490201.8,7021558.4],[490076.8,7021270.3],[489987.8,7020914.3],[489551.8,7020650.3],[489030.9,7019962.3],[488872.9,7019898.3],[488766.6,7019899.9],[488390.9,7020105.3],[488326.9,7020116.3],[488200.9,7020090.3],[488119.9,7020000.4],[488170.9,7019606.3],[488212.9,7019507.3],[488964.9,7018611.3],[489019.9,7018477.3],[488964.9,7018331.3],[488896.9,7018286.3],[488696.9,7018237.3],[488620.9,7018151.3],[488713.9,7017292.3],[488679.9,7017157.3],[488494.9,7016971.3],[488468.9,7016887.3],[488673.9,7016272.3],[488992.9,7015878.3],[489053.9,7015690.3],[488805.9,7015081.3],[488559.9,7014658.3],[488598.9,7014589.3],[488671.9,7014568.3],[488956.9,7014723.3],[489031.9,7014732.3],[489114.9,7014699.3],[489276.9,7014480.3],[489376.9,7014088.3],[489344.9,7013947.3]]}},{"type":"Feature","properties":{"rodovia":"SC-135","kmInicial":119.291,"kmFinal":120.3,"situacao":"PAV","revestimento":"CA","nome":"ENTR. SC-355 (P/ FRAIBURGO) → ENTR. SC-355 (P/ VIDEIRA)"},"geometry":{"type":"LineString","coordinates":[[489344.0,7013947.0],[488386.4,7013755.3]]}},{"type":"Feature","properties":{"rodovia":"SC-135","kmInicial":120.301,"kmFinal":126.19,"situacao":"PAV","revestimento":"CA","nome":"ENTR. SC-355 (P/ VIDEIRA) → VIDEIRA (ENTR. CONTORNO RODOVIÁRIO SUL)"},"geometry":{"type":"LineString","coordinates":[[488386.5,7013754.4],[488382.2,7013697.6],[488194.1,7013337.9],[488106.0,7013015.5],[487861.3,7012733.7],[487709.8,7012428.1],[487494.9,7012262.7],[487378.4,7012058.3],[487292.4,7011981.6],[486777.2,7011726.9],[486710.4,7011668.7],[486695.1,7011602.9],[486778.5,7011286.0],[486704.1,7011045.6],[486597.3,7010988.8],[486042.9,7010909.1],[485810.8,7010825.7],[485377.2,7010545.2],[485055.1,7010184.8],[484617.0,7009939.1]]}},{"type":"Feature","properties":{"rodovia":"SC-135","kmInicial":126.191,"kmFinal":136.35,"situacao":"PAV","revestimento":"CA","nome":"VIDEIRA (ENTR. CONTORNO RODOVIÁRIO SUL) → PINHEIRO PRETO"},"geometry":{"type":"LineString","coordinates":[[484616.9,7009938.1],[484700.5,7009693.3],[484705.5,7009333.8],[484659.5,7008975.6],[484673.7,7008686.9],[484646.9,7008519.5],[484498.8,7008428.3],[484392.3,7008268.8],[484306.9,7008229.9],[483835.2,7008358.2],[483632.8,7008307.9],[483110.3,7008051.3],[482931.0,7007741.7],[482866.2,7007682.2],[482790.1,7007683.5],[482616.2,7007784.7],[482428.3,7007766.9],[482233.2,7007806.6],[482006.3,7007749.0],[481801.9,7007803.3],[481494.3,7007635.2],[481036.0,7007468.6],[480649.0,7007465.2],[480324.9,7007588.3],[480265.4,7007627.3],[480115.9,7007822.4],[479912.8,7007899.2],[479798.4,7007922.3],[479631.0,7007848.2],[478654.7,7008097.6],[478193.0,7008157.8],[477885.9,7008316.5],[477698.9,7008354.2],[477454.7,7008309.9],[477214.5,7008157.1],[477147.7,7007996.4],[477178.5,7007862.5]]}},{"type":"Feature","properties":{"rodovia":"SC-135","kmInicial":136.351,"kmFinal":142.024,"situacao":"PAV","revestimento":"CA","nome":"PINHEIRO PRETO → JURISDIÇÃO SIE FINAL (TANGARÁ)"},"geometry":{"type":"LineString","coordinates":[[477178.8,7007861.5],[477262.8,7007475.2],[477413.0,7007283.0],[477594.2,7007191.1],[477684.5,7007012.5],[477642.8,7006667.5],[477583.0,7006567.3],[477358.7,7006457.5],[476642.1,7006599.1],[476533.6,7006548.8],[476500.2,7006395.0],[476431.7,7006311.0],[476417.8,7006229.3],[476685.0,7005624.4],[476738.6,7005263.3],[476823.6,7005091.6],[476835.5,7004975.9],[476243.5,7004219.5],[476106.4,7003945.1]]}},{"type":"Feature","properties":{"rodovia":"SC-135","kmInicial":146.098,"kmFinal":146.581,"situacao":"PAV","revestimento":"CA","nome":"JURISDIÇÃO SIE INICIAL (TANGARÁ) → ENTR. SC-453 (P/ MONTE CARLO)"},"geometry":{"type":"LineString","coordinates":[[476476.9,7001568.2],[476441.9,7001521.3],[476443.9,7001464.2],[476560.9,7001233.2],[476548.9,7001191.2],[476490.4,7001170.5]]}},{"type":"Feature","properties":{"rodovia":"SC-135","kmInicial":146.582,"kmFinal":158.248,"situacao":"PAV","revestimento":"CA","nome":"ENTR. SC-453 (P/ MONTE CARLO) → IBIAM"},"geometry":{"type":"LineString","coordinates":[[476489.4,7001170.4],[476285.9,7001179.2],[476192.9,7001154.2],[475951.9,7000864.2],[475813.9,7000798.2],[475724.9,7000813.2],[475467.9,7000951.2],[475266.9,7001225.2],[475000.9,7001272.2],[474923.9,7001247.2],[474871.9,7001164.2],[474884.9,7000907.2],[474846.9,7000547.2],[474954.9,7000264.2],[475022.9,7000173.2],[475034.9,7000086.3],[474906.9,6999846.3],[474769.9,6999718.2],[474580.9,6999414.2],[474406.9,6999233.2],[474353.9,6999105.2],[474357.9,6999017.2],[474414.9,6998907.2],[474586.9,6998806.2],[474820.8,6998586.3],[474948.9,6998521.2],[475281.9,6998469.2],[475372.9,6998410.2],[475420.9,6998328.2],[475406.9,6998177.2],[475085.9,6997911.2],[475052.9,6997726.2],[474928.9,6997609.2],[474906.9,6997507.3],[474963.9,6997419.2],[475173.9,6997290.2],[475305.9,6997007.2],[475472.9,6996777.2],[475501.9,6996533.2],[475548.9,6996389.2],[475517.9,6996109.2],[475571.9,6995542.2],[475384.9,6995070.2],[475453.9,6994933.2],[475731.9,6994834.2],[475787.9,6994763.2],[475879.9,6994300.2],[475724.9,6993898.2],[475723.9,6993740.2],[475799.9,6993623.2],[476094.7,6993451.9]]}},{"type":"Feature","properties":{"rodovia":"SC-135","kmInicial":158.249,"kmFinal":184.947,"situacao":"PAV","revestimento":"CA","nome":"IBIAM → CAMPOS NOVOS (ENTR. BR-282)"},"geometry":{"type":"LineString","coordinates":[[476095.5,6993451.4],[476266.9,6993347.2],[476343.9,6993227.2],[476331.9,6992974.2],[476375.9,6992716.2],[476309.9,6992334.2],[476071.9,6991926.2],[476018.9,6991787.2],[476014.9,6991673.2],[476071.9,6991409.2],[476070.9,6990800.2],[476110.9,6990698.2],[476257.9,6990539.2],[476365.9,6990344.2],[476606.9,6990202.2],[476677.9,6990074.2],[476807.9,6989954.2],[476833.9,6989882.2],[476800.9,6989802.2],[476706.9,6989739.2],[476519.9,6989490.2],[476505.9,6989349.2],[476422.9,6989220.2],[476406.9,6989014.2],[476284.9,6988718.2],[476248.8,6988547.2],[476049.8,6988109.2],[476099.5,6987916.6],[476021.8,6987736.2],[476057.8,6987437.2],[475877.8,6987140.2],[475848.8,6987001.2],[475994.8,6986502.2],[476030.8,6986091.2],[476094.8,6985944.2],[476300.8,6985731.2],[476368.8,6985548.2],[476507.8,6985403.2],[476569.8,6985041.2],[476734.8,6984837.2],[476818.8,6984604.2],[477038.8,6984205.2],[477065.8,6984023.2],[476996.8,6983741.2],[477030.8,6983578.2],[477146.8,6983440.2],[477355.8,6983318.2],[477504.8,6983052.2],[477792.8,6982900.2],[477866.8,6982801.2],[477857.8,6982507.2],[477962.8,6982281.2],[477931.8,6981942.2],[478083.8,6981686.2],[478000.8,6981339.2],[478075.8,6980865.2],[478148.8,6980760.1],[478449.8,6980574.1],[478570.8,6980433.1],[478833.8,6979743.1],[479068.8,6979453.1],[479137.8,6979242.1],[479322.8,6978892.1],[479381.7,6978422.6],[479284.8,6978047.1],[479323.8,6977888.1],[479471.8,6977592.2],[479467.8,6977435.1],[479392.8,6977227.1],[479430.8,6977020.2],[479904.8,6976568.1],[480219.8,6976401.1],[480364.8,6976225.1],[480538.8,6976071.1],[480596.8,6975920.1],[480567.8,6975759.1],[480435.8,6975574.1],[480440.8,6975289.1],[480359.8,6975116.1],[480324.8,6974913.1],[480210.8,6974747.1],[480190.8,6974494.1],[480003.8,6974258.1],[479967.8,6974072.1],[479764.8,6973638.1],[479824.8,6973194.1],[479804.8,6972779.1],[479913.8,6972341.1],[479877.8,6972101.1],[479745.8,6971875.1],[479378.4,6971580.5],[479211.8,6971144.1],[478834.8,6970630.1],[478770.8,6970440.1],[478704.1,6970336.1]]}},{"type":"Feature","properties":{"rodovia":"SC-135","kmInicial":200.003,"kmFinal":216.551,"situacao":"PAV","revestimento":"CA","nome":"ENTR. BR-470 (P/ DIVISA SC/RS) → INICIO BARRAGEM"},"geometry":{"type":"LineString","coordinates":[[472985.5,6961812.5],[472981.1,6961780.4],[472716.7,6961684.6],[472273.1,6961081.8],[472230.8,6960976.6],[472213.8,6960668.9],[472271.1,6960429.1],[472239.3,6959948.7],[472389.3,6958647.7],[472230.1,6957970.2],[472320.2,6957447.4],[472317.9,6957318.7],[472180.1,6956828.5],[472153.0,6956627.1],[472173.3,6955511.9],[472230.2,6955331.0],[472442.0,6954881.4],[472602.0,6954136.6],[472931.6,6953423.8],[472931.4,6953285.4],[472676.1,6952882.6],[472122.3,6952526.0],[472008.8,6952487.3],[471484.2,6952468.3],[471155.6,6952215.1],[470605.9,6951284.9],[470517.7,6951192.0],[470142.5,6950935.5],[469974.6,6950661.1],[469799.4,6950525.8],[469655.9,6950174.4],[469371.0,6949966.8],[469016.7,6949178.5],[468883.3,6949094.5],[468513.0,6949046.1],[468444.1,6949005.2],[468425.7,6948927.3],[468498.7,6948686.5],[468489.4,6948375.2],[468463.9,6948276.0],[468395.0,6948177.3]]}},{"type":"Feature","properties":{"rodovia":"SC-135","kmInicial":216.552,"kmFinal":220.491,"situacao":"PAV","revestimento":"CA","nome":"INICIO BARRAGEM → FIM BARRAGEM"},"geometry":{"type":"LineString","coordinates":[[468394.4,6948176.5],[468264.8,6948008.1],[468018.9,6947850.2],[467613.4,6947378.7],[467287.1,6947257.9],[467167.0,6947090.7],[467218.9,6946932.1],[467338.4,6946890.4],[467439.1,6946927.8],[467639.5,6946880.8],[467867.8,6946345.1],[467748.3,6946270.0],[467743.6,6946228.3],[467782.2,6946212.0],[467835.5,6946267.8],[467914.3,6946279.3],[467985.9,6946232.9],[467983.3,6946160.7],[467861.9,6946071.2],[467735.6,6945793.9]]}},{"type":"Feature","properties":{"rodovia":"SC-135","kmInicial":220.492,"kmFinal":223.166,"situacao":"PAV","revestimento":"CA","nome":"FIM BARRAGEM → CELSO RAMOS (ENTR. SC-390)"},"geometry":{"type":"LineString","coordinates":[[467735.2,6945793.0],[467536.9,6945552.0],[467229.6,6944570.4],[467023.9,6944325.2],[466798.8,6944140.7],[466594.4,6943776.8],[466522.2,6943511.0]]}},{"type":"Feature","properties":{"rodovia":"SC-150","kmInicial":14.757,"kmFinal":30.091,"situacao":"PAV","revestimento":"CA","nome":"ENTR. SUL BR-153 (P/ IRANI) → DISTRITO HERCILIÓPOLIS (ENTR. SC-464 P/ SALTO VELOSO)"},"geometry":{"type":"LineString","coordinates":[[442842.3,7046831.4],[442996.9,7046383.8],[443295.9,7046099.8],[443390.9,7045825.8],[443608.9,7045623.8],[443690.9,7045391.8],[443649.0,7044345.8],[443580.0,7044034.8],[443611.0,7043866.8],[443772.0,7043631.8],[443805.0,7043524.8],[443734.0,7043207.8],[443801.0,7042470.8],[443768.0,7042347.8],[443642.0,7042228.8],[443584.0,7042128.8],[443586.0,7041911.8],[443876.0,7041454.7],[444260.0,7040588.7],[445410.0,7039103.7],[445588.0,7038769.7],[446034.0,7038425.7],[446163.0,7038265.7],[446210.0,7038148.7],[446251.0,7037890.7],[446342.0,7037654.7],[446215.0,7037457.7],[446223.0,7037281.7],[446546.0,7036799.6],[446827.0,7036479.6],[447108.0,7035936.6],[447316.0,7035640.6],[447703.0,7034890.6],[447883.0,7034668.6],[448045.0,7034227.6],[448255.0,7033905.6],[448280.0,7033684.6],[448241.6,7033529.7]]}},{"type":"Feature","properties":{"rodovia":"SC-150","kmInicial":30.092,"kmFinal":53.157,"situacao":"PAV","revestimento":"CA","nome":"DISTRITO HERCILIÓPOLIS (ENTR. SC-464 P/ SALTO VELOSO) → JURISDIÇÃO SIE FINAL (ÁGUA DOCE)"},"geometry":{"type":"LineString","coordinates":[[448241.4,7033528.7],[448082.0,7033062.6],[448142.0,7032960.6],[448363.0,7032788.6],[448401.0,7032669.6],[448382.0,7032572.6],[448319.0,7032489.6],[448060.0,7032284.6],[448001.0,7032085.6],[447930.0,7031961.6],[447911.0,7031734.6],[447758.0,7031510.6],[447753.0,7031288.6],[447550.1,7031082.6],[447517.0,7030999.6],[447531.0,7030885.6],[447651.0,7030614.6],[447659.0,7030501.6],[447623.0,7030404.6],[447564.0,7030339.6],[447337.0,7030246.6],[447258.0,7030163.6],[447210.0,7029789.5],[447317.0,7029554.5],[447307.0,7029434.5],[447253.0,7029355.5],[447069.0,7029219.5],[446978.0,7029091.5],[446799.1,7028920.6],[446741.1,7028798.6],[446793.0,7028605.5],[447212.0,7028241.5],[447273.0,7028139.5],[447312.0,7027797.5],[447191.0,7027474.5],[447206.0,7027158.5],[447166.0,7027079.5],[446993.0,7026912.5],[446783.0,7026563.5],[446574.0,7026459.5],[446486.0,7026384.5],[446375.0,7026097.5],[446214.0,7025949.5],[446152.0,7025853.5],[446147.0,7025593.5],[446037.0,7025374.5],[446056.0,7025220.5],[446190.0,7025023.5],[446223.0,7024905.5],[446210.0,7024801.5],[446073.0,7024526.5],[446073.0,7024425.5],[446127.0,7024332.5],[446371.0,7024139.5],[446454.0,7023947.5],[446378.0,7023422.5],[446252.0,7023292.5],[446235.0,7023190.5],[446332.0,7023100.5],[446670.0,7023112.5],[447037.0,7022972.5],[447162.0,7022798.5],[447182.0,7022629.5],[447122.0,7022477.5],[446883.0,7022235.5],[446819.0,7022120.5],[446789.0,7021912.5],[446720.0,7021783.5],[446525.1,7021510.5],[446343.0,7021380.5],[446198.0,7021212.5],[445843.1,7020006.4],[445669.1,7019770.4],[445582.1,7019436.5],[445278.1,7019089.4],[445199.1,7018923.4],[445190.1,7018817.4],[445245.1,7018488.4],[445102.1,7018184.4],[445085.1,7018092.4],[445126.1,7018005.4],[445235.1,7017904.4],[445266.1,7017742.4],[445106.1,7017395.4],[445079.1,7017164.4],[444961.1,7017033.4],[444933.1,7016953.4],[444951.1,7016858.4],[445126.1,7016619.4],[445102.1,7016312.4],[445168.1,7016041.4],[445140.1,7015940.4],[444983.1,7015733.4],[444974.1,7015594.4],[445033.1,7015481.4],[445200.1,7015293.4],[445229.1,7015212.4],[445214.1,7015118.4],[445057.1,7014880.4],[445129.1,7014559.4],[445053.2,7014384.4]]}},{"type":"Feature","properties":{"rodovia":"SC-150","kmInicial":55.163,"kmFinal":56.977,"situacao":"PAV","revestimento":"CA","nome":"JURISDIÇÃO SIE INICIAL (ÁGUA DOCE) → ENTR. SC-355 (P/ CATANDUVAS)"},"geometry":{"type":"LineString","coordinates":[[444696.0,7012432.2],[444695.1,7012279.4],[444786.1,7012119.4],[444771.1,7011907.3],[444854.1,7011425.3],[444834.1,7011265.3],[444716.1,7011018.3],[444705.6,7010690.9]]}},{"type":"Feature","properties":{"rodovia":"SC-150","kmInicial":56.978,"kmFinal":75.95,"situacao":"PAV","revestimento":"CA","nome":"ENTR. SC-355 (P/ CATANDUVAS) → LUZERNA (ENTR. SC-453)"},"geometry":{"type":"LineString","coordinates":[[444705.6,7010690.0],[444750.1,7010309.3],[444663.1,7009989.3],[444748.1,7009750.3],[444841.1,7009688.3],[445088.1,7009649.3],[445189.1,7009681.3],[445316.1,7009793.3],[445392.1,7009799.3],[445516.0,7009666.4],[445516.1,7009600.3],[445424.1,7009347.3],[445441.1,7009274.3],[445516.1,7009182.3],[445609.1,7009146.3],[445805.1,7009143.3],[445865.0,7009118.3],[445994.1,7008859.3],[446086.0,7008826.3],[446248.0,7008858.3],[446327.1,7008837.3],[446901.0,7008428.3],[447286.0,7008278.3],[447351.0,7008139.3],[447305.0,7007863.4],[447323.0,7007691.3],[447369.0,7007577.3],[447479.0,7007449.3],[447649.0,7007354.3],[448081.0,7007246.3],[448686.0,7006858.3],[448921.0,7006855.3],[449335.0,7006781.3],[449401.0,7006737.3],[449509.0,7006562.3],[449629.0,7006446.3],[450041.0,7006292.4],[450173.0,7006171.4],[450225.0,7006002.3],[450084.0,7005170.3],[450231.0,7004603.3],[450327.0,7004497.3],[450855.0,7004078.3],[451068.0,7003786.3],[451336.0,7003617.3],[451410.0,7003357.3],[451577.0,7003145.3],[451723.0,7002673.3],[451827.0,7002571.3],[452043.0,7002456.3],[452116.0,7002103.3],[451995.0,7001899.3],[451974.0,7001815.3],[451979.0,7001615.3],[452015.0,7001504.3],[452153.0,7001370.3],[452514.0,7001523.3],[452597.0,7001501.3],[452670.0,7001395.3],[452698.0,7001245.3],[452664.0,7001050.3],[452695.9,7001014.3],[452833.0,7000977.3],[452999.9,7000948.3],[453054.9,7000964.3],[453102.9,7001188.3],[453147.9,7001239.3],[453324.9,7001189.3],[453503.9,7001030.3],[453912.9,7000505.3],[453944.9,7000374.3],[453913.9,7000254.3],[453652.9,6999899.3],[453648.9,6999664.3],[453590.9,6999459.3],[453585.9,6998890.3],[453514.9,6998849.3]]}},{"type":"Feature","properties":{"rodovia":"SC-150","kmInicial":86.536,"kmFinal":98.636,"situacao":"PAV","revestimento":"CA","nome":"JOAÇABA (ENTR. BR-282) → LACERDÓPOLIS"},"geometry":{"type":"LineString","coordinates":[[449422.4,6990949.3],[449429.9,6990852.2],[449245.9,6990649.2],[449135.9,6990637.2],[448864.9,6990681.2],[448725.9,6990726.2],[448080.6,6991068.6],[447279.0,6991307.2],[447115.0,6991243.2],[446803.0,6990893.2],[446797.0,6990701.2],[446899.9,6990125.2],[447211.4,6989604.8],[447282.9,6989421.2],[447333.9,6988704.2],[447249.9,6988478.2],[446914.1,6988226.3],[446370.9,6987599.1],[446333.9,6987486.1],[446352.9,6987161.1],[446289.9,6986936.2],[446622.9,6986434.1],[446592.9,6986322.1],[446439.9,6986053.1],[446442.9,6985926.1],[446552.9,6985825.1],[446903.9,6985599.1],[446947.9,6985476.2],[446525.9,6985056.1],[446483.9,6984918.1],[446432.9,6984478.1],[446353.9,6984384.1],[446171.9,6984389.1],[445516.3,6984500.1],[445088.0,6984478.2]]}},{"type":"Feature","properties":{"rodovia":"SC-150","kmInicial":98.637,"kmFinal":111.804,"situacao":"PAV","revestimento":"CA","nome":"LACERDÓPOLIS → ENTR. SC-467 (P/ DISTRITO SANTA LÚCIA)"},"geometry":{"type":"LineString","coordinates":[[445087.0,6984478.1],[444725.4,6984463.6],[444549.9,6984329.1],[444216.9,6984204.1],[443909.7,6984378.9],[443752.9,6984648.1],[443533.0,6984699.1],[443331.0,6984696.1],[443306.0,6984632.1],[443325.0,6984595.1],[443555.0,6984496.1],[443538.9,6984285.1],[443349.0,6984034.1],[443238.0,6983954.1],[443195.0,6983772.1],[442827.0,6983580.1],[442806.0,6983404.1],[442780.0,6983357.1],[442723.0,6983336.1],[442440.0,6983457.0],[442247.0,6983622.0],[442218.0,6983741.0],[442249.0,6984143.1],[442216.0,6984232.1],[442123.0,6984259.1],[441962.0,6984229.0],[441784.0,6983906.0],[441558.0,6983690.0],[441409.0,6983481.0],[441256.0,6983030.0],[440965.0,6982817.0],[440746.0,6982482.0],[440721.0,6982392.0],[440754.0,6982187.0],[440536.0,6981740.0],[440518.0,6981550.0],[440544.0,6981362.0],[440598.0,6981235.0],[440907.0,6980804.0],[440997.0,6980318.0],[440987.0,6980138.0],[440829.0,6979609.0],[440733.0,6979409.0],[440375.0,6978908.0],[439737.0,6978110.9],[439649.0,6978028.9],[439269.0,6977809.7]]}},{"type":"Feature","properties":{"rodovia":"SC-150","kmInicial":111.805,"kmFinal":113.65,"situacao":"PAV","revestimento":"CA","nome":"ENTR. SC-467 (P/ DISTRITO SANTA LÚCIA) → JURISDIÇÃO SIE FINAL (OURO)"},"geometry":{"type":"LineString","coordinates":[[439268.3,6977809.0],[439211.0,6977690.9],[439224.0,6977366.9],[439314.0,6977094.9],[439463.0,6976866.9],[439664.0,6976793.9],[439884.0,6976770.9],[440055.0,6976802.9],[440235.5,6976885.4]]}},{"type":"Feature","properties":{"rodovia":"SC-150","kmInicial":120.264,"kmFinal":129.431,"situacao":"PAV","revestimento":"PF","nome":"JURISDIÇÃO SIE INICIAL (CAPINZAL) → ENTR. SC-390 (P/ DISTRITO BARRO PRETO)"},"geometry":{"type":"LineString","coordinates":[[440708.8,6972619.5],[440113.9,6972309.9],[439918.9,6971867.9],[439633.0,6971470.9],[439519.0,6971398.9],[439217.0,6971350.9],[439134.0,6971257.9],[439117.0,6971155.9],[439170.0,6970939.8],[439153.0,6970761.8],[439193.0,6970583.8],[439142.0,6970320.0],[439248.0,6970117.8],[439297.0,6969943.8],[439206.0,6969519.8],[439132.0,6969425.8],[439032.0,6969180.8],[438748.0,6968900.8],[438564.0,6968814.8],[438438.0,6968543.8],[437875.0,6968319.8],[437582.0,6967980.8],[437503.0,6967844.8],[437443.0,6967649.8],[437399.0,6967195.8],[437324.0,6966964.8],[437267.0,6966878.8],[436978.0,6966736.7],[436845.0,6966406.7],[436739.0,6966222.7],[436683.0,6966022.7],[436426.7,6965596.1]]}},{"type":"Feature","properties":{"rodovia":"SC-150","kmInicial":129.432,"kmFinal":135.324,"situacao":"PAV","revestimento":"CA","nome":"ENTR. SC-390 (P/ DISTRITO BARRO PRETO) → ENTR. SC-390 (P/ PIRATUBA)"},"geometry":{"type":"LineString","coordinates":[[436426.6,6965594.6],[436408.0,6965485.7],[436101.0,6965333.7],[435893.0,6965172.7],[435633.0,6965210.7],[435380.0,6965160.7],[435059.1,6965142.7],[434858.1,6965040.7],[434501.1,6965152.7],[434219.1,6965189.7],[434000.1,6965364.7],[433592.1,6965550.7],[433102.1,6965831.7],[433037.1,6965816.7],[432868.1,6965698.7],[432772.1,6965511.7],[432671.1,6965391.7],[432518.1,6965372.7],[432399.1,6965422.7],[432281.1,6965525.7],[432215.1,6965527.7],[431932.1,6965440.6],[431703.1,6965245.6],[431337.2,6965178.6]]}},{"type":"Feature","properties":{"rodovia":"SC-154","kmInicial":32.829,"kmFinal":33.987,"situacao":"PAV","revestimento":"CA","nome":"PASSOS MAIA (ENTR. SC-350) → ENTR. SC-350 (P/ ABELARDO LUZ)"},"geometry":{"type":"LineString","coordinates":[[394904.6,7037453.6],[394970.4,7037396.9],[395107.4,7037144.9],[395190.4,7036867.9],[395341.4,7036644.9],[395506.9,7036496.0]]}},{"type":"Feature","properties":{"rodovia":"SC-154","kmInicial":33.988,"kmFinal":42.453,"situacao":"PAV","revestimento":"CA","nome":"ENTR. BSC-350 (P/ ABELARDO LUZ) → ENTR. BR-282 (P/ PONTE SERRADA)"},"geometry":{"type":"LineString","coordinates":[[395507.6,7036495.3],[395582.4,7036394.9],[395752.4,7035898.9],[396059.4,7035711.9],[396237.4,7035415.8],[396324.4,7035149.8],[396468.4,7034972.8],[396552.4,7034913.8],[396568.4,7034864.8],[396525.4,7034780.8],[396536.4,7034736.8],[396832.4,7034649.8],[396835.4,7034427.8],[396907.4,7034132.8],[397044.4,7033933.8],[397050.4,7033738.8],[396991.0,7033513.3],[396928.4,7033415.8],[396782.4,7033328.8],[396692.4,7032962.7],[396818.4,7032259.7],[396976.4,7031890.7],[396994.4,7031276.7],[397087.4,7030887.7],[397146.4,7030723.7],[397362.4,7030339.6],[397581.4,7029519.6],[397577.0,7029391.8],[397464.6,7029104.4]]}},{"type":"Feature","properties":{"rodovia":"SC-154","kmInicial":59.547,"kmFinal":87.518,"situacao":"LEN","revestimento":"","nome":"ENTR. BR-282 (P/ FAXINAL DOS GUEDES) → IPUMIRIM (ENTR. SC-473)"},"geometry":{"type":"LineString","coordinates":[[381916.1,7026541.0],[382072.6,7026153.8],[382846.6,7025012.7],[382940.6,7024836.7],[382726.6,7023787.7],[382583.6,7022468.7],[382618.6,7022230.7],[383225.6,7021555.6],[383522.6,7021149.6],[383608.6,7021085.6],[383737.1,7021084.6],[383790.6,7020895.6],[383968.6,7020655.6],[384054.6,7020398.6],[384047.6,7020330.6],[384004.6,7020277.6],[383765.6,7020214.6],[383747.6,7020133.6],[383674.6,7020075.6],[383613.6,7019918.6],[383521.6,7019889.6],[383441.6,7019740.6],[383483.6,7019644.6],[383451.6,7019573.6],[383534.6,7019440.6],[383555.6,7019326.6],[383320.6,7019022.6],[383185.6,7018553.6],[383184.6,7018324.6],[383110.6,7018274.6],[382996.6,7018362.6],[382785.6,7018604.6],[382691.6,7018577.5],[382576.6,7018383.6],[382558.6,7017436.6],[382722.6,7017271.6],[382742.6,7017092.6],[382899.6,7016875.6],[383025.6,7016603.6],[383445.6,7016336.6],[383535.6,7016228.5],[383361.6,7016019.5],[383326.6,7015897.8],[383357.6,7015812.5],[383501.6,7015636.5],[383700.6,7015561.5],[383806.6,7015403.5],[383925.6,7015317.5],[383882.6,7015125.5],[383889.6,7015007.5],[383815.6,7014940.5],[383740.6,7014933.5],[383548.6,7014693.5],[383521.6,7014572.5],[383540.6,7014407.5],[383522.6,7014277.5],[383651.6,7013934.5],[383623.6,7013813.5],[383502.6,7013740.5],[383499.6,7013691.5],[383623.6,7013421.5],[383811.6,7013326.5],[383942.6,7013146.5],[383992.6,7012915.5],[384002.6,7012669.5],[384047.6,7012613.5],[384147.6,7012582.5],[384308.6,7012300.5],[384331.6,7012211.5],[384298.6,7012053.5],[384328.6,7011987.5],[384269.6,7011864.5],[384319.6,7011789.5],[384322.6,7011694.4],[384409.6,7011449.4],[384457.6,7011380.4],[384429.6,7011305.4],[384451.6,7011264.5],[384539.6,7011245.4],[384602.6,7011182.4],[384603.6,7010956.4],[384546.6,7010847.4],[384632.6,7010638.4],[384753.6,7010559.4],[384770.6,7010464.4],[384938.6,7010374.4],[384945.6,7010249.4],[385119.6,7009967.4],[385151.6,7009798.4],[385314.6,7009540.4],[385291.6,7009457.4],[385335.6,7009188.4],[385451.6,7009014.4],[385590.6,7008909.4],[385854.6,7008818.4],[385922.6,7008743.4],[385988.6,7008723.4],[386147.6,7008598.4],[386245.6,7008488.4],[386399.6,7008407.4],[386427.6,7008271.3],[386634.6,7008101.3],[386768.6,7007948.3],[386853.6,7007724.3],[386845.7,7007605.3],[387037.6,7007568.3],[387192.6,7007311.3],[387208.6,7007140.3],[387044.6,7006876.3],[387070.6,7006819.3],[387201.6,7006782.3],[387227.6,7006725.3],[387196.6,7006587.3],[387357.6,7006247.3],[387344.1,7005922.3],[387227.6,7005836.3],[387165.6,7005830.3],[386969.7,7005729.3],[386926.6,7005633.3],[386973.6,7005413.3],[387232.6,7005028.3],[387231.6,7004949.3],[387331.6,7004914.3],[387498.6,7004910.3]]}},{"type":"Feature","properties":{"rodovia":"SC-154","kmInicial":87.519,"kmFinal":101.004,"situacao":"PAV","revestimento":"CA","nome":"IPUMIRIM (ENTR. SC-473) → ARABUTÃ"},"geometry":{"type":"LineString","coordinates":[[387499.6,7004910.2],[387523.6,7004303.3],[387621.9,7004105.0],[387646.7,7003766.3],[387791.7,7003597.2],[387994.7,7003491.2],[387999.7,7003405.2],[387681.7,7003276.2],[387576.7,7003106.3],[387405.7,7003182.2],[387250.7,7003198.2],[386967.7,7003132.3],[386917.7,7003056.2],[387002.7,7002807.2],[386982.7,7002722.3],[386868.7,7002678.2],[386589.7,7002444.2],[386096.7,7002331.2],[386044.7,7002262.3],[386092.7,7002039.2],[386310.7,7001955.2],[386437.7,7001825.3],[386426.7,7001786.2],[386327.7,7001754.2],[386299.7,7001715.2],[386492.7,7001482.2],[386559.7,7001352.2],[386637.7,7001153.2],[386682.7,7000751.2],[386651.7,7000553.2],[386561.7,7000379.2],[386338.7,7000220.2],[386190.7,7000023.2],[386184.7,6999908.2],[386401.7,6999720.7],[386495.7,6999448.2],[386632.7,6999243.2],[386868.7,6998771.2],[387306.7,6998199.2],[387558.7,6997997.2],[387703.7,6997764.1],[387877.7,6997619.1],[387899.7,6997522.2],[387796.7,6997383.1],[387757.7,6997255.1],[388019.7,6996663.1],[388012.7,6996587.1],[387952.7,6996515.1],[387332.7,6996446.1],[387264.7,6996364.1],[386957.7,6995751.1],[386768.7,6995528.1],[386742.0,6995390.4]]}},{"type":"Feature","properties":{"rodovia":"SC-154","kmInicial":101.005,"kmFinal":106.03,"situacao":"PAV","revestimento":"CA","nome":"ARABUTÃ → ENTR. SC-283 (P/ CONCÓRDIA)"},"geometry":{"type":"LineString","coordinates":[[386741.8,6995389.4],[386704.7,6994944.1],[386757.7,6994873.1],[387235.7,6994570.1],[387241.7,6994499.1],[387120.7,6994170.1],[387120.7,6994039.1],[387391.7,6993559.1],[387626.7,6993351.1],[387648.7,6993298.1],[387634.7,6993152.1],[387732.7,6993014.1],[387733.7,6992902.1],[387487.7,6992115.1],[387468.7,6991892.1],[387567.7,6991758.1],[387649.7,6991500.0],[387953.7,6991309.0],[387955.7,6991247.0]]}},{"type":"Feature","properties":{"rodovia":"SC-154","kmInicial":114.289,"kmFinal":135.511,"situacao":"PAV","revestimento":"CA","nome":"ENTR. SC-283 (P/ SEARA) → ITÁ (ENTR. SC-155)"},"geometry":{"type":"LineString","coordinates":[[381476.4,6993340.1],[381492.8,6993241.2],[381174.8,6992832.2],[381052.7,6992777.2],[380881.8,6992799.2],[380790.8,6992775.2],[380552.8,6992540.2],[380508.8,6992437.2],[380509.8,6992173.2],[380133.8,6991869.2],[379825.8,6991506.2],[379833.8,6991278.2],[379683.8,6990880.2],[379655.8,6990667.2],[379559.8,6990419.2],[379463.8,6990362.2],[379156.8,6990325.2],[378889.8,6989967.2],[378478.8,6989820.2],[378401.8,6989765.2],[378312.8,6989631.2],[378196.8,6989287.2],[378156.8,6989004.2],[377952.8,6988760.2],[377520.8,6988582.2],[377343.9,6988352.2],[377222.9,6988097.2],[377113.8,6988033.2],[376838.9,6987964.2],[376386.9,6988213.2],[376299.9,6988209.2],[376279.9,6988047.2],[376126.9,6987708.2],[375947.9,6987434.2],[376109.9,6987038.1],[376061.9,6986916.1],[375981.9,6986881.1],[375348.9,6986769.2],[375225.9,6986785.2],[374833.9,6986939.2],[374775.9,6986937.2],[374772.9,6986741.2],[374628.9,6986508.2],[374077.9,6986214.2],[373546.9,6986114.2],[373462.9,6986068.2],[373354.9,6985916.2],[373363.9,6985483.1],[373289.9,6985398.2],[373027.9,6985402.2],[372787.9,6985274.2],[372416.9,6985143.2],[372208.9,6985028.2],[371371.0,6984911.2],[371008.0,6984757.2],[370603.0,6984375.2],[370348.0,6983995.2],[370139.0,6983610.2],[370030.0,6983283.2],[370079.0,6982616.1],[369957.0,6982364.1],[369705.0,6981989.1],[369674.0,6981880.2],[369701.0,6981726.1],[369656.0,6981573.1],[369602.0,6981498.1],[369516.0,6981476.1],[369454.0,6981500.1],[369322.6,6981683.6],[369146.0,6981782.1],[368992.0,6981950.1],[368686.5,6982162.6],[368636.0,6982166.4]]}},{"type":"Feature","properties":{"rodovia":"SC-155","kmInicial":0.0,"kmFinal":17.736,"situacao":"PAV","revestimento":"CA","nome":"DIVISA SC/PR → ABELARDO LUZ (ENTR. SC-350)"},"geometry":{"type":"LineString","coordinates":[[378208.2,7072287.7],[378150.2,7072128.7],[378040.2,7072045.7],[377965.2,7072031.7],[377683.2,7072103.7],[377565.2,7072096.7],[377429.2,7072018.7],[377301.3,7071886.7],[377041.2,7071844.7],[376951.2,7071737.7],[376869.2,7071520.7],[376880.2,7070621.7],[376852.2,7070436.7],[376760.2,7070299.7],[376273.2,7069828.6],[375973.2,7069402.7],[375198.2,7066957.7],[375122.3,7066814.7],[375014.3,7066736.7],[374687.3,7066657.7],[374440.3,7066533.7],[371643.3,7064360.6],[371024.3,7063815.6],[369428.4,7062633.6],[368803.4,7062312.6],[368093.4,7062138.6],[367341.4,7062067.6],[367261.4,7061934.6],[367128.4,7060653.9]]}},{"type":"Feature","properties":{"rodovia":"SC-155","kmInicial":17.737,"kmFinal":20.412,"situacao":"PAV","revestimento":"CA","nome":"ABELARDO LUZ → ENTR. SC-350"},"geometry":{"type":"LineString","coordinates":[[367128.3,7060652.9],[367112.4,7060395.6],[367154.4,7059927.6],[367144.4,7059606.6],[366554.2,7058105.1]]}},{"type":"Feature","properties":{"rodovia":"SC-155","kmInicial":20.413,"kmFinal":22.566,"situacao":"PAV","revestimento":"CA","nome":"ENTR. SC-350 → ENTR. SC-479 (P/ IPUAÇU)"},"geometry":{"type":"LineString","coordinates":[[366553.8,7058104.2],[366339.5,7057619.6],[366352.5,7057253.6],[365768.2,7056148.9]]}},{"type":"Feature","properties":{"rodovia":"SC-155","kmInicial":22.567,"kmFinal":34.99,"situacao":"PAV","revestimento":"CA","nome":"ENTR. SC-479 (P/ IPUAÇU) → ENTR. ACESSO OURO VERDE"},"geometry":{"type":"LineString","coordinates":[[365767.8,7056148.0],[365471.5,7055621.6],[365355.5,7055525.6],[365021.5,7055350.6],[364934.5,7055211.6],[364705.5,7054599.6],[364696.5,7054451.6],[364766.5,7053937.6],[364722.5,7053815.6],[364310.5,7053596.6],[363832.6,7053614.6],[363760.6,7053574.6],[363693.6,7053458.6],[363769.6,7052383.6],[363726.6,7051851.5],[363958.6,7050056.5],[363899.6,7049921.5],[363634.6,7049564.5],[363619.6,7049481.5],[363704.6,7049319.5],[363987.6,7049164.5],[364036.6,7049079.5],[364027.6,7049013.5],[363864.6,7048946.5],[363842.6,7048902.5],[363894.6,7048773.5],[364066.6,7048626.5],[364064.6,7048380.5],[364005.6,7048090.5],[364482.6,7047658.5],[364531.6,7047583.5],[364562.6,7047100.5],[364456.6,7046506.5],[364593.6,7045807.5]]}},{"type":"Feature","properties":{"rodovia":"SC-155","kmInicial":34.991,"kmFinal":40.043,"situacao":"PAV","revestimento":"CA","nome":"ENTR. ACESSO OURO VERDE → BOM JESUS (ENTR. SC-480)"},"geometry":{"type":"LineString","coordinates":[[364593.8,7045806.5],[364650.6,7045469.5],[364481.6,7045104.5],[364163.6,7044917.5],[363887.6,7044657.5],[363606.6,7044640.5],[363558.6,7044614.5],[363073.7,7044216.5],[362941.7,7044018.5],[362612.7,7042933.4],[361856.7,7042271.4],[361684.9,7042154.3]]}},{"type":"Feature","properties":{"rodovia":"SC-155","kmInicial":62.616,"kmFinal":93.688,"situacao":"PAV","revestimento":"CA","nome":"XANXERÊ (ENTR. BR-282) → XAVANTINA"},"geometry":{"type":"LineString","coordinates":[[360713.7,7025731.2],[360684.9,7025672.2],[360612.9,7025660.2],[360592.9,7025553.2],[360569.9,7025314.2],[360607.9,7025097.2],[361069.9,7024585.2],[361141.9,7024524.2],[361372.9,7024427.2],[361556.9,7024201.2],[361746.9,7024115.2],[362139.8,7024022.2],[362237.8,7024050.2],[362320.8,7024113.2],[362455.8,7024350.2],[362539.8,7024366.2],[362572.8,7024330.2],[362607.8,7024038.2],[362577.8,7023945.2],[362343.8,7023657.2],[362088.8,7023529.2],[362031.8,7023412.2],[362100.8,7023123.2],[362248.8,7022905.2],[362376.8,7022816.2],[362588.8,7022741.2],[363443.8,7022563.2],[363723.8,7022531.2],[363797.8,7022477.2],[363787.8,7022196.2],[364040.8,7021969.2],[364092.8,7021818.2],[364088.8,7021638.2],[363957.8,7021405.2],[364019.8,7021110.2],[364089.8,7021029.2],[364530.8,7020855.2],[364629.8,7020729.2],[364624.8,7020628.1],[364368.8,7020075.1],[364395.8,7019999.1],[364701.8,7019622.1],[364680.8,7019550.1],[364582.8,7019475.1],[364531.8,7019391.1],[364413.8,7019062.1],[364459.8,7018898.1],[364602.8,7018700.1],[364594.8,7018387.1],[364775.8,7018026.1],[364838.8,7017963.1],[364917.8,7017941.1],[365259.8,7017965.1],[365419.8,7017911.1],[365490.8,7017837.1],[365542.8,7017641.1],[365536.8,7017466.1],[365476.9,7017361.1],[365332.8,7017266.1],[365310.8,7017186.1],[365428.8,7016920.1],[365688.8,7016786.1],[365722.8,7016689.1],[365717.8,7016435.1],[365604.8,7016323.1],[365258.9,7016205.1],[365090.9,7016076.1],[364583.9,7016069.1],[364501.9,7016045.1],[364407.9,7015928.1],[364410.9,7015729.1],[364467.9,7015651.1],[364741.9,7015471.1],[364926.9,7015285.1],[365158.9,7014950.1],[365268.9,7014738.1],[365609.9,7014563.1],[365805.9,7014417.0],[366121.9,7014048.0],[366532.9,7013859.0],[366607.9,7013797.0],[366643.9,7012870.0],[366687.9,7012644.0],[366823.9,7012235.0],[367024.9,7011992.0],[367065.9,7011790.0],[367184.9,7011525.0],[367432.9,7011176.0],[367545.9,7010753.0],[367570.9,7010730.4],[367740.9,7010720.0],[368019.9,7010602.9],[368448.9,7009936.9],[368347.9,7009434.9],[368244.9,7009353.9],[368064.9,7009326.9],[367869.9,7009153.9],[367896.9,7009065.9],[368040.9,7009015.9],[368085.8,7008956.9],[368100.9,7008824.9],[368061.9,7008695.9],[368057.9,7008537.9],[367685.9,7008222.9],[367223.9,7008038.9],[366922.9,7007629.9],[366803.9,7007203.9],[366770.9,7006887.9],[366567.9,7006279.8],[366580.9,7006232.8],[366725.9,7006092.8],[366719.9,7006002.8],[366656.9,7005932.8],[366443.9,7005835.8],[366368.9,7005730.8],[366214.9,7005644.8],[365917.9,7005393.8],[365943.9,7005327.8],[366119.9,7005292.8],[366409.0,7005119.7],[366745.4,7004989.6]]}},{"type":"Feature","properties":{"rodovia":"SC-155","kmInicial":93.689,"kmFinal":104.64,"situacao":"PAV","revestimento":"CA","nome":"XAVANTINA → ENTR. SC-283 (P/ CHAPECÓ)"},"geometry":{"type":"LineString","coordinates":[[366746.4,7004989.2],[366865.4,7004933.3],[366870.9,7004865.8],[366824.9,7004824.8],[366253.9,7004854.8],[366159.9,7004813.8],[366148.9,7004749.8],[366193.9,7004562.8],[366560.9,7003961.8],[366570.9,7003905.8],[366481.9,7003786.8],[366422.9,7003757.8],[366098.9,7003865.8],[366043.9,7003853.8],[366036.9,7003780.8],[366768.9,7003200.8],[367009.9,7002935.7],[367073.0,7002822.9],[367022.9,7002514.7],[367066.0,7002455.7],[367330.9,7002546.7],[367744.9,7002477.7],[368224.9,7002517.7],[368418.9,7002502.7],[368596.9,7002392.7],[368865.9,7002039.7],[368956.9,7001817.7],[368967.9,7001719.7],[368848.9,7001577.7],[368851.9,7001473.7],[368908.9,7001433.7],[369177.9,7001403.6],[369282.9,7001350.6],[369337.9,7001263.6],[369456.7,7000876.5],[369338.9,7000195.6],[369056.9,6999726.6],[368604.9,6999300.6],[368549.9,6999137.6],[368542.9,6998640.6],[368502.9,6998574.6],[368377.9,6998476.9]]}},{"type":"Feature","properties":{"rodovia":"SC-155","kmInicial":104.641,"kmFinal":113.928,"situacao":"PAV","revestimento":"CA","nome":"ENTR. SC-283 (P/ CHAPECÓ) → ENTR. ACESSO SUL DE SEARA"},"geometry":{"type":"LineString","coordinates":[[368377.6,6998475.9],[368151.0,6998185.3],[367921.8,6997981.2],[367879.2,6997712.9],[367740.0,6997605.2],[367533.1,6997272.9],[367260.8,6996938.3],[367252.4,6996778.5],[367458.0,6996432.7],[367469.5,6996247.0],[367418.6,6996129.6],[367059.7,6995661.0],[366998.2,6995392.4],[367027.4,6995218.6],[367090.6,6995073.9],[367431.5,6994712.9],[367503.0,6994556.8],[367500.4,6994287.5],[367550.8,6993892.6],[367237.0,6993209.5],[367225.3,6993098.5],[367251.0,6993004.2],[367573.1,6992503.4],[367696.1,6992440.1],[367799.1,6992478.9],[367863.4,6992614.9],[367850.6,6992709.9],[367755.1,6992852.9],[367755.7,6992974.6],[367852.7,6993078.9],[368001.8,6993075.4],[368175.1,6992959.8],[368339.6,6992776.3],[368495.6,6992431.3],[368749.0,6992254.8],[368825.7,6992241.2]]}},{"type":"Feature","properties":{"rodovia":"SC-155","kmInicial":114.013,"kmFinal":128.734,"situacao":"PAV","revestimento":"CA","nome":"ENTR. ACESSO SUL DE SEARA → ITÁ (ENTR. SC-154)"},"geometry":{"type":"LineString","coordinates":[[368825.7,6992241.0],[368817.0,6991890.4],[368772.0,6991802.4],[368692.0,6991798.4],[368457.0,6991951.4],[368367.0,6991927.4],[368317.0,6991850.4],[368339.0,6991743.4],[368507.0,6991577.4],[368587.0,6991438.4],[368650.0,6990942.4],[368626.0,6990833.4],[368544.6,6990715.6],[368480.8,6990667.7],[368233.3,6990578.7],[368200.0,6990494.2],[368460.0,6989923.4],[368468.0,6989855.3],[368443.0,6989766.3],[368305.0,6989618.3],[368269.0,6989534.4],[368282.0,6989272.3],[368378.0,6988899.3],[368203.0,6988594.3],[368181.0,6988421.3],[368207.0,6988311.3],[368368.0,6988017.3],[368380.0,6987928.3],[368339.0,6987845.3],[368163.0,6987716.3],[368127.0,6987657.3],[368125.0,6987554.3],[368224.0,6987150.3],[368176.0,6986703.3],[368252.0,6986573.3],[368565.0,6986318.3],[368576.1,6986033.4],[368668.5,6985856.4],[369000.2,6985624.0],[369209.5,6985394.5],[369315.2,6985149.3],[369344.2,6984900.6],[369298.2,6984665.2],[369223.1,6984553.8],[369165.4,6984517.2],[369092.9,6984500.9],[369007.4,6984531.3],[368797.0,6984731.2],[368665.0,6984711.2],[368347.0,6984243.2],[368103.0,6984046.2],[368040.0,6983956.2],[368052.0,6983772.2],[368208.0,6983593.2],[368331.0,6983526.2],[368904.5,6983365.5],[368981.2,6983291.5],[368965.8,6983178.7],[368755.0,6983018.2],[368586.0,6983067.2],[368275.9,6983079.3],[368177.1,6983057.5],[368141.2,6983022.1],[368144.8,6982951.2],[368663.0,6982458.2],[368676.0,6982379.1],[368636.0,6982166.5]]}},{"type":"Feature","properties":{"rodovia":"SC-155","kmInicial":128.735,"kmFinal":137.229,"situacao":"PAV","revestimento":"CA","nome":"ITÁ (ENTR. SC-154) → DIVISA SC/RS (PONTE S/ RIO URUGUAI)"},"geometry":{"type":"LineString","coordinates":[[368635.4,6982165.7],[368451.0,6982048.1],[368166.0,6981985.1],[367975.0,6981981.1],[367894.0,6982019.1],[367773.0,6982257.2],[367710.0,6982305.2],[367494.0,6982283.2],[367362.0,6982215.2],[367207.0,6982294.2],[367011.0,6982310.2],[366952.0,6982269.2],[366846.1,6982066.2],[366662.0,6982044.2],[366590.0,6981998.2],[366585.0,6981919.2],[366643.0,6981703.2],[366605.9,6981633.1],[366526.1,6981612.2],[366200.0,6981664.2],[365991.0,6981586.2],[365666.0,6981609.2],[365594.0,6981545.2],[365486.0,6981317.2],[365406.1,6981275.2],[365339.0,6981303.2],[365164.0,6981467.2],[365035.0,6981657.2],[365024.1,6981708.3],[365090.0,6981911.2],[365056.0,6981985.2],[364274.0,6982514.3],[363584.0,6982896.3],[363566.0,6982973.3],[363611.0,6983221.3],[363675.1,6983266.3],[363808.0,6983284.3],[363863.0,6983333.3],[363868.0,6983406.3],[363820.0,6983500.3],[363672.0,6983550.3],[363503.0,6983474.3],[363252.8,6983500.8]]}},{"type":"Feature","properties":{"rodovia":"SC-156","kmInicial":0.0,"kmFinal":8.845,"situacao":"EOP","revestimento":"","nome":"DIVISA SC/PR → DISTRITO VILA MILANI"},"geometry":{"type":"LineString","coordinates":[[346491.4,7078722.8],[346417.3,7078331.9],[346426.9,7078157.1],[346509.3,7077878.6],[346616.9,7077652.4],[346820.9,7076976.8],[346793.2,7076066.4],[346718.3,7075845.1],[346666.5,7075531.9],[346651.7,7075009.0],[346879.2,7074592.1],[347038.0,7074052.3],[347025.3,7073838.5],[346991.4,7073731.6],[346796.6,7073416.3],[346626.3,7073032.1],[346496.1,7072839.5],[346476.0,7072662.7],[346520.4,7072513.5],[346589.2,7072430.9],[347100.4,7072067.9],[347311.0,7071501.7],[347355.5,7071443.5],[347658.3,7071282.8],[347790.0,7071013.8],[347798.4,7070761.5]]}},{"type":"Feature","properties":{"rodovia":"SC-156","kmInicial":8.846,"kmFinal":16.029,"situacao":"EOP","revestimento":"","nome":"DISTRITO VILA MILANI → ENTR. ACESSO SÃO DOMINGOS"},"geometry":{"type":"LineString","coordinates":[[347798.1,7070760.6],[347767.5,7070651.4],[347800.3,7070559.6],[347952.4,7070456.1],[348392.6,7070050.7],[348492.1,7069918.5],[348562.0,7069440.1],[348613.8,7069319.4],[348984.2,7068796.6],[349038.2,7068631.5],[349056.2,7068279.1],[349231.9,7067953.1],[349259.4,7067842.0],[349238.2,7067229.2],[349365.2,7066898.0],[349379.0,7066676.8],[349348.3,7066550.8],[349067.8,7066018.5],[349055.9,7065052.0],[349027.3,7064919.4],[348924.6,7064735.7],[348657.3,7064440.7],[348629.6,7064329.4]]}},{"type":"Feature","properties":{"rodovia":"SC-156","kmInicial":16.03,"kmFinal":21.11,"situacao":"EOP","revestimento":"","nome":"ENTR. ACESSO SÃO DOMINGOS → ENTR. SC-480 (P/ IPUAÇU)"},"geometry":{"type":"LineString","coordinates":[[348629.5,7064328.4],[348663.9,7064191.7],[349440.2,7063085.3],[349927.2,7062126.1],[349945.2,7061814.9],[349754.9,7061192.8],[349752.0,7061006.9],[349832.0,7060843.1],[349993.5,7060659.1],[350043.0,7060554.8],[350028.2,7060144.4],[350058.7,7060043.7],[350208.5,7059864.1],[350199.5,7059808.1]]}},{"type":"Feature","properties":{"rodovia":"SC-156","kmInicial":38.346,"kmFinal":43.093,"situacao":"PAV","revestimento":"CA","nome":"ENTR. SC-479 (P/ IPUAÇU) → ENTRE RIOS"},"geometry":{"type":"LineString","coordinates":[[342931.1,7046926.4],[343106.9,7046512.5],[343102.9,7046232.5],[343138.9,7046149.5],[343691.9,7045746.5],[343766.9,7045604.5],[343854.9,7044861.5],[343819.9,7043896.5],[343838.9,7043790.5],[344814.9,7043036.4]]}},{"type":"Feature","properties":{"rodovia":"SC-156","kmInicial":63.094,"kmFinal":75.998,"situacao":"PAV","revestimento":"CA","nome":"LAJEADO GRANDE (ENTR. ACESSO MAREMA) → XAXIM (ENTR. BR-282)"},"geometry":{"type":"LineString","coordinates":[[344369.1,7028248.1],[344187.6,7028224.2],[344223.8,7027954.6],[344100.8,7027770.2],[344122.6,7027552.0],[344243.6,7027442.0],[344515.1,7027381.9],[344602.8,7027327.1],[344832.8,7027067.5],[344900.4,7026823.4],[344845.8,7026759.0],[344653.6,7026781.3],[344604.4,7026747.0],[344589.8,7026705.1],[344623.3,7026553.7],[344594.6,7026449.7],[344533.0,7026383.1],[344347.4,7026282.4],[344091.7,7025996.2],[344042.9,7025784.9],[343943.7,7025552.6],[343918.2,7024992.9],[344059.1,7023504.6],[344037.0,7023252.7],[344153.5,7022563.7],[344243.2,7022319.9],[344465.9,7022067.2],[344635.7,7021595.1],[344838.6,7021335.5],[344920.9,7021182.3],[345098.1,7021043.9],[345394.8,7020684.9],[345531.9,7020305.8],[345632.9,7020221.0],[345850.2,7020134.0],[346010.9,7019984.5],[346141.5,7019708.2],[346175.8,7019495.5],[346374.5,7019346.3],[346416.0,7019277.6],[346417.2,7019198.3],[346298.2,7019030.3],[346305.4,7018945.4],[346392.7,7018856.9],[346645.5,7018722.0],[346772.1,7018573.5],[346936.2,7018475.6],[347259.3,7017862.1]]}},{"type":"Feature","properties":{"rodovia":"SC-157","kmInicial":0.0,"kmFinal":4.3,"situacao":"PAV","revestimento":"CA","nome":"SÃO LOURENÇO DO OESTE (ENTR. SC-480/BR-158/ DIVISA SC/PR) → ENTR. SC-305 (P/ CAMPO ERÊ)"},"geometry":{"type":"LineString","coordinates":[[315092.6,7084542.7],[314758.0,7084258.0],[314363.0,7083792.0],[314079.9,7083633.9],[314022.0,7083560.0],[314094.0,7083319.0],[314034.0,7083000.0],[314007.0,7082915.0],[313851.0,7082776.0],[313827.0,7082714.0],[313918.0,7082314.0],[313918.0,7081462.0],[313985.6,7080878.6]]}},{"type":"Feature","properties":{"rodovia":"SC-157","kmInicial":4.301,"kmFinal":12.862,"situacao":"PAV","revestimento":"CA","nome":"ENTR. SC-305 (P/ CAMPO ERÊ) → NOVO HORIZONTE"},"geometry":{"type":"LineString","coordinates":[[313985.8,7080877.7],[314204.0,7079885.0],[314745.0,7079107.0],[314780.0,7078937.0],[314779.0,7077946.0],[314810.0,7077881.0],[314970.0,7077761.0],[315033.0,7077572.0],[315013.0,7077420.0],[314804.0,7077200.0],[314739.0,7076772.0],[314610.0,7076357.0],[314621.0,7076284.0],[314926.0,7075848.0],[314968.0,7075669.9],[315039.9,7075555.9],[316651.9,7074274.9],[317096.6,7073837.8]]}},{"type":"Feature","properties":{"rodovia":"SC-157","kmInicial":12.863,"kmFinal":40.587,"situacao":"PAV","revestimento":"CA","nome":"NOVO HORIZONTE → FORMOSA DO SUL (ENTR. ACESSO IRATI)"},"geometry":{"type":"LineString","coordinates":[[317097.3,7073837.1],[317408.9,7073514.9],[317908.9,7072510.9],[318024.9,7072362.9],[318302.9,7072106.7],[318356.9,7071953.9],[318330.9,7071878.9],[318245.9,7071802.9],[317856.9,7071703.9],[317628.9,7071448.9],[317335.9,7071377.9],[317236.9,7071192.9],[317003.9,7070985.9],[316951.9,7070761.9],[316820.9,7070611.0],[316809.9,7070538.9],[316853.9,7070475.9],[316964.9,7070404.9],[317244.9,7070352.9],[317345.9,7070279.9],[317385.9,7070106.0],[317357.9,7070030.9],[317235.9,7069892.9],[317237.9,7069788.9],[317267.9,7069736.9],[317431.9,7069650.9],[317476.9,7069598.9],[317580.9,7069445.9],[317609.9,7069284.9],[317667.9,7069205.9],[317878.9,7069123.9],[318147.9,7069095.9],[318371.9,7068971.9],[318617.9,7069012.9],[318707.9,7068993.9],[318778.9,7068934.9],[319000.9,7068609.9],[319014.9,7068503.9],[318937.9,7068142.0],[318948.9,7068026.9],[319162.9,7067736.9],[319325.9,7067633.9],[319365.9,7067551.9],[319349.9,7067452.0],[319173.9,7067339.9],[319165.9,7067110.9],[319076.9,7066925.9],[319104.9,7066839.9],[319288.9,7066581.9],[319406.9,7065334.9],[319525.9,7065056.9],[319795.9,7064653.9],[320002.9,7064130.9],[320367.9,7063598.9],[320448.9,7063130.8],[320723.9,7062459.8],[320800.9,7061619.8],[320857.9,7061331.8],[321014.9,7060901.8],[321230.9,7060641.8],[321282.9,7060515.9],[321297.9,7059978.8],[321239.9,7059811.8],[320538.9,7059237.8],[320460.9,7059120.8],[320461.9,7059027.8],[320548.9,7058730.8],[320525.9,7058610.8],[320416.9,7058389.8],[320405.9,7057879.8],[320321.9,7057213.8],[320397.9,7056629.7],[320236.9,7055894.7],[320257.9,7055661.8],[320302.9,7055522.7],[320463.9,7055243.7],[320514.9,7055099.7],[320653.9,7054448.7],[320642.9,7054259.7],[320712.9,7053942.7],[320670.9,7053713.7],[320715.9,7053532.7],[320692.9,7053406.7],[320706.9,7053248.7],[320834.9,7053013.7],[320874.9,7052844.7],[320822.9,7052666.7],[320827.9,7052594.7],[320869.9,7052535.7],[320983.9,7052474.7],[321113.9,7052302.7],[321189.9,7052068.7],[321461.9,7051731.7],[321509.9,7051618.7],[321477.9,7051520.7],[321268.9,7051336.7],[321075.0,7050975.7],[321081.5,7050860.1]]}},{"type":"Feature","properties":{"rodovia":"SC-157","kmInicial":40.588,"kmFinal":52.042,"situacao":"PAV","revestimento":"CA","nome":"FORMOSA DO SUL (ENTR. ACESSO IRATI) → ENTR. NORTE SC-482 (P/ QUILOMBO)"},"geometry":{"type":"LineString","coordinates":[[321082.0,7050859.2],[321458.9,7050515.7],[321671.9,7050120.6],[322059.9,7049647.6],[322269.9,7049593.6],[322399.0,7049528.6],[322520.0,7049522.7],[322629.9,7049550.6],[322774.9,7049714.6],[322871.0,7049746.7],[322958.9,7049718.6],[323109.0,7049564.6],[323209.9,7049518.6],[323537.0,7049565.7],[323722.9,7049640.6],[323815.0,7049591.6],[323927.9,7049408.6],[324096.0,7049295.7],[324326.0,7049211.6],[324398.9,7049076.6],[324506.0,7048967.6],[324657.0,7048557.6],[324782.9,7048434.6],[324911.0,7048171.6],[325078.0,7048029.6],[325133.9,7047931.6],[324981.9,7047406.6],[325054.0,7047062.6],[325024.0,7046829.6],[324927.9,7046548.6],[324935.0,7046481.6],[325208.9,7046158.5],[325518.0,7046001.5],[325537.0,7045899.5],[325458.0,7045754.6],[325456.0,7045642.6],[325628.0,7045335.5],[325748.0,7044899.6],[325887.0,7044743.6],[326178.0,7044633.5],[326227.0,7044554.6],[326225.0,7044480.5],[326098.0,7044127.5],[326141.9,7043930.5],[326238.0,7043820.6],[326629.0,7043582.5],[326681.0,7043491.6],[326675.0,7043328.2]]}},{"type":"Feature","properties":{"rodovia":"SC-157","kmInicial":52.043,"kmFinal":66.327,"situacao":"PAV","revestimento":"CA","nome":"ENTR. NORTE SC-482 (P/ QUILOMBO) → ENTR. SUL SC-482"},"geometry":{"type":"LineString","coordinates":[[326674.8,7043327.2],[326633.0,7043105.6],[326665.0,7042981.6],[327179.0,7042637.5],[327250.9,7042521.5],[327214.0,7042386.5],[326942.0,7041840.6],[326929.0,7041759.4],[326958.0,7041638.4],[327965.0,7040515.5],[328051.0,7040403.5],[328083.0,7040306.5],[328076.0,7040224.4],[328018.0,7040129.5],[327685.1,7039786.5],[327654.0,7039663.4],[327729.0,7039360.5],[327712.1,7039191.4],[327810.0,7038757.4],[327942.0,7038514.4],[327827.0,7037982.4],[327968.1,7037761.4],[327966.0,7037512.5],[328179.1,7037136.4],[328446.1,7036809.4],[328418.0,7036436.4],[328582.0,7036200.4],[328640.1,7036185.4],[328735.2,7036224.8],[328888.1,7036491.4],[329164.1,7036687.4],[329274.1,7036690.4],[329351.0,7036612.4],[329386.0,7036389.4],[329275.0,7036132.4],[329317.1,7035943.4],[329242.1,7035623.4],[329275.0,7035522.4],[329442.0,7035284.3],[329528.1,7035003.3],[329491.0,7034877.4],[329253.1,7034559.4],[329100.0,7033803.3],[329464.0,7032862.4],[329478.1,7032758.3],[329376.1,7032623.3],[329285.1,7032567.3],[328920.1,7032546.3]]}},{"type":"Feature","properties":{"rodovia":"SC-157","kmInicial":66.328,"kmFinal":82.644,"situacao":"PAV","revestimento":"CA","nome":"ENTR. SUL SC-482 → CORONEL FREITAS"},"geometry":{"type":"LineString","coordinates":[[328919.3,7032545.7],[328871.1,7032482.3],[328772.1,7032052.3],[328777.1,7031905.3],[328857.1,7031850.3],[329025.1,7031800.3],[329176.1,7031616.3],[329231.1,7031458.3],[329182.1,7031147.4],[329196.1,7031023.3],[329577.1,7030493.3],[329836.1,7030349.3],[329886.1,7030289.3],[329896.1,7030177.3],[329799.1,7029975.3],[329869.1,7029807.3],[329951.1,7029776.3],[330100.1,7029862.3],[330186.1,7029867.3],[330243.1,7029834.3],[330360.1,7029674.3],[330313.1,7029526.3],[330176.1,7029398.3],[330170.1,7029305.3],[330224.1,7029217.3],[330489.1,7028947.3],[330582.1,7028907.3],[330892.1,7029068.3],[331307.1,7028964.3],[331545.1,7028975.3],[331775.1,7029056.3],[331992.1,7029047.3],[332329.1,7028842.3],[332493.1,7028597.3],[332492.1,7028517.3],[332432.1,7028450.3],[331925.1,7028369.3],[331837.1,7028329.3],[331764.1,7028240.3],[331756.1,7028178.3],[331797.1,7028101.3],[331961.1,7027999.3],[332131.1,7027965.3],[332204.1,7027888.3],[332234.1,7027646.3],[332123.1,7027421.3],[331665.1,7027294.3],[331456.1,7027312.3],[331304.1,7027405.3],[331231.1,7027412.3],[331079.1,7027288.3],[331091.1,7027177.3],[331322.1,7026902.3],[331368.1,7026811.3],[331399.1,7026192.2],[331459.1,7025896.2],[331756.1,7025384.2],[331932.1,7025164.2],[331972.1,7024903.2],[331935.1,7024768.2],[331806.1,7024671.2],[331729.1,7024666.2],[331572.1,7024757.2],[331465.1,7024748.2],[331259.1,7024509.2],[330963.1,7024294.2],[330885.1,7024196.3],[330822.1,7023302.2],[330936.1,7023253.2],[330865.7,7022495.5]]}},{"type":"Feature","properties":{"rodovia":"SC-157","kmInicial":82.645,"kmFinal":95.837,"situacao":"PAV","revestimento":"CA","nome":"CORONEL FREITAS → ENTR. OESTE BR-282 (P/ NOVA ITABERABA)"},"geometry":{"type":"LineString","coordinates":[[330865.6,7022494.5],[330798.1,7021654.2],[330845.1,7021554.2],[331094.1,7021314.2],[331124.1,7021127.2],[331232.1,7020971.2],[331239.1,7020630.2],[331269.1,7020567.2],[331871.1,7020272.2],[332104.2,7020041.2],[332369.1,7019927.2],[332549.1,7019810.2],[332639.1,7019690.2],[332706.1,7019275.2],[332762.1,7019203.2],[333674.1,7018745.2],[333824.1,7018473.2],[333835.1,7018372.2],[333776.1,7018012.2],[333667.1,7017841.2],[333717.1,7017703.2],[334330.1,7017348.2],[334983.1,7016789.2],[335201.4,7016561.8],[335268.1,7016390.2],[335424.1,7016336.2],[335491.1,7016278.2],[335543.1,7016092.2],[335735.1,7015829.2],[335710.1,7015568.2],[335736.1,7015471.2],[335836.1,7015263.2],[335967.1,7015079.2],[336210.1,7014435.2],[336322.1,7014298.2],[336579.1,7014078.2],[336781.1,7013642.2],[336801.1,7013466.1],[336735.1,7013307.1],[336405.1,7013038.1],[336366.1,7012968.1],[336384.1,7012849.1],[336614.0,7012573.5]]}},{"type":"Feature","properties":{"rodovia":"SC-157","kmInicial":121.592,"kmFinal":124.862,"situacao":"PAV","revestimento":"CA","nome":"CHAPECÓ (ENTR. SC-283) → ENTR. CONTORNO DE CHAPECÓ"},"geometry":{"type":"LineString","coordinates":[[340273.8,7000666.8],[340786.2,6998664.1],[340842.2,6998524.1],[341430.7,6997641.3]]}},{"type":"Feature","properties":{"rodovia":"SC-159","kmInicial":12.001,"kmFinal":17.98,"situacao":"PAV","revestimento":"CA","nome":"ENTR. SC-305 (P/ CAMPO ERÊ) → SÃO BERNARDINO"},"geometry":{"type":"LineString","coordinates":[[303631.3,7075591.3],[303448.9,7075503.9],[303371.7,7075282.1],[303465.8,7074957.7],[303452.2,7074718.0],[303544.9,7074443.8],[303415.4,7074082.8],[303418.1,7073776.2],[303342.3,7073685.3],[302813.5,7073446.2],[302762.8,7073352.0],[302846.3,7073016.2],[303123.6,7072555.7],[303190.9,7072483.3],[303407.0,7072368.8],[303462.6,7072225.4],[303384.3,7071933.5],[303420.5,7071442.9],[303400.5,7071325.0],[303442.7,7071266.8],[303718.9,7071096.6],[303865.6,7070852.2],[303987.5,7070732.9]]}},{"type":"Feature","properties":{"rodovia":"SC-159","kmInicial":42.135,"kmFinal":54.343,"situacao":"PAV","revestimento":"CA","nome":"IRATI → JARDINÓPOLIS"},"geometry":{"type":"LineString","coordinates":[[311438.2,7050180.1],[311251.3,7050077.3],[311176.8,7049907.4],[311271.7,7049557.6],[311194.9,7049361.9],[311249.3,7049272.7],[311437.4,7049107.0],[311514.0,7048940.0],[311525.5,7048528.6],[311400.8,7048234.3],[311395.8,7048147.7],[311574.5,7047755.0],[311507.8,7047541.4],[311523.7,7047470.8],[311709.0,7047396.5],[311754.5,7047293.3],[311706.7,7047197.3],[311487.7,7046961.1],[311281.1,7046827.4],[311117.8,7046633.0],[311105.0,7046327.5],[311010.7,7046136.5],[311028.1,7045986.1],[311247.1,7045838.3],[311454.4,7045834.1],[311628.8,7045788.2],[312009.9,7045840.2],[312240.7,7045768.3],[312317.6,7045728.4],[312520.2,7045501.8],[312631.8,7045444.2],[313246.9,7045503.6],[313416.0,7045544.8],[313560.7,7045524.8],[313714.5,7045636.9],[313823.8,7045653.9],[313996.3,7045649.4],[314167.2,7045564.6],[314731.7,7045591.5],[314894.6,7045528.7],[314994.8,7045389.4],[314998.6,7044921.6],[315213.7,7044727.5],[315217.7,7044674.3],[315139.0,7044522.0],[315131.9,7044413.3],[315295.2,7044076.4],[315155.8,7043596.0],[315206.0,7043146.6],[314976.2,7043118.3]]}},{"type":"Feature","properties":{"rodovia":"SC-159","kmInicial":54.344,"kmFinal":59.54,"situacao":"PAV","revestimento":"CA","nome":"JARDINÓPOLIS → UNIÃO DO OESTE"},"geometry":{"type":"LineString","coordinates":[[314976.4,7043117.3],[315019.9,7042780.7],[315000.2,7042325.0],[314741.7,7042058.6],[314764.7,7041827.0],[314747.9,7041689.9],[314798.3,7041563.0],[314669.2,7041277.7],[314554.3,7041099.9],[314547.2,7041038.7],[314569.1,7040980.7],[314785.6,7040847.4],[314840.3,7040763.3],[314855.1,7040095.3],[314924.3,7039830.4],[314926.7,7039534.1],[314984.6,7039287.9],[315145.8,7039049.6],[315221.0,7038796.5],[315581.3,7038587.8]]}},{"type":"Feature","properties":{"rodovia":"SC-159","kmInicial":59.541,"kmFinal":69.059,"situacao":"PAV","revestimento":"CA","nome":"UNIÃO DO OESTE → ENTR. SC-482"},"geometry":{"type":"LineString","coordinates":[[315582.1,7038587.4],[316382.0,7038130.5],[316341.0,7038056.5],[316348.0,7038011.5],[316780.0,7037581.5],[316934.0,7037226.5],[316943.0,7037103.5],[316910.0,7037045.5],[316748.0,7036998.5],[316548.0,7037085.5],[316236.0,7037100.5],[316177.1,7037091.5],[316154.0,7037059.5],[316206.0,7036970.4],[316466.0,7036792.5],[316614.4,7036557.2],[316563.0,7036317.5],[316661.0,7036155.5],[316726.0,7035902.4],[316709.0,7035838.4],[316573.0,7035651.4],[316595.0,7035531.4],[316646.0,7035453.4],[316807.0,7035356.4],[317091.0,7035223.4],[317248.0,7035200.5],[317392.0,7035102.5],[317570.0,7035050.5],[317628.0,7034997.5],[317663.0,7034903.5],[317644.0,7034792.5],[317613.0,7034753.5],[317404.0,7034675.4],[317398.0,7034584.4],[317517.0,7034487.4],[317534.0,7034266.6],[317713.0,7034088.4],[317786.0,7033946.4],[317937.0,7033372.4],[318069.0,7033253.4],[318281.0,7033132.4],[318311.0,7033079.4],[318337.0,7032918.4],[318206.0,7032831.4],[318177.0,7032769.4],[318339.0,7032513.4],[318386.0,7032466.4],[318520.5,7032424.3]]}},{"type":"Feature","properties":{"rodovia":"SC-159","kmInicial":69.06,"kmFinal":79.65,"situacao":"PAV","revestimento":"CA","nome":"ENTR. SC-482 → ÁGUAS FRIAS"},"geometry":{"type":"LineString","coordinates":[[318520.3,7032423.3],[318507.0,7032363.4],[318573.0,7032260.4],[318573.0,7032182.4],[318404.1,7031901.4],[317931.0,7031796.4],[317732.0,7031683.4],[317644.0,7031559.4],[317522.0,7031460.4],[317371.1,7031443.4],[317264.4,7031388.7],[317251.1,7031302.4],[317057.1,7030956.4],[316858.1,7030481.4],[316796.1,7030434.4],[316663.0,7030426.2],[316543.1,7030338.4],[316525.1,7030205.4],[316377.1,7030019.4],[316378.1,7029787.3],[316209.1,7029536.3],[316217.1,7029329.3],[316653.7,7028727.1],[316759.1,7028270.4],[316837.1,7028133.3],[317082.1,7027862.3],[317457.1,7027675.3],[317639.1,7027375.3],[317650.6,7027289.8],[317243.1,7027293.3],[316984.1,7027206.3],[316776.1,7027190.3],[316549.1,7027123.3],[316384.1,7026947.3],[316353.1,7026726.3],[316131.1,7026522.3],[316058.1,7026285.3],[315781.1,7026046.2],[315648.1,7026014.2],[315614.1,7025829.2],[315528.9,7025823.3],[315284.1,7025395.2],[315227.1,7025413.2]]}},{"type":"Feature","properties":{"rodovia":"SC-159","kmInicial":79.651,"kmFinal":85.274,"situacao":"PAV","revestimento":"CA","nome":"ÁGUAS FRIAS → NOVA ERECHIM (ENTR. BR-282)"},"geometry":{"type":"LineString","coordinates":[[315226.2,7025413.7],[315039.2,7025514.2],[314898.1,7025277.2],[314818.1,7025210.2],[314338.1,7025073.2],[314252.1,7024948.2],[314142.1,7024610.2],[313977.1,7024468.2],[313179.1,7024082.1],[313071.1,7023847.1],[313016.1,7023799.1],[312855.1,7023748.1],[312581.1,7023722.1],[312097.1,7023470.1],[311990.1,7023358.1],[311937.1,7023169.1],[311758.1,7023095.1],[311537.1,7022816.1],[311025.4,7022763.3],[310964.7,7022675.4]]}},{"type":"Feature","properties":{"rodovia":"SC-159","kmInicial":110.275,"kmFinal":123.137,"situacao":"PAV","revestimento":"CA","nome":"PLANALTO ALEGRE (ENTR. SC-283) → CAXAMBU DO SUL (ENTR. SC-160/SC-484)"},"geometry":{"type":"LineString","coordinates":[[314889.0,7004214.7],[314774.2,7004021.7],[314288.2,7003478.7],[314000.2,7003267.7],[313940.2,7003187.7],[313994.2,7002926.7],[313815.2,7002592.7],[313880.2,7002301.7],[313790.2,7002116.7],[313504.2,7001904.6],[313470.2,7001832.6],[313467.4,7001720.6],[313430.9,7001669.1],[313273.2,7001595.6],[313129.2,7001636.6],[313046.2,7001560.6],[313071.2,7001325.7],[313143.2,7001060.6],[312942.2,7000618.6],[312815.2,6999979.6],[313074.2,6999564.6],[313245.3,6999385.0],[313344.7,6999339.2],[313827.2,6999328.6],[313933.2,6999295.6],[314425.2,6998789.6],[314482.2,6998612.6],[314500.2,6997974.6],[314425.2,6997249.6],[314466.2,6996989.5],[314404.2,6996445.5],[314643.3,6996008.5],[314645.3,6995920.5],[314538.3,6995670.5],[314488.5,6995623.6],[314008.3,6995285.5],[313420.3,6995032.5],[313552.3,6994551.5],[313633.3,6994553.9],[313642.9,6994279.5]]}},{"type":"Feature","properties":{"rodovia":"SC-160","kmInicial":0.0,"kmFinal":26.803,"situacao":"PAV","revestimento":"CA","nome":"CAMPO ERÊ (ENTR. SC-305 P/ ANCHIETA) → SALTINHO"},"geometry":{"type":"LineString","coordinates":[[290738.3,7078681.8],[290766.5,7078538.8],[290705.1,7078051.4],[290739.5,7077912.1],[290938.3,7077684.3],[291277.3,7077577.2],[291426.7,7077429.1],[291482.5,7077321.1],[291379.1,7076425.3],[291271.1,7075936.0],[291294.4,7075829.5],[291432.3,7075580.6],[291458.4,7075299.4],[291530.0,7075089.7],[291511.6,7074843.3],[291681.2,7074653.3],[291865.5,7074377.9],[292142.1,7074188.1],[292203.2,7074112.2],[292183.9,7073836.0],[292264.1,7073533.1],[292707.4,7072641.5],[292808.6,7072271.2],[292875.1,7071663.4],[292992.4,7071379.0],[293181.7,7071048.9],[293408.7,7070472.4],[293475.2,7070158.1],[293616.3,7070007.5],[293949.6,7069899.6],[294055.2,7069724.6],[294072.5,7069366.8],[294143.4,7069148.1],[294097.9,7068797.4],[294166.7,7068614.9],[294149.3,7068528.9],[294011.7,7068318.0],[293965.6,7068119.9],[293971.3,7068043.1],[294077.8,7067797.3],[294008.5,7067504.6],[294207.5,7067164.3],[294246.2,7066602.9],[294383.6,7066339.4],[294450.0,7066001.9],[294342.4,7065677.4],[294337.1,7065151.0],[294261.5,7064978.3],[294205.4,7064572.0],[294132.5,7064338.4],[294172.9,7064104.5],[294156.0,7063928.4],[294200.1,7063703.1],[294201.4,7063502.5],[294245.9,7063256.3],[294337.0,7063085.7],[294298.6,7062846.8],[294404.0,7062472.3],[294574.8,7062313.5],[294909.1,7062208.6],[294976.0,7062123.7],[294991.1,7062035.3],[294958.4,7061942.0],[294863.5,7061814.0],[294817.1,7061627.2],[294681.5,7061311.3],[294507.1,7060998.7],[294439.9,7060634.1],[294360.3,7060533.1],[294152.4,7060392.4],[294075.2,7060273.3],[294066.5,7060113.9],[294186.6,7059818.7],[294199.7,7059679.3],[294073.0,7059408.7],[294094.1,7059152.8],[293867.5,7058896.4],[293819.1,7058629.7],[293885.1,7058474.0],[294160.8,7058174.6],[294210.0,7057952.0],[294386.0,7057825.9],[294404.2,7057750.5],[294318.2,7057586.6],[294321.2,7057499.0],[294502.0,7057326.0],[294569.1,7057138.7],[294744.1,7057049.4],[294791.3,7056814.6],[295110.1,7056142.3],[295170.1,7055892.3],[295129.4,7055456.1],[295061.4,7055301.4],[295222.4,7055035.3]]}},{"type":"Feature","properties":{"rodovia":"SC-160","kmInicial":26.804,"kmFinal":38.052,"situacao":"PAV","revestimento":"CA","nome":"SALTINHO → ENTR. ACESSO BOM JESUS DO OESTE"},"geometry":{"type":"LineString","coordinates":[[295222.9,7055034.4],[295576.3,7054455.7],[295664.1,7054221.5],[295816.0,7054086.6],[295860.6,7054010.5],[295871.1,7053809.8],[295762.1,7053608.2],[295878.6,7053397.8],[295982.5,7053070.7],[295875.7,7052766.7],[295739.6,7052563.2],[295734.3,7052496.4],[295789.7,7052433.4],[296049.1,7052346.1],[296137.8,7052252.5],[296175.3,7052136.5],[296168.3,7051963.0],[296350.1,7051586.7],[296350.0,7051428.6],[296179.0,7051203.5],[296107.4,7051150.1],[296028.0,7051139.0],[295737.1,7051203.4],[295513.1,7051132.7],[295426.9,7051171.5],[295228.2,7051392.6],[294935.4,7051503.8],[294761.7,7051497.1],[294598.1,7051388.4],[294410.3,7051090.0],[294286.3,7051055.1],[294091.3,7051106.4],[294004.5,7051090.5],[293942.9,7051040.7],[293852.8,7050884.4],[293579.6,7050815.7],[293394.1,7050562.4],[293327.0,7050524.0],[293030.4,7050572.4],[292653.3,7050767.8],[292500.7,7050744.1],[292357.9,7050525.4],[292176.4,7050446.4],[292128.9,7050396.8],[292118.9,7050339.3],[292180.5,7050167.4],[292168.3,7050001.1],[292202.8,7049952.5],[292344.4,7049878.8],[292513.0,7049668.3],[292840.3,7049542.8],[293016.8,7049351.6]]}},{"type":"Feature","properties":{"rodovia":"SC-160","kmInicial":38.053,"kmFinal":46.349,"situacao":"PAV","revestimento":"CA","nome":"ENTR. ACESSO BOM JESUS DO OESTE → JURISDIÇÃO SIE FINAL (SERRA ALTA)"},"geometry":{"type":"LineString","coordinates":[[293017.5,7049350.9],[293136.2,7049213.6],[293247.5,7049013.9],[293491.8,7048916.0],[293666.4,7048760.5],[294106.6,7048587.3],[294267.7,7048458.1],[294489.2,7048388.3],[294578.6,7048327.8],[294633.4,7048255.9],[294759.4,7047903.8],[294859.8,7047711.3],[295176.8,7047272.8],[295204.8,7047105.5],[295131.7,7046820.8],[295167.9,7046701.3],[295380.5,7046475.2],[295509.6,7046398.1],[295600.0,7046303.3],[295827.4,7046226.7],[295926.1,7046128.6],[295961.2,7046023.9],[295946.5,7045894.6],[295765.3,7045654.0],[295798.6,7045515.3],[295786.4,7045333.4],[295823.6,7045256.4],[295974.4,7045133.8],[296067.9,7044944.6],[296077.9,7044845.9],[296014.6,7044600.5],[296015.4,7044465.8],[296067.0,7044341.3],[296339.8,7043947.5],[296560.7,7043385.8],[296594.7,7043250.3],[296596.4,7042928.2]]}},{"type":"Feature","properties":{"rodovia":"SC-160","kmInicial":47.951,"kmFinal":52.693,"situacao":"PAV","revestimento":"CA","nome":"JURISDIÇÃO SIE INICIAL (SERRA ALTA) → ENTR. ACESSO SUL BRASIL"},"geometry":{"type":"LineString","coordinates":[[297320.2,7041659.1],[297478.7,7041680.3],[297600.4,7041640.1],[297818.7,7041355.4],[297863.0,7041223.1],[297829.6,7041140.0],[297401.3,7040666.6],[297310.9,7040510.2],[297093.0,7040376.3],[297004.8,7040233.3],[297031.2,7039952.0],[296985.8,7039668.7],[297110.2,7039280.6],[297061.3,7038932.5],[297182.2,7038507.9],[297106.8,7038157.9],[296960.8,7037969.6],[296938.8,7037760.6]]}},{"type":"Feature","properties":{"rodovia":"SC-160","kmInicial":52.694,"kmFinal":53.871,"situacao":"PAV","revestimento":"CA","nome":"ENTR. ACESSO SUL BRASIL → JURISDIÇÃO SIE FINAL (MODELO)"},"geometry":{"type":"LineString","coordinates":[[296938.4,7037759.7],[296874.9,7037677.9],[296603.3,7037548.8],[296535.3,7037474.4],[296511.1,7037234.9],[296454.8,7037079.8],[296460.9,7036823.6]]}},{"type":"Feature","properties":{"rodovia":"SC-160","kmInicial":54.527,"kmFinal":63.412,"situacao":"PAV","revestimento":"CA","nome":"JURISDIÇÃO SIE INICIAL (MODELO) → ENTR. BR-282 (P/ MARAVILHA)"},"geometry":{"type":"LineString","coordinates":[[295980.1,7036381.1],[295934.6,7036305.8],[295907.5,7036072.6],[296102.2,7035685.0],[296229.0,7035601.5],[296496.2,7035601.3],[296659.4,7035507.3],[296827.6,7035464.5],[296982.3,7035355.4],[297167.1,7035106.4],[297203.8,7035001.1],[297170.5,7034900.5],[296714.8,7034606.1],[296667.0,7034503.5],[296676.2,7034373.8],[296752.7,7034270.7],[297421.8,7033820.1],[298310.3,7032861.8],[298334.4,7032759.1],[298266.7,7032428.3],[298449.9,7032039.0],[299130.0,7031779.5],[300734.6,7031590.3],[300817.2,7031532.8],[300839.9,7031476.2],[300825.2,7031236.6]]}},{"type":"Feature","properties":{"rodovia":"SC-160","kmInicial":65.532,"kmFinal":78.481,"situacao":"PAV","revestimento":"CA","nome":"PINHALZINHO (ENTR. BR-282) → SAUDADES"},"geometry":{"type":"LineString","coordinates":[[302516.4,7030073.0],[302536.2,7030001.9],[302549.3,7028363.3],[302129.7,7028347.7],[302131.7,7028154.7],[301997.6,7027930.3],[301909.3,7027292.0],[301847.7,7027189.9],[301552.4,7026976.5],[301532.8,7026925.7],[301625.7,7026754.5],[301615.1,7026408.5],[301670.8,7026174.0],[301637.5,7025954.4],[301650.2,7025828.9],[301800.2,7025387.2],[301849.9,7025114.5],[301984.2,7024813.5],[301976.4,7024141.4],[302090.8,7023773.0],[302052.0,7023670.2],[301758.9,7023368.4],[301738.8,7023253.5],[301824.5,7023029.0],[301888.3,7022980.1],[302075.1,7022916.5],[302172.2,7022822.9],[302240.5,7022674.6],[302233.7,7022610.1],[302166.0,7022500.3],[302162.8,7022428.9],[302359.1,7022254.1],[302470.2,7022091.4],[302486.2,7022002.3],[302452.3,7021642.0],[302701.1,7021247.9],[302712.4,7021184.1],[302625.8,7020759.9],[302638.2,7020336.2],[302590.0,7020242.1],[302522.9,7020198.6],[302164.9,7020108.8],[301840.1,7020074.0],[301560.9,7019983.2],[301421.4,7020006.7],[300942.3,7020194.5]]}},{"type":"Feature","properties":{"rodovia":"SC-160","kmInicial":78.482,"kmFinal":87.766,"situacao":"PAV","revestimento":"CA","nome":"SAUDADES → ENTR. ACESSO MUNICIPAL DE CUNHATAÍ"},"geometry":{"type":"LineString","coordinates":[[300941.3,7020194.6],[300600.8,7020101.0],[300442.0,7020009.2],[300423.4,7019923.5],[300203.0,7019847.8],[299980.3,7019632.8],[299634.8,7019520.5],[299592.0,7019393.0],[299484.4,7019255.5],[299224.8,7019128.5],[299045.4,7019117.8],[299008.3,7019083.3],[298979.8,7018937.4],[298844.9,7018876.9],[298700.3,7018755.2],[298614.3,7018757.7],[298354.8,7018879.5],[298240.2,7018902.4],[298182.6,7018880.3],[298072.4,7018763.1],[297732.3,7018769.6],[297610.6,7018688.8],[297555.1,7018559.7],[297559.1,7018495.7],[297712.2,7018092.4],[297955.2,7017793.5],[297949.3,7017458.1],[297888.9,7017425.0],[297473.1,7017511.0],[297384.8,7017494.9],[297354.1,7017443.9],[297350.9,7017219.7],[297325.7,7017167.9],[297001.1,7016946.3],[296867.2,7016774.2],[296759.1,7016718.2],[296595.6,7016556.1],[296492.3,7016310.4],[296456.0,7016105.3],[296317.9,7015979.6],[296293.1,7015682.3],[295933.4,7015135.0],[295892.9,7015001.5],[295767.1,7014965.8]]}},{"type":"Feature","properties":{"rodovia":"SC-160","kmInicial":87.767,"kmFinal":89.986,"situacao":"PAV","revestimento":"CA","nome":"ENTR. ACESSO MUNICIPAL DE CUNHATAÍ → ENTR. ACESSO CUNHATAÍ"},"geometry":{"type":"LineString","coordinates":[[295767.1,7014964.8],[295787.3,7014861.6],[295911.3,7014758.6],[295975.3,7014635.6],[295920.3,7014488.6],[295996.3,7014377.6],[296020.3,7014233.6],[295916.3,7014094.6],[295644.3,7013844.6],[295550.3,7013686.6],[295661.3,7013611.6],[295737.3,7013515.6],[295863.0,7013154.5]]}},{"type":"Feature","properties":{"rodovia":"SC-160","kmInicial":89.987,"kmFinal":104.324,"situacao":"PAV","revestimento":"CA","nome":"ENTR. ACESSO CUNHATAÍ → JURISDIÇÃO SIE FINAL (SÃO CARLOS)"},"geometry":{"type":"LineString","coordinates":[[295863.4,7013153.7],[295894.2,7013104.6],[296091.1,7013004.9],[296132.9,7012742.0],[296413.5,7012597.5],[296440.0,7012523.5],[296447.9,7012209.3],[296670.0,7011884.6],[296847.1,7011804.8],[296915.7,7011730.8],[296916.8,7011487.7],[296950.0,7011408.2],[297124.7,7011270.3],[297358.0,7011189.0],[297414.4,7011138.0],[297449.2,7011041.4],[297444.1,7010795.4],[297579.1,7010555.2],[297603.3,7010238.2],[297652.1,7010143.9],[297968.0,7009951.9],[298079.2,7009942.4],[298270.2,7009987.9],[298323.1,7009946.1],[298333.3,7009885.9],[298180.1,7009719.1],[297883.0,7009607.6],[297863.1,7009577.4],[297887.2,7009485.9],[298029.3,7009412.6],[298224.1,7009383.3],[298436.5,7009289.5],[298581.4,7009287.5],[299006.8,7008903.3],[299140.8,7008870.7],[299187.3,7008822.9],[299190.7,7008687.6],[299248.6,7008540.7],[299229.0,7008452.1],[299150.4,7008319.6],[299212.8,7008202.2],[299224.5,7008052.1],[299306.1,7007937.7],[299311.6,7007888.1],[299255.1,7007792.1],[299129.5,7007402.6],[299148.7,7007107.9],[299262.3,7006676.9],[299234.2,7006607.2],[299118.4,7006499.8],[299096.8,7006422.8],[299140.3,7006131.8],[299225.4,7005931.5],[299237.5,7005595.3],[299291.2,7005537.6],[299342.1,7005525.2],[299629.1,7005578.1],[299778.9,7005519.2],[299948.1,7005513.3],[300008.0,7005473.4],[300049.7,7005355.7],[299992.0,7005140.6],[300064.7,7005014.4],[300093.6,7004851.1],[299989.6,7004704.2],[299974.3,7004618.2],[300005.6,7004494.0],[300089.8,7004408.7],[300253.5,7004378.3],[300363.0,7004401.3],[300646.6,7004625.2],[300719.2,7004649.6],[300818.5,7004651.4],[301156.9,7004570.6],[301222.0,7004441.6],[301171.9,7004203.8],[301264.4,7003843.7]]}},{"type":"Feature","properties":{"rodovia":"SC-161","kmInicial":11.001,"kmFinal":23.7,"situacao":"PAV","revestimento":"CA","nome":"PALMA SOLA → ENTR. SC-305 (P/ CAMPO ERÊ)"},"geometry":{"type":"LineString","coordinates":[[273442.0,7084060.7],[273640.2,7083724.1],[273652.3,7083629.1],[273634.3,7083310.1],[273543.3,7082994.1],[273339.3,7081724.0],[273344.3,7081538.0],[273416.3,7081316.0],[273715.2,7080787.1],[273945.3,7080150.0],[274085.3,7079252.0],[274184.3,7079116.0],[274560.3,7078783.0],[274622.3,7078676.0],[274797.3,7077993.0],[274754.3,7077455.9],[275049.3,7076865.9],[275281.3,7076553.9],[275421.3,7076415.9],[276073.3,7075908.9],[276587.3,7075261.9],[277505.3,7073699.9],[277761.3,7072999.9],[277753.3,7072857.9]]}},{"type":"Feature","properties":{"rodovia":"SC-161","kmInicial":23.701,"kmFinal":36.603,"situacao":"PAV","revestimento":"CA","nome":"ENTR. SC-305 (P/ CAMPO ERÊ) → ANCHIETA (ENTR. SC-305)"},"geometry":{"type":"LineString","coordinates":[[277752.6,7072857.1],[277246.3,7072158.9],[277163.3,7072090.8],[276083.3,7071496.8],[275510.3,7071269.8],[274901.3,7071125.8],[274023.3,7070367.8],[273991.3,7070284.8],[273911.3,7069464.8],[273713.3,7068787.8],[273646.3,7068649.8],[273304.3,7068307.7],[272950.4,7067712.7],[272847.4,7067617.7],[272700.4,7067556.7],[272294.4,7067487.7],[272110.4,7067390.7],[271924.4,7067229.7],[271478.4,7066537.7],[270865.4,7065865.7],[270587.4,7065618.7],[270398.4,7065369.7],[270181.4,7065040.6],[270173.4,7064765.6],[270145.4,7064670.6],[269583.4,7064115.6],[269408.8,7064048.8]]}},{"type":"Feature","properties":{"rodovia":"SC-161","kmInicial":36.604,"kmFinal":49.278,"situacao":"PAV","revestimento":"CA","nome":"ANCHIETA (ENTR. SC-305) → ENTR. ACESSO SEDE OURO"},"geometry":{"type":"LineString","coordinates":[[269410.4,7064043.8],[269470.6,7063718.6],[269208.5,7062919.4],[269193.1,7062692.6],[269272.6,7062414.9],[269979.7,7061301.4],[270052.9,7061133.7],[270069.6,7060531.3],[270140.8,7060306.0],[270109.0,7059948.3],[270164.5,7059737.6],[270131.1,7059655.2],[269945.7,7059499.1],[269905.9,7059363.2],[269934.0,7059245.8],[270088.6,7058930.3],[270098.9,7058828.3],[270030.6,7058680.3],[269721.4,7058505.3],[269643.6,7058379.0],[269670.0,7058238.5],[269841.1,7058042.2],[269851.4,7057780.4],[269900.1,7057514.1],[269874.5,7057402.9],[269726.6,7057174.3],[269691.6,7056971.9],[269508.5,7056811.2],[269507.0,7056523.1],[269380.0,7056291.6],[269367.2,7055941.0],[269323.8,7055734.8],[269386.1,7055399.9],[269372.1,7055270.2],[269273.8,7055088.3],[269104.4,7054643.3],[268851.2,7054372.8],[268751.5,7054058.0],[268526.5,7053943.1],[268333.6,7053664.0],[268153.7,7053562.3],[268081.2,7053462.8],[268066.6,7053361.7],[268094.6,7053267.4],[268350.2,7052920.2]]}},{"type":"Feature","properties":{"rodovia":"SC-161","kmInicial":49.279,"kmFinal":56.987,"situacao":"PAV","revestimento":"CA","nome":"ENTR. ACESSO SEDE OURO → ROMELÂNDIA (ENTR. SC-492)"},"geometry":{"type":"LineString","coordinates":[[268350.8,7052919.4],[268604.0,7052577.6],[268633.9,7052484.3],[268609.4,7052373.4],[268468.5,7052179.5],[268371.4,7051888.7],[268352.7,7051570.6],[268420.7,7051407.2],[268424.9,7051295.2],[268343.9,7051132.3],[268336.2,7050889.4],[268201.6,7050538.5],[267796.6,7050051.1],[267701.2,7049874.2],[267521.0,7048735.0],[267552.6,7048584.5],[267618.2,7048452.8],[267868.5,7048220.7],[267987.6,7048056.3],[268225.8,7047922.2],[268400.6,7047755.9],[268618.6,7047733.3],[268675.8,7047693.1],[268674.2,7047506.5],[268751.9,7047311.7],[268715.0,7047258.0],[268599.8,7047219.4],[268577.6,7047151.8],[268685.5,7046982.6],[268682.4,7046808.7],[268841.0,7046717.8],[268882.7,7046536.7]]}},{"type":"Feature","properties":{"rodovia":"SC-161","kmInicial":60.697,"kmFinal":63.405,"situacao":"PAV","revestimento":"CA","nome":"ROMELÂNDIA (ENTR. SC-492) → ENTR. SC-492 (P/ BARRA BONITA)"},"geometry":{"type":"LineString","coordinates":[[268897.0,7046512.9],[269145.4,7046154.2],[269186.4,7045872.2],[269106.4,7045761.2],[268537.4,7045416.2],[268529.4,7045349.2],[268704.4,7045015.2],[268719.4,7044908.2],[268358.5,7044404.5]]}},{"type":"Feature","properties":{"rodovia":"SC-161","kmInicial":63.406,"kmFinal":75.918,"situacao":"PAV","revestimento":"CA","nome":"ENTR. SC-492 (P/ BARRA BONITA) → FLOR DO SERTÃO"},"geometry":{"type":"LineString","coordinates":[[268357.9,7044403.7],[268211.4,7044188.2],[268109.4,7043829.2],[267940.5,7043646.1],[267781.0,7043573.2],[267263.5,7043487.1],[266777.5,7043199.1],[266487.5,7043128.1],[266381.5,7043053.1],[266329.5,7042890.1],[266400.5,7042614.1],[266381.5,7042468.1],[266405.5,7042253.1],[266350.5,7042088.1],[266094.5,7041859.1],[265872.5,7041598.0],[265695.5,7041470.0],[265551.5,7041247.0],[265383.5,7041093.0],[265342.5,7040997.0],[265376.5,7040718.0],[265311.5,7040619.0],[265213.5,7040574.0],[264859.5,7040576.0],[264740.5,7040495.0],[264589.5,7040163.0],[264404.5,7039943.0],[264372.5,7039666.0],[264263.5,7039435.0],[264263.5,7039294.9],[264453.5,7038942.9],[264685.5,7038688.9],[264915.5,7038490.0],[265143.5,7037968.9],[265164.5,7037477.9],[265114.5,7037395.9],[264765.5,7037178.9],[264743.5,7037090.0],[264806.5,7036945.9],[264924.5,7036839.9],[265254.5,7036720.9],[265452.5,7036700.9],[265561.5,7036654.9],[265812.5,7036458.9],[266175.5,7036006.9],[266572.0,7035883.8]]}},{"type":"Feature","properties":{"rodovia":"SC-161","kmInicial":75.919,"kmFinal":78.573,"situacao":"PAV","revestimento":"CA","nome":"FLOR DO SERTÃO → ENTR. BR-282 (P/ SÃO MIGUEL DO OESTE)"},"geometry":{"type":"LineString","coordinates":[[266572.9,7035883.5],[266670.5,7035836.9],[266805.5,7035685.9],[266919.5,7035630.9],[266993.5,7035489.9],[266988.5,7035395.9],[266854.5,7035094.9],[266683.5,7034838.9],[266562.5,7034417.9],[266472.5,7034222.0],[266507.5,7034064.9],[266569.5,7033992.9],[266766.5,7033925.9],[266819.3,7033745.2]]}},{"type":"Feature","properties":{"rodovia":"SC-161","kmInicial":86.173,"kmFinal":91.533,"situacao":"PAV","revestimento":"CA","nome":"ENTR. BR-282 (P/ MARAVILHA) → IRACEMINHA"},"geometry":{"type":"LineString","coordinates":[[272940.6,7035594.8],[272924.4,7035429.0],[272973.4,7035188.0],[272951.4,7035070.0],[272995.4,7034686.0],[273146.4,7034331.0],[273138.4,7034124.1],[273308.4,7033860.0],[273455.4,7033772.0],[273709.4,7033482.0],[273712.4,7033153.0],[273824.4,7032924.0],[273868.4,7032764.0],[273896.4,7032356.0],[274026.4,7032230.0],[274444.4,7032123.0],[274497.4,7032063.0],[274490.4,7032004.0],[274416.4,7031892.0],[274216.4,7031752.0],[274118.7,7031496.3],[274104.4,7031391.0],[274167.4,7031141.0]]}},{"type":"Feature","properties":{"rodovia":"SC-163","kmInicial":58.315,"kmFinal":64.674,"situacao":"PAV","revestimento":"CA","nome":"SÃO MIGUEL DO OESTE (ENTR. BR-163/BR-282) → ENTR. SC-496 (P/ BELMONTE)"},"geometry":{"type":"LineString","coordinates":[[251335.8,7037609.3],[251389.7,7036777.6],[251069.5,7036392.5],[250797.6,7035922.6],[250798.6,7035832.6],[250989.6,7035101.5],[250978.6,7034950.5],[250215.6,7031699.5],[250220.6,7031552.8]]}},{"type":"Feature","properties":{"rodovia":"SC-163","kmInicial":64.675,"kmFinal":66.357,"situacao":"PAV","revestimento":"CA","nome":"ENTR. SC-496 (P/ BELMONTE) → DESCANSO"},"geometry":{"type":"LineString","coordinates":[[250221.3,7031552.2],[251352.6,7030530.8]]}},{"type":"Feature","properties":{"rodovia":"SC-163","kmInicial":66.358,"kmFinal":88.69,"situacao":"PAV","revestimento":"CA","nome":"DESCANSO → IPORÃ DO OESTE"},"geometry":{"type":"LineString","coordinates":[[251352.3,7030529.8],[251252.6,7030287.8],[251292.6,7030033.8],[252562.6,7029194.5],[252615.6,7029064.5],[252588.6,7028853.5],[252376.6,7028238.5],[252101.6,7027563.5],[251994.6,7027028.5],[252023.6,7026697.5],[251968.6,7026500.5],[251738.6,7026126.5],[251827.6,7025435.5],[251825.6,7025049.5],[251770.6,7024773.5],[251394.6,7023534.4],[251465.6,7022766.4],[251335.6,7022592.5],[251205.6,7022240.4],[251217.6,7021943.4],[251171.6,7021698.4],[250887.6,7021392.4],[250830.6,7021270.4],[250852.6,7021124.4],[251107.5,7020598.4],[251144.5,7020266.4],[251121.5,7020115.4],[251287.5,7020014.4],[251361.5,7019792.4],[251507.5,7019665.4],[251715.5,7019551.4],[251777.5,7019441.4],[251771.5,7019133.4],[251811.5,7018933.4],[251791.5,7018865.4],[251710.5,7018771.4],[251748.5,7018658.4],[251896.5,7018482.4],[251915.5,7018387.4],[251809.5,7018160.4],[251815.5,7017951.4],[251723.5,7017631.4],[251682.5,7017371.4],[251583.5,7017236.4],[251477.6,7017195.4],[251244.5,7017178.4],[251143.5,7017043.4],[251216.5,7016843.4],[251208.5,7016567.4],[251611.5,7015576.4],[251624.5,7015482.4],[251563.5,7015242.4],[251521.5,7015183.4],[250312.6,7014233.4],[250191.5,7014204.4],[249963.5,7014288.4],[249561.5,7014320.4],[249093.5,7014094.4],[248901.5,7013940.4],[248838.5,7013870.4],[248428.5,7013102.4],[248411.5,7013017.4],[248444.5,7012660.4],[248399.5,7012500.3],[248461.6,7012324.1]]}},{"type":"Feature","properties":{"rodovia":"SC-163","kmInicial":88.691,"kmFinal":91.177,"situacao":"PAV","revestimento":"CA","nome":"IPORÃ DO OESTE → ENTR. SC-386/BR-386 (P/ MONDAÍ)"},"geometry":{"type":"LineString","coordinates":[[248461.7,7012323.1],[248486.5,7012131.3],[248554.5,7012034.3],[248487.5,7011692.3],[248578.5,7011489.3],[248731.5,7011382.3],[248766.5,7011311.3],[248740.5,7011105.3],[248582.1,7010625.2],[248641.2,7010131.4],[248610.0,7010010.7]]}},{"type":"Feature","properties":{"rodovia":"SC-163","kmInicial":91.178,"kmFinal":101.338,"situacao":"PAV","revestimento":"CA","nome":"ENTR. SC-386/BR-386 (P/ MONDAÍ) → ENTR. SC-496 (P/ SÃO JOÃO DO OESTE)"},"geometry":{"type":"LineString","coordinates":[[248609.5,7010009.8],[248493.5,7009918.3],[248041.5,7009847.3],[247805.5,7009677.3],[247687.5,7009464.3],[247599.5,7008978.3],[247479.5,7008828.3],[246521.5,7008698.3],[245497.5,7008116.3],[245289.5,7007871.3],[245153.5,7007585.3],[244943.5,7007341.3],[244734.5,7006920.3],[244592.5,7006893.3],[244044.5,7007017.3],[243897.5,7007015.3],[243797.5,7006969.3],[243327.5,7006549.3],[242908.5,7006419.3],[242810.5,7006360.3],[242594.5,7006041.3],[242533.5,7005883.3],[242465.5,7005480.3],[242538.5,7005120.3],[242516.5,7005048.3],[242460.5,7004994.3],[241925.5,7004943.3],[241390.5,7005051.1]]}},{"type":"Feature","properties":{"rodovia":"SC-163","kmInicial":101.339,"kmFinal":103.031,"situacao":"PAV","revestimento":"CA","nome":"ENTR. SC-496 (P/ SÃO JOÃO DO OESTE) → ENTR. SC-496 (P/ TUNÁPOLIS)"},"geometry":{"type":"LineString","coordinates":[[241389.5,7005051.3],[240431.5,7005501.8],[240298.5,7005500.3],[239839.8,7005343.2]]}},{"type":"Feature","properties":{"rodovia":"SC-163","kmInicial":103.032,"kmFinal":121.728,"situacao":"PAV","revestimento":"CA","nome":"ENTR. SC-496 (P/ TUNÁPOLIS) → ITAPIRANGA (ENTR. SC-283/SC-170/ BR-163)"},"geometry":{"type":"LineString","coordinates":[[239838.8,7005343.0],[239503.5,7005303.3],[239132.5,7005415.3],[239039.5,7005422.3],[238904.5,7005386.3],[238638.5,7005209.3],[238521.5,7004931.3],[238433.5,7004838.3],[238317.5,7004783.3],[237987.5,7004708.3],[237835.5,7004636.3],[237751.5,7004564.2],[237464.5,7004158.2],[237057.5,7003910.2],[236602.5,7003304.2],[236408.5,7002985.2],[236133.5,7002769.2],[236055.5,7002659.3],[235917.5,7002193.2],[235846.5,7001593.2],[235754.5,7001387.2],[235237.5,7000757.2],[234714.5,7000351.2],[234493.5,7000221.2],[234243.5,6999961.2],[233726.6,6999645.2],[233680.5,6999522.2],[233697.5,6999325.2],[233675.5,6999229.2],[233479.5,6998990.2],[233445.5,6998905.2],[233550.5,6998483.2],[233510.5,6998327.2],[233272.5,6998025.2],[232795.5,6997684.2],[232431.5,6997503.2],[232305.5,6997339.2],[232099.5,6996708.2],[231847.5,6996471.2],[231806.5,6996309.2],[231812.5,6995960.2],[231783.5,6995711.1],[231991.5,6995396.1],[231997.5,6995251.1],[231920.6,6995155.2],[231538.5,6995025.1],[231502.5,6994973.1],[231558.5,6994633.1],[231492.5,6994042.1],[231560.5,6993958.1],[231678.5,6993888.1],[231942.5,6993571.1],[232063.5,6993278.1],[232217.5,6993118.1],[232154.5,6992929.1],[232156.5,6992846.1],[232181.5,6992778.1],[232270.5,6992690.1],[232274.5,6992569.1],[232251.5,6992539.1],[232184.5,6992532.1],[232016.5,6992631.1],[231939.5,6992571.1],[232070.7,6992096.8]]}},{"type":"Feature","properties":{"rodovia":"SC-170","kmInicial":117.001,"kmFinal":118.508,"situacao":"PAV","revestimento":"CA","nome":"ENTR. SC-496 (P/ SANTA HELENA) → ENTR. SC-496 (P/ TUNÁPOLIS)"},"geometry":{"type":"LineString","coordinates":[[239338.6,7016639.4],[239257.6,7016562.4],[239034.6,7016162.4],[238828.6,7016069.4],[238695.6,7015887.4],[238252.4,7015710.0]]}},{"type":"Feature","properties":{"rodovia":"SC-281","kmInicial":0.0,"kmFinal":1.102,"situacao":"DUP","revestimento":"CA","nome":"SÃO JOSÉ (ENTR. BR-101) → KM 1,102"},"geometry":{"type":"LineString","coordinates":[[732588.9,6943330.1],[732282.9,6943494.1],[731771.9,6943572.1],[731669.9,6943604.1],[731570.8,6943681.7]]}},{"type":"Feature","properties":{"rodovia":"SC-281","kmInicial":1.103,"kmFinal":1.613,"situacao":"DUP","revestimento":"CA","nome":"ENTR. P/ DISTRITO INDUSTRIAL → KM 1,613"},"geometry":{"type":"LineString","coordinates":[[731570.0,6943682.3],[731414.9,6943795.1],[731121.7,6943913.2]]}},{"type":"Feature","properties":{"rodovia":"SC-281","kmInicial":1.614,"kmFinal":5.012,"situacao":"DUP","revestimento":"CA","nome":"KM 1,613 → FINAL DE TRECHO DUPLICADO"},"geometry":{"type":"LineString","coordinates":[[731120.8,6943913.6],[730336.9,6944241.1],[730162.8,6944392.1],[729873.8,6944782.1],[729763.8,6944890.1],[729067.8,6945341.1],[728788.8,6945475.1],[728279.8,6945622.0]]}},{"type":"Feature","properties":{"rodovia":"SC-281","kmInicial":5.013,"kmFinal":18.99,"situacao":"PAV","revestimento":"CA","nome":"FINAL DE TRECHO DUPLICADO → JURISDIÇÃO SIE FINAL (SÃO PEDRO DE ALCÂNTARA)"},"geometry":{"type":"LineString","coordinates":[[728278.8,6945622.3],[728040.8,6945689.1],[727899.8,6945781.1],[727807.8,6945915.1],[727755.9,6946240.8],[727704.8,6946361.1],[727417.8,6946532.1],[727259.8,6946540.1],[727107.8,6946510.1],[726547.8,6946155.1],[726453.8,6946111.1],[726336.8,6946110.1],[726062.8,6946237.1],[725636.8,6946619.1],[725445.8,6946890.1],[725238.8,6946977.1],[725090.8,6946906.2],[724831.8,6946594.2],[724660.8,6946483.2],[724560.8,6946489.2],[724519.8,6946538.2],[724465.8,6946795.2],[724502.8,6946969.2],[724472.8,6947054.2],[724093.8,6947324.2],[723774.8,6947402.2],[723466.8,6947763.2],[723354.8,6947774.2],[723211.8,6947705.2],[722909.8,6947380.2],[722835.8,6947337.2],[722754.8,6947350.2],[722632.8,6947440.2],[722446.8,6947480.2],[722370.8,6947595.2],[722378.8,6947846.2],[722219.8,6948030.2],[722181.8,6948112.2],[722165.8,6948401.2],[721991.8,6948626.2],[721937.8,6948635.2],[721624.8,6948448.2],[721475.8,6948412.2],[721230.8,6948626.2],[720774.8,6948829.2],[720555.8,6949031.2],[720349.8,6949029.2],[719872.8,6949137.2],[719789.8,6949299.2],[719633.8,6949349.2],[719562.8,6949432.2],[719296.8,6949521.2],[719239.8,6949600.2],[719206.8,6949753.2],[719165.8,6949802.2],[719014.8,6949806.2],[718876.8,6949751.2],[718695.8,6949743.2],[718579.8,6949492.2],[718452.8,6949359.2],[718426.1,6949141.6]]}},{"type":"Feature","properties":{"rodovia":"SC-281","kmInicial":23.14,"kmFinal":48.145,"situacao":"EOP","revestimento":"","nome":"JURISDIÇÃO SIE INICIAL (SÃO PEDRO DE ALCÂNTARA) → ANGELINA (ENTR. SC-108)"},"geometry":{"type":"LineString","coordinates":[[715783.2,6947437.4],[715624.8,6947524.2],[715508.8,6947539.2],[715468.8,6947595.2],[715383.8,6947586.2],[715343.8,6947616.2],[715279.8,6947750.2],[715288.8,6947983.2],[715257.8,6948022.2],[715077.8,6948047.2],[714974.3,6948128.2],[714890.8,6948127.2],[714790.8,6948180.2],[714686.8,6948195.2],[714630.8,6948112.2],[714595.8,6947903.2],[714304.8,6947689.2],[714063.8,6947655.2],[713895.8,6947670.3],[713768.8,6947602.3],[713682.8,6947598.3],[713610.8,6947627.3],[713548.8,6947721.3],[713496.8,6947751.2],[713175.8,6947266.3],[713061.7,6947266.8],[712924.3,6947388.3],[712802.8,6947371.3],[712700.8,6947218.3],[712584.8,6947168.3],[712563.8,6946882.3],[712444.8,6946704.3],[712191.8,6946825.3],[712016.8,6946991.3],[711983.8,6946988.3],[711858.8,6946616.3],[711823.8,6946588.3],[711719.8,6946565.3],[711572.8,6946479.3],[711461.8,6946465.3],[711357.8,6946483.3],[711328.8,6946575.3],[711231.8,6946571.3],[711187.8,6946640.3],[711009.8,6946518.3],[710974.8,6946539.3],[710918.8,6946702.3],[710853.8,6946786.3],[710766.8,6946794.3],[710742.8,6946856.3],[710650.7,6946866.4],[710631.8,6946934.3],[710528.3,6947037.8],[710409.8,6946998.3],[710374.8,6946909.3],[709991.8,6946725.3],[709852.8,6946600.3],[709754.8,6946661.3],[709434.8,6946736.3],[709347.8,6946670.3],[709221.8,6946688.3],[709168.3,6946495.3],[709112.8,6946487.3],[709045.8,6946530.3],[708923.8,6946481.3],[708836.8,6946439.3],[708626.8,6946226.3],[708547.8,6946196.3],[708383.8,6946200.3],[708315.8,6946138.3],[708204.8,6946116.3],[707981.8,6946125.3],[707893.7,6946169.3],[707706.8,6946124.3],[707564.8,6945975.3],[707308.8,6945997.3],[707196.8,6946034.3],[707039.8,6945960.3],[706929.8,6945985.3],[706859.8,6946067.3],[706830.3,6946221.8],[706738.8,6946313.8],[706549.8,6946373.3],[706484.8,6946341.3],[706331.8,6946390.3],[706245.8,6946358.3],[706095.8,6946541.3],[706010.8,6946538.3],[705921.8,6946584.3],[705745.8,6946359.3],[705595.8,6946394.3],[705480.8,6946384.3],[705411.8,6946447.3],[705336.8,6946332.4],[705279.8,6946328.3],[705162.7,6946400.2],[705107.8,6946588.4],[705116.8,6946657.3],[704914.8,6946682.4],[704904.8,6946825.4],[704821.8,6946938.4],[704775.8,6947060.4],[704612.8,6947082.4],[704513.8,6947128.4],[704450.8,6947109.4],[704402.8,6947199.4],[704336.3,6947226.9],[704274.8,6947132.4],[704167.8,6947050.4],[704030.8,6947130.4],[704033.8,6947220.4],[703988.3,6947318.9],[703905.8,6947216.4],[703841.8,6947205.3],[703831.3,6947285.4],[703766.8,6947343.4],[703769.3,6947473.4],[703697.7,6947512.3],[703622.8,6947461.4],[703540.8,6947503.4],[703476.8,6947409.4],[703426.3,6947384.4],[703324.8,6947065.4],[703289.3,6947051.4],[703287.8,6947100.4],[703243.8,6947115.4],[702914.8,6947021.4],[702854.8,6947074.4],[702899.8,6947178.4],[702799.8,6947245.4],[702736.8,6947227.4],[702663.8,6947134.4],[702495.8,6947174.4],[702483.8,6947236.4],[702543.8,6947389.4],[702526.8,6947493.4],[702432.8,6947426.4],[702258.8,6947195.4],[702175.8,6947138.4],[701998.8,6947174.4],[701958.8,6947213.4],[701901.8,6947397.4],[701739.8,6947498.4],[701664.8,6947586.4],[701565.8,6947625.4],[701471.8,6947608.4],[701284.8,6947637.4],[701075.8,6947551.4],[700867.8,6947546.4],[700645.8,6947412.4],[700523.8,6947494.4],[700421.8,6947486.4],[700308.8,6947522.4],[700245.8,6947619.4],[700120.8,6947657.4],[699992.8,6947599.4],[700026.8,6947714.4],[700010.8,6947773.4],[699941.8,6947831.4],[699754.8,6947818.4],[699749.8,6947918.4],[699706.8,6948000.4],[699717.8,6948054.4],[699653.8,6948078.4],[699600.8,6948067.4],[699564.8,6948024.4],[699452.8,6947785.4],[699391.8,6947514.4],[699365.3,6947494.0],[699312.8,6947511.4],[699306.3,6947436.4],[699276.8,6947438.4],[699241.8,6947540.4],[699266.8,6947615.4],[699234.8,6947653.4],[699175.3,6947629.9],[699159.8,6947527.4],[699119.8,6947475.4],[699016.0,6947535.3]]}},{"type":"Feature","properties":{"rodovia":"SC-281","kmInicial":88.634,"kmFinal":108.014,"situacao":"PAV","revestimento":"CA","nome":"LEOBERTO LEAL (ENTR. SC-408) → IMBUIA"},"geometry":{"type":"LineString","coordinates":[[669065.1,6956494.6],[668698.4,6956306.9],[668609.1,6956234.3],[668462.9,6955975.1],[668114.0,6955549.9],[667980.9,6955535.0],[667915.7,6955453.2],[667802.5,6955482.1],[667510.8,6955435.7],[667327.3,6955478.3],[667256.9,6955453.9],[667161.7,6955258.4],[666992.4,6955134.3],[666874.3,6955134.6],[666844.7,6955096.2],[666832.5,6954973.0],[666742.3,6954970.0],[666640.8,6954891.6],[666626.5,6954825.8],[666655.4,6954655.6],[666459.9,6954580.6],[666348.5,6954387.3],[666211.6,6954335.2],[666172.1,6954346.7],[666091.6,6954391.1],[666034.2,6954490.0],[666011.4,6954367.2],[665914.5,6954436.8],[665729.6,6954402.5],[665701.1,6954237.7],[665651.2,6954198.5],[665562.4,6954239.9],[665451.0,6954239.0],[665478.4,6954384.6],[665442.2,6954429.2],[665374.7,6954444.0],[665219.2,6954326.6],[664863.5,6954384.4],[664637.9,6954210.6],[664565.7,6954208.2],[664453.5,6954283.6],[664341.3,6954461.0],[663961.1,6954848.4],[663892.0,6954965.9],[663618.9,6956271.0],[663567.9,6956398.6],[663461.1,6956479.4],[663309.6,6956531.0],[663056.9,6956673.0],[662907.8,6956701.2],[662691.3,6956643.9],[662473.8,6956723.1],[662363.1,6956718.1],[662271.5,6956661.0],[662163.5,6956499.4],[661862.1,6956189.2],[661762.0,6956115.5],[661628.2,6956065.8],[661295.3,6956058.8],[660978.2,6956132.0],[660763.1,6956233.1],[660607.3,6956217.1],[660501.9,6956158.4],[660252.2,6955910.9],[659882.7,6955635.6],[659726.0,6955567.1],[659249.7,6955538.3],[658298.2,6955551.0],[658133.9,6955598.3],[657974.8,6955684.6],[657742.4,6955843.4],[657626.5,6955982.5],[657594.9,6956093.7],[657594.6,6956257.7],[657445.4,6956500.3],[657374.4,6956729.2],[657297.1,6956822.8],[657135.1,6956942.8],[656602.3,6957573.9],[656539.4,6957934.2],[656560.0,6958113.1],[656510.3,6958198.3],[656415.5,6958233.7],[655839.1,6958247.7],[655758.0,6958183.5]]}},{"type":"Feature","properties":{"rodovia":"SC-281","kmInicial":108.015,"kmFinal":109.19,"situacao":"PAV","revestimento":"CA","nome":"IMBUIA → ENTR. ACESSO A IMBUIA"},"geometry":{"type":"LineString","coordinates":[[655757.0,6958183.5],[655563.4,6958349.9],[655417.4,6958610.1],[655225.4,6958660.6],[655059.3,6958774.4],[654955.2,6958779.1],[654863.9,6958724.3]]}},{"type":"Feature","properties":{"rodovia":"SC-281","kmInicial":109.191,"kmFinal":114.609,"situacao":"PAV","revestimento":"CA","nome":"ENTR. ACESSO A IMBUIA → ENTR. SC-110 (P/ VIDAL RAMOS)"},"geometry":{"type":"LineString","coordinates":[[654862.9,6958724.3],[654738.3,6958738.3],[654674.0,6958801.9],[654669.4,6959113.1],[654626.0,6959326.8],[654659.4,6959493.9],[654510.1,6959699.2],[654353.1,6960093.7],[654024.4,6960369.2],[653953.0,6960668.3],[653379.3,6961319.6],[653283.4,6961499.4],[653337.2,6961915.8],[653393.4,6962843.9],[653545.8,6963192.5],[653689.5,6963410.6]]}},{"type":"Feature","properties":{"rodovia":"SC-281","kmInicial":134.51,"kmFinal":156.049,"situacao":"EOP","revestimento":"","nome":"JURISDIÇÃO SIE INICIAL (ITUPORANGA) = ENTR. OESTE SC-110/SC-350 → ATALANTA"},"geometry":{"type":"LineString","coordinates":[[638035.1,6967892.4],[638059.3,6967453.9],[637211.3,6967415.9],[637065.3,6967368.9],[636883.3,6967238.9],[636783.4,6967213.9],[636588.3,6967055.9],[636365.3,6967036.9],[636065.4,6967191.9],[635765.4,6967185.0],[635497.4,6966986.0],[635330.4,6966950.0],[635168.4,6966953.0],[634852.4,6966804.0],[634812.4,6966832.0],[634859.4,6966939.0],[634760.4,6966968.0],[634398.4,6966821.0],[634276.4,6966839.0],[634135.4,6966794.0],[633979.4,6966857.0],[633446.4,6967272.0],[633188.4,6967403.0],[632736.4,6967694.0],[632289.4,6968149.0],[632140.4,6968209.0],[631961.4,6968197.0],[631885.4,6968095.0],[631685.4,6968038.0],[631057.4,6968114.0],[630870.4,6968184.0],[630764.4,6968192.0],[630486.4,6968129.0],[630398.4,6968021.0],[630311.4,6967965.0],[630052.4,6967979.0],[629729.4,6968105.0],[629580.4,6968286.0],[629486.4,6968287.0],[629390.4,6968235.0],[629150.4,6968434.0],[629006.5,6968434.0],[628714.4,6968611.0],[628555.4,6968604.0],[628421.4,6968647.0],[628300.4,6968748.0],[628156.4,6968769.0],[628011.4,6968719.0],[627841.4,6968592.0],[627316.4,6968440.0],[627295.9,6968337.5],[627182.5,6968284.1],[626921.4,6968437.0],[626463.4,6968612.1],[626057.5,6968489.1],[625956.4,6968343.1],[625840.4,6968254.1],[625674.4,6968186.1],[625529.5,6968019.1],[625410.9,6967961.1],[625304.4,6967781.1],[625092.4,6967712.1],[624614.5,6967434.1],[624497.5,6967405.1],[624294.0,6967220.1],[623985.5,6967496.1],[623827.5,6967577.1],[623664.5,6967927.1],[623529.5,6967934.1],[623479.5,6968023.1],[623324.5,6968011.1],[623289.5,6967986.1],[623257.5,6967775.1],[623209.5,6967669.1],[623120.5,6967756.1],[623016.5,6967731.1],[623028.5,6967478.1],[622975.0,6967380.6],[622858.5,6967395.1],[622687.5,6967486.1],[622583.5,6967470.1],[622320.5,6967379.1],[622198.5,6967286.1],[620766.5,6966847.1],[620393.7,6966520.2]]}},{"type":"Feature","properties":{"rodovia":"SC-281","kmInicial":156.05,"kmFinal":162.17,"situacao":"PAV","revestimento":"CA","nome":"ATALANTA → AGROLÂNDIA (ENTR. SC-112)"},"geometry":{"type":"LineString","coordinates":[[620392.9,6966520.6],[620296.5,6966631.1],[620262.5,6966942.1],[620311.5,6967076.1],[620265.5,6967192.1],[620067.9,6967328.6],[619525.5,6967843.1],[618820.5,6968050.1],[618687.5,6968066.1],[618578.5,6968016.1],[618152.5,6967440.1],[617671.5,6967346.1],[617382.5,6967365.1],[617261.5,6967339.1],[617116.5,6967446.1],[616983.5,6967664.1],[616950.5,6967675.1],[616684.5,6967560.1],[615715.0,6967542.6]]}},{"type":"Feature","properties":{"rodovia":"SC-281","kmInicial":176.066,"kmFinal":190.265,"situacao":"PAV","revestimento":"CA","nome":"TROMBUDO CENTRAL (ENTR. SC-112) → BRAÇO DO TROMBUDO"},"geometry":{"type":"LineString","coordinates":[[619421.4,6979677.7],[619281.5,6979371.2],[618906.4,6979110.2],[618817.4,6979186.2],[618687.4,6979230.2],[618629.5,6979311.1],[618555.4,6979349.2],[618371.4,6979326.2],[617996.4,6979392.2],[617712.4,6979408.2],[617628.4,6979384.2],[617343.4,6979172.2],[616864.5,6978934.2],[616818.5,6978810.2],[616874.5,6978552.2],[616829.5,6978479.2],[616642.5,6978463.2],[616229.5,6978367.2],[616024.5,6978226.2],[615791.5,6978163.2],[615730.1,6978050.6],[615757.5,6977876.2],[615696.5,6977813.2],[615533.5,6977822.2],[615289.5,6977697.2],[615195.5,6977693.2],[615087.5,6977740.2],[614968.5,6977871.2],[614853.5,6977871.2],[614498.5,6977712.2],[614463.5,6977643.2],[614479.5,6977490.2],[614440.5,6977436.2],[614244.5,6977408.2],[614113.5,6977315.2],[613911.5,6977362.2],[613597.5,6977308.2],[613380.5,6977483.2],[613205.3,6977484.8],[613006.0,6977362.0],[612905.5,6977036.2],[612831.5,6976935.2],[612752.5,6976896.2],[612499.5,6976853.2],[612071.5,6976605.2],[611983.5,6976525.2],[611881.5,6976310.2],[611826.4,6976257.2],[611706.5,6976229.2],[611102.5,6976244.2],[610960.5,6976200.2],[610783.5,6976027.2],[610741.5,6975914.2],[610830.5,6975677.3],[610800.5,6975430.2],[610915.5,6975172.2],[610858.5,6974645.3],[610919.5,6974444.2],[610912.5,6974185.2],[610860.5,6974115.2],[610633.5,6974043.2],[610508.5,6973881.2],[610416.5,6973381.4]]}},{"type":"Feature","properties":{"rodovia":"SC-281","kmInicial":226.426,"kmFinal":260.29,"situacao":"LEN","revestimento":"","nome":"OTACÍLIO COSTA  (ENTR. NORTE  SC-114) → PONTE ALTA (ENTR. SUL BR-116)"},"geometry":{"type":"LineString","coordinates":[[586438.9,6963891.1],[586286.8,6963779.4],[586210.8,6963685.4],[585848.9,6963595.4],[585693.9,6963397.4],[585519.9,6963300.4],[585416.9,6963299.4],[585297.9,6963354.4],[585145.9,6963319.4],[585031.9,6963338.4],[584701.9,6963154.4],[584625.9,6963028.4],[584520.9,6963030.4],[584386.9,6962887.4],[584172.9,6962831.4],[583792.9,6963115.4],[583473.9,6963245.4],[583395.9,6963303.4],[583313.9,6963385.4],[583283.9,6963503.9],[583075.9,6963766.4],[583074.9,6963844.4],[583243.9,6964054.4],[583445.9,6964170.4],[583477.9,6964223.4],[583465.9,6964297.4],[583298.9,6964491.4],[582942.9,6964607.4],[582634.9,6964661.4],[582484.8,6964816.4],[582165.9,6964974.4],[582115.8,6964942.4],[581973.9,6964687.4],[581843.9,6964568.4],[581791.9,6964560.4],[581394.9,6964600.4],[581237.9,6964736.4],[581050.4,6964722.4],[580868.8,6964890.4],[580800.8,6965031.4],[580641.8,6965090.4],[580542.8,6965084.4],[580371.8,6964917.4],[580131.8,6964883.4],[580006.3,6965001.1],[579891.8,6965037.4],[579463.8,6964941.4],[579298.8,6964965.4],[579112.8,6965069.4],[578990.8,6965052.4],[578770.8,6964883.4],[578689.9,6964773.4],[578479.9,6964686.4],[578227.9,6964510.5],[578149.9,6964491.4],[578054.9,6964389.4],[577682.9,6964336.4],[577551.9,6964253.4],[577397.9,6964200.4],[577320.9,6964208.4],[577214.9,6964296.4],[577186.9,6964288.4],[577070.9,6964099.4],[576789.9,6963995.4],[576669.9,6963856.4],[576616.9,6963746.4],[576472.9,6963624.4],[575985.9,6963433.4],[575743.9,6963560.4],[575650.9,6963538.4],[575525.9,6963454.4],[575309.9,6963458.4],[575198.9,6963521.4],[575045.9,6963516.4],[574741.9,6963643.4],[574181.9,6963748.4],[574099.9,6963815.4],[574027.9,6963973.5],[573860.9,6964061.5],[573650.9,6964303.5],[573409.9,6964348.5],[572931.9,6964246.5],[572625.9,6964292.5],[572552.9,6964247.5],[572477.9,6964129.5],[572421.9,6963861.5],[572272.9,6963721.5],[571997.9,6963638.5],[571869.9,6963514.5],[571621.9,6963433.5],[571513.9,6963263.5],[571269.9,6963002.5],[571160.9,6963006.5],[571020.8,6963104.9],[570941.9,6963017.5],[570612.9,6962817.5],[570583.9,6962647.5],[570638.9,6962525.5],[570631.9,6962401.4],[570509.9,6962256.4],[570234.9,6962060.4],[570076.9,6962058.4],[569796.9,6962312.5],[569270.9,6962540.5],[569170.9,6962508.5],[568802.9,6962240.5],[568424.9,6962183.5],[568296.9,6962100.5],[568179.9,6962077.5],[568040.0,6961904.5],[567940.9,6961940.5],[567859.9,6962049.5],[567818.9,6962058.5],[567774.9,6961939.5],[567558.9,6961885.5],[567470.9,6961817.5],[567320.9,6961565.5],[567287.0,6961343.4],[567106.0,6961267.5],[567143.0,6961071.4],[567008.0,6960676.4],[566902.0,6960585.4],[566714.0,6960614.4],[566608.0,6960425.4],[566491.0,6960384.4],[566405.0,6960242.4],[566249.0,6960159.4],[566134.0,6960180.4],[565769.0,6960368.4],[565713.0,6960447.4],[565647.0,6960763.4],[565491.0,6960818.5],[565392.0,6960917.5],[565355.0,6960992.5],[565340.0,6961181.5],[565241.0,6961308.5],[565150.0,6961508.5],[564976.0,6961554.5],[564817.0,6961633.5],[564720.9,6961638.5],[564460.0,6961610.5],[564171.0,6961321.5],[563965.0,6961196.5],[563855.0,6960959.5],[563566.0,6960700.5],[563485.0,6960330.4],[563344.0,6960276.4],[563265.0,6960277.4],[563098.0,6960315.4],[562959.0,6960382.5],[562811.0,6960364.5],[562675.0,6960433.5],[562375.0,6960258.5],[562113.0,6960158.5],[561433.2,6959767.8]]}},{"type":"Feature","properties":{"rodovia":"SC-283","kmInicial":0.0,"kmFinal":4.346,"situacao":"PAV","revestimento":"CA","nome":"ENTR. BR-153 (P/ IRANI) → ENTR. ACESSO À RUA TANCREDO DE ALMEIDA NEVES (CONCÓRDIA)"},"geometry":{"type":"LineString","coordinates":[[405751.2,6990046.0],[405700.5,6990001.1],[405672.5,6989794.1],[405582.4,6989721.1],[405519.0,6989708.6],[405408.7,6989740.7],[405141.9,6990049.0],[405051.8,6990087.7],[404959.1,6990074.7],[404884.5,6990018.2],[404777.1,6989832.8],[404531.4,6989704.0],[404388.8,6989498.0],[404256.5,6989430.8],[404111.3,6989450.4],[403853.4,6989596.8],[403547.9,6989537.5],[403280.1,6989605.0],[402857.7,6989568.6],[402779.8,6989528.6],[402644.7,6989375.6],[402477.1,6989268.9],[402365.4,6989096.0]]}},{"type":"Feature","properties":{"rodovia":"SC-283","kmInicial":4.347,"kmFinal":8.352,"situacao":"PAV","revestimento":"CA","nome":"ENTR. ACESSO RUA TANCREDO DE ALMEIDA NEVES (CONCÓRDIA) → ENTR. ACESSO NORTE CONCÓRDIA"},"geometry":{"type":"LineString","coordinates":[[402364.6,6989097.0],[402228.7,6989245.9],[401970.7,6989242.9],[401824.7,6989279.9],[401697.7,6989403.9],[401594.7,6989642.9],[401537.7,6989698.9],[400993.7,6989818.9],[400892.7,6989866.9],[400662.7,6990077.9],[400422.7,6990017.9],[400254.7,6990027.9],[399546.7,6990442.9],[399154.7,6990402.9],[398906.7,6990661.9]]}},{"type":"Feature","properties":{"rodovia":"SC-283","kmInicial":8.353,"kmFinal":12.214,"situacao":"PAV","revestimento":"CA","nome":"ENTR. ACESSO NORTE CONCÓRDIA → CONCÓRDIA (ENTR. SC-390)"},"geometry":{"type":"LineString","coordinates":[[398906.0,6990662.6],[398753.7,6990798.9],[398550.7,6990882.9],[398213.7,6990958.9],[398154.7,6990946.9],[397980.7,6990660.9],[397577.7,6990396.0],[397498.7,6990153.9],[397251.7,6989877.9],[397151.7,6989546.9],[396899.7,6989382.9],[396767.7,6989261.9],[396446.7,6989176.9],[396230.7,6989019.9],[396250.7,6988927.9]]}},{"type":"Feature","properties":{"rodovia":"SC-283","kmInicial":12.215,"kmFinal":22.51,"situacao":"PAV","revestimento":"CA","nome":"CONCÓRDIA (ENTR. SC-390) → ENTR. SC-154 (P/ ARABUTÃ)"},"geometry":{"type":"LineString","coordinates":[[396251.0,6988927.0],[396224.7,6988838.9],[396144.7,6988790.9],[395849.7,6988787.9],[395187.7,6988641.9],[395048.7,6988667.9],[394936.7,6988785.9],[394914.7,6988952.0],[394771.7,6989254.0],[394806.7,6989338.0],[394971.7,6989463.0],[394987.7,6989566.0],[394574.7,6990353.0],[394470.7,6990482.0],[394332.7,6990575.0],[393452.7,6990976.0],[393258.7,6990989.0],[391350.7,6990868.0],[389986.7,6991305.0],[387955.7,6991247.0]]}},{"type":"Feature","properties":{"rodovia":"SC-283","kmInicial":22.511,"kmFinal":30.768,"situacao":"PAV","revestimento":"CA","nome":"ENTR. SC-154 (P/ ARABUTÃ) → ENTR. SC-154 (P/ ITÁ)"},"geometry":{"type":"LineString","coordinates":[[387954.7,6991247.0],[387334.7,6991233.0],[386925.7,6991276.1],[386828.7,6991308.1],[386701.7,6991423.1],[386409.7,6991465.1],[386210.7,6991400.1],[385975.7,6991492.1],[385455.7,6991361.1],[385233.7,6991450.1],[384634.7,6991558.1],[384317.7,6991694.1],[384266.7,6991740.1],[384252.7,6991869.1],[384444.7,6992049.1],[384468.7,6992160.1],[384059.7,6992695.1],[383942.7,6992723.1],[383485.7,6992551.1],[382847.7,6992516.1],[382711.7,6992540.1],[382609.7,6992573.1],[382462.7,6992756.1],[382256.7,6992846.1],[382166.7,6992986.1],[381922.7,6993066.2],[381873.7,6993170.2],[381862.7,6993320.2],[381624.8,6993542.2],[381558.8,6993551.2],[381518.8,6993525.2],[381475.9,6993340.9]]}},{"type":"Feature","properties":{"rodovia":"SC-283","kmInicial":30.769,"kmFinal":48.556,"situacao":"PAV","revestimento":"CA","nome":"ENTR. SC-154 (P/ ITÁ) → SEARA (ENTR. ACESSO SUL DE SEARA)"},"geometry":{"type":"LineString","coordinates":[[381475.6,6993340.0],[381419.8,6993241.2],[381298.3,6993228.6],[381114.8,6993314.2],[380806.8,6993401.2],[380610.8,6993385.2],[380432.8,6993533.2],[380180.8,6993500.2],[379968.8,6993630.2],[379623.8,6993745.2],[379556.8,6993702.2],[379561.8,6993612.2],[379688.8,6993249.2],[379888.8,6992946.2],[379873.8,6992892.2],[379833.8,6992872.2],[379538.8,6992898.2],[379389.8,6992880.2],[379012.8,6992705.2],[378693.8,6992653.2],[378441.8,6992554.2],[378151.9,6992594.2],[378072.8,6992628.2],[377565.8,6993068.2],[377419.8,6993264.3],[377330.8,6993495.3],[377197.8,6993670.3],[377325.8,6993920.3],[377371.8,6994145.3],[377427.8,6994196.3],[377614.8,6994258.3],[377656.8,6994318.3],[377540.8,6994541.3],[377102.8,6994746.3],[376646.8,6994736.3],[376403.8,6994874.3],[376280.8,6994904.3],[376181.8,6994912.3],[376109.8,6994883.3],[375893.8,6994731.3],[375759.8,6994841.3],[375329.8,6994888.3],[375150.8,6994947.3],[375121.8,6994994.3],[375131.9,6995035.4],[375461.8,6995225.3],[375470.8,6995349.3],[375381.8,6995453.3],[375367.8,6995564.3],[375331.8,6995596.3],[375191.8,6995556.4],[375075.8,6995358.3],[374812.9,6995176.3],[374724.9,6995164.4],[374544.9,6995251.4],[374463.9,6995434.4],[374289.9,6995537.4],[374181.9,6995712.4],[374098.9,6995761.4],[373613.9,6995699.4],[373503.9,6995586.4],[373473.9,6995362.4],[373385.9,6995347.4],[373113.9,6995536.4],[372712.9,6995592.4],[372659.9,6995667.4],[372615.9,6995887.4],[372549.9,6995962.4],[372306.9,6995957.4],[372225.9,6995923.4],[372141.9,6995825.4],[372101.9,6995821.4],[371841.9,6996085.4],[371696.9,6996098.4],[371580.9,6995997.4],[371526.9,6995987.4],[371269.9,6996205.5],[371090.9,6996259.5],[370526.9,6996188.5],[370408.9,6996135.5],[370243.9,6996112.5],[370270.9,6996007.5],[370148.9,6995966.5]]}},{"type":"Feature","properties":{"rodovia":"SC-283","kmInicial":48.557,"kmFinal":52.251,"situacao":"PAV","revestimento":"CA","nome":"SEARA (ENTR. ACESSO SUL DE SEARA) → ENTR. SC-155 (CONTORNO DE SEARA)"},"geometry":{"type":"LineString","coordinates":[[370148.6,6995967.4],[370085.9,6996111.5],[369974.9,6996197.5],[369782.9,6996616.5],[369718.9,6996826.5],[369490.9,6997003.5],[369473.9,6997071.5],[369573.9,6997296.6],[369554.9,6997367.5],[369370.9,6997428.5],[369196.9,6997573.5],[368808.9,6997553.6],[368622.9,6997584.6],[368553.9,6997636.6],[368489.9,6997825.6],[368512.9,6998108.6],[368407.9,6998334.6],[368377.9,6998476.9]]}},{"type":"Feature","properties":{"rodovia":"SC-283","kmInicial":52.252,"kmFinal":55.7,"situacao":"PAV","revestimento":"CA","nome":"ENTR. SC-155 (P/ XAVANTINA) → ENTR. SC-156 (P/ PAIAL)"},"geometry":{"type":"LineString","coordinates":[[368377.7,6998477.9],[368351.9,6998554.6],[368214.9,6998682.6],[368079.9,6998914.6],[367862.9,6998995.6],[367445.9,6998881.6],[366930.9,6998567.6],[366854.9,6998591.6],[366688.9,6998750.6],[366544.9,6998810.6],[366292.0,6998755.6],[366171.0,6998679.7],[365998.0,6998466.6],[365614.0,6998186.6]]}},{"type":"Feature","properties":{"rodovia":"SC-283","kmInicial":55.701,"kmFinal":67.475,"situacao":"PAV","revestimento":"CA","nome":"ENTR. SC-156 (P/ PAIAL) → ENTR. SC-156 (P/ ARVOREDO)"},"geometry":{"type":"LineString","coordinates":[[365613.0,6998186.7],[365157.0,6998364.7],[365095.0,6998348.7],[364919.0,6998210.7],[364681.0,6998254.7],[364615.0,6998310.7],[364319.0,6998747.7],[364218.0,6998845.7],[363432.0,6999259.7],[363354.0,6999378.7],[363299.0,6999565.7],[362785.0,7000129.8],[362441.0,7000359.8],[362310.0,7000361.8],[362161.0,7000263.8],[362006.0,7000291.8],[361878.0,7000269.8],[361763.0,7000183.8],[361660.0,7000023.8],[361304.0,6999911.8],[361008.0,6999573.8],[360887.0,6999623.8],[360891.0,6999743.8],[360998.0,6999930.8],[361070.0,7000268.9],[361054.0,7000362.8],[361003.0,7000416.8],[360704.0,7000538.8],[360656.0,7000596.8],[360607.0,7000762.8],[360522.0,7000845.8],[360270.0,7000902.8],[360220.0,7000955.8],[360337.0,7001066.8],[360584.0,7001179.8],[360566.0,7001473.8],[360658.0,7001695.8],[360584.0,7001808.8],[360486.0,7001831.8],[360383.0,7001813.8],[360242.0,7001513.8],[360103.0,7001419.8],[359612.0,7001381.9],[359471.0,7001269.9],[359402.0,7001255.9],[359297.0,7001297.9],[359113.0,7001430.9],[358883.0,7001473.9],[358570.0,7001249.9],[358430.8,7001253.2]]}},{"type":"Feature","properties":{"rodovia":"SC-283","kmInicial":67.476,"kmFinal":76.424,"situacao":"PAV","revestimento":"CA","nome":"ENTR. SC-156 (P/ ARVOREDO) → ENTR. ACESSO ARVOREDO"},"geometry":{"type":"LineString","coordinates":[[358429.8,7001253.3],[357788.0,7001391.9],[357673.0,7001387.9],[356661.0,7000891.9],[356518.0,7000868.9],[356100.0,7001018.9],[355963.0,7001108.9],[355746.0,7001278.9],[355445.0,7001638.9],[354956.4,7002012.4],[354791.0,7002068.0],[354142.0,7002166.0],[353776.0,7002540.0],[353554.0,7002644.0],[353422.0,7002609.0],[353258.0,7002385.0],[353107.0,7002233.0],[352926.0,7002183.0],[352575.0,7001993.0],[352212.0,7001956.0],[351940.1,7001851.0],[351811.1,7001848.0],[351208.1,7002018.0],[350698.1,7002304.0]]}},{"type":"Feature","properties":{"rodovia":"SC-283","kmInicial":76.425,"kmFinal":83.95,"situacao":"PAV","revestimento":"CA","nome":"ENTR. ACESSO ARVOREDO → ENTR. SC-483 (P/ PAIAL)"},"geometry":{"type":"LineString","coordinates":[[350697.1,7002304.5],[350592.1,7002333.5],[350192.1,7002254.0],[349710.0,7002007.0],[349518.1,7001986.0],[349255.1,7002174.0],[349091.1,7002362.0],[348909.1,7002397.0],[348689.1,7002628.0],[348672.1,7002749.0],[348801.1,7002901.0],[348758.1,7003022.0],[348564.1,7003154.0],[348412.1,7003152.0],[348333.1,7003088.0],[347931.1,7002338.1],[347733.1,7002210.0],[347622.1,7002174.0],[347320.1,7002212.0],[347246.1,7002163.0],[347260.1,7002071.0],[347479.1,7001708.0],[347545.1,7001288.0],[347465.1,7001172.0],[347164.1,7000925.0],[346859.1,7000843.0],[346589.1,7000928.0],[346093.6,7000746.1]]}},{"type":"Feature","properties":{"rodovia":"SC-283","kmInicial":83.951,"kmFinal":85.75,"situacao":"PAV","revestimento":"CA","nome":"ENTR. SC-483 (P/ PAIAL) → ENTR. SC-157/SC-480 (P/ CORDILHEIRA ALTA)"},"geometry":{"type":"LineString","coordinates":[[346092.6,7000745.7],[345998.1,7000695.0],[345708.1,7000297.0],[345579.1,7000201.0],[344687.1,7000160.0],[344493.1,7000186.0]]}},{"type":"Feature","properties":{"rodovia":"SC-283","kmInicial":85.751,"kmFinal":90.557,"situacao":"PAV","revestimento":"CA","nome":"ENTR. SC-157/SC-480 (P/ CORDILHEIRA ALTA) → CHAPECÓ (ENTR. SC-157)"},"geometry":{"type":"LineString","coordinates":[[344492.2,7000186.3],[343367.1,7000546.0],[342805.1,7000132.0],[342475.1,7000137.0],[341622.1,7000871.0],[341365.1,7000947.0],[340273.6,7000667.7]]}},{"type":"Feature","properties":{"rodovia":"SC-283","kmInicial":90.558,"kmFinal":91.281,"situacao":"PAV","revestimento":"CA","nome":"CHAPECÓ (ENTR. SC-157) → ENTR. SC-480 (P/ GOIO-EN)"},"geometry":{"type":"LineString","coordinates":[[340272.6,7000667.5],[339575.7,7000491.3]]}},{"type":"Feature","properties":{"rodovia":"SC-283","kmInicial":91.282,"kmFinal":93.073,"situacao":"PAV","revestimento":"CA","nome":"ENTR. SC-480 (P/ GOIO-EN) → CHAPECÓ (ENTR. SC-480)"},"geometry":{"type":"LineString","coordinates":[[339575.5,7000492.2],[339119.2,7002219.9]]}},{"type":"Feature","properties":{"rodovia":"SC-283","kmInicial":93.074,"kmFinal":100.194,"situacao":"DUP","revestimento":"CA","nome":"CHAPECÓ (ENTR. SC-480) → ENTR. SC-484 (P/ GUATAMBU)"},"geometry":{"type":"LineString","coordinates":[[339118.2,7002220.1],[338839.1,7002152.0],[338649.1,7001985.0],[338430.1,7001898.0],[338338.1,7001902.0],[337862.1,7002062.0],[337683.1,7002035.0],[336858.1,7001670.0],[336644.1,7001627.0],[332717.2,7002029.0],[332287.1,7001957.4]]}},{"type":"Feature","properties":{"rodovia":"SC-283","kmInicial":100.195,"kmFinal":121.627,"situacao":"PAV","revestimento":"CA","nome":"ENTR. SC-484 (P/ GUATAMBU) → PLANALTO ALEGRE (ENTR. SC-159)"},"geometry":{"type":"LineString","coordinates":[[332286.1,7001957.2],[331067.2,7001712.0],[330782.2,7001753.0],[326051.2,7004200.9],[325805.2,7004260.9],[325613.2,7004235.9],[325468.2,7004169.9],[323643.2,7002987.9],[322465.2,7002631.8],[321962.2,7002322.8],[321827.2,7002297.8],[321520.2,7002313.8],[320874.2,7002134.8],[320486.2,7002222.8],[320307.2,7002092.8],[320099.2,7002050.8],[320014.2,7001904.8],[319950.2,7001871.8],[319901.2,7001881.8],[319747.2,7002014.8],[319337.2,7001984.8],[319240.2,7001890.8],[319179.2,7001568.8],[319053.2,7001444.8],[318845.2,7001364.8],[318358.2,7001349.7],[318278.2,7001378.7],[318122.2,7001512.7],[317838.2,7001582.7],[317543.2,7001784.7],[317533.2,7001887.7],[317692.2,7001879.7],[317766.2,7001908.7],[317803.2,7002075.7],[317754.2,7002194.8],[317473.2,7002474.8],[317236.2,7002637.8],[316846.2,7002723.7],[316776.2,7002778.7],[316538.2,7003923.8],[316492.2,7004012.8],[316389.2,7004057.8],[315088.2,7004172.7],[314889.2,7004215.7]]}},{"type":"Feature","properties":{"rodovia":"SC-283","kmInicial":121.628,"kmFinal":126.118,"situacao":"PAV","revestimento":"CA","nome":"PLANALTO ALEGRE (ENTR. SC-159) → DIVISA DE MUNICIPIOS DE PLANALTO ALEGRE E ÁGUAS DE CHAPECÓ"},"geometry":{"type":"LineString","coordinates":[[314888.3,7004215.9],[314712.2,7004229.7],[314451.2,7004060.7],[314277.2,7004096.7],[314188.2,7004070.7],[314150.2,7003991.7],[314161.2,7003789.7],[314139.2,7003748.7],[314068.2,7003724.7],[314022.2,7003755.7],[313846.2,7004033.7],[313467.2,7004277.7],[313368.2,7004278.7],[312897.2,7004024.7],[312787.2,7004042.7],[312524.2,7004438.7],[312428.2,7004750.7],[312150.2,7004950.7],[312049.2,7004963.7],[311969.2,7004933.7],[311664.5,7004731.0]]}},{"type":"Feature","properties":{"rodovia":"SC-305","kmInicial":0.0,"kmFinal":16.288,"situacao":"PAV","revestimento":"CA","nome":"SÃO LOURENÇO DO OESTE (ENTR. SC-157) → ENTR. SC-159 (P/ SÃO BERNARDINO)"},"geometry":{"type":"LineString","coordinates":[[313985.6,7080878.6],[313911.0,7080631.0],[313787.0,7080499.0],[313588.0,7080355.0],[313483.0,7080147.0],[312718.0,7079879.0],[312418.0,7079551.0],[312087.0,7079356.0],[311889.0,7079173.0],[311734.0,7078959.0],[311580.0,7078886.0],[311175.0,7078828.0],[311046.0,7078767.0],[311005.0,7078668.0],[311006.0,7078568.0],[311257.0,7077845.0],[311275.0,7077550.0],[311044.0,7077231.0],[310873.0,7076909.0],[310617.0,7076682.0],[310425.0,7076444.0],[310221.0,7076559.0],[310076.0,7076391.0],[309777.0,7076549.0],[309700.1,7076550.0],[309264.0,7076343.0],[309220.0,7076282.0],[309186.0,7076068.0],[309109.0,7076029.0],[308886.0,7076061.0],[308572.0,7076377.0],[308469.0,7076370.0],[308442.0,7076320.0],[308465.0,7076136.0],[308379.0,7075906.0],[308315.0,7075482.8],[308315.0,7075121.5],[308227.5,7074908.5],[308051.0,7074839.0],[307974.0,7074758.0],[307928.0,7074628.0],[307644.0,7074633.0],[307252.0,7074585.0],[307079.0,7074612.0],[306727.0,7075027.0],[306476.0,7075026.0],[306434.0,7075047.0],[306463.0,7075184.0],[306435.0,7075273.0],[306389.5,7075330.0],[306260.0,7075352.0],[306094.0,7075665.0],[306032.0,7075722.0],[305481.0,7075620.0],[305411.0,7075565.0],[305360.0,7075424.0],[305202.0,7075372.0],[305141.0,7075391.0],[304912.0,7075573.0],[303632.0,7075592.0]]}},{"type":"Feature","properties":{"rodovia":"SC-283","kmInicial":126.119,"kmFinal":135.439,"situacao":"PAV","revestimento":"CA","nome":"DIVISA DE MUNICÍPIOS DE PLANALTO ALEGRE E ÁGUA DE CHAPECÓ → ÁGUAS DE CHAPECÓ (ENTR. SC-160)"},"geometry":{"type":"LineString","coordinates":[[311663.6,7004730.4],[311446.2,7004613.7],[311377.2,7004618.7],[310975.2,7004789.6],[310913.2,7004784.6],[310716.2,7004671.6],[310595.2,7004667.6],[310504.2,7004708.6],[310104.2,7005052.6],[309933.2,7005084.6],[309079.2,7004780.6],[307500.2,7004577.6],[306795.2,7004073.5],[305794.2,7003786.5],[304951.2,7003905.5],[304869.2,7003967.5],[304661.2,7004259.5],[304581.2,7004313.5],[303485.0,7004481.1],[303107.7,7004328.7]]}},{"type":"Feature","properties":{"rodovia":"SC-283","kmInicial":135.44,"kmFinal":137.493,"situacao":"PAV","revestimento":"CA","nome":"ÁGUAS DE CHAPECÓ (ENTR. SC-160) → JURISDIÇÃO SIE FINAL (SÃO CARLOS)"},"geometry":{"type":"LineString","coordinates":[[303106.5,7004328.0],[302805.3,7004282.4],[302729.2,7004238.4],[302647.2,7003926.4],[302623.2,7003680.4],[302293.7,7003523.5],[302322.3,7003218.4],[302304.3,7003134.4],[302242.3,7003022.4],[302107.1,7002889.8]]}},{"type":"Feature","properties":{"rodovia":"SC-283","kmInicial":139.118,"kmFinal":143.359,"situacao":"PAV","revestimento":"CA","nome":"JURISDIÇÃO SIE INICIAL (SÃO CARLOS) → JURISDIÇÃO SIE FINAL (DISTRITO ÁGUAS DA PRATA)"},"geometry":{"type":"LineString","coordinates":[[300830.9,7002627.1],[300409.3,7002689.4],[300186.3,7002776.4],[300008.3,7002809.4],[299856.3,7002907.4],[299732.3,7002950.4],[298035.3,7003056.4],[297483.3,7003148.4],[297074.3,7003093.4],[296998.3,7003128.4],[296866.3,7003252.4],[296743.2,7003283.2]]}},{"type":"Feature","properties":{"rodovia":"SC-283","kmInicial":143.987,"kmFinal":155.921,"situacao":"PAV","revestimento":"CA","nome":"JURISDIÇÃO SIE FINAL (DISTRITO ÁGUAS DA PRATA) → ENTR. ACESSO ILHA REDONDA"},"geometry":{"type":"LineString","coordinates":[[296155.1,7003088.5],[296063.3,7002808.4],[295999.3,7002721.4],[295504.3,7002438.4],[295129.3,7002300.4],[294900.3,7001946.4],[294431.3,7001600.4],[294348.3,7001616.4],[293866.3,7002044.4],[293645.3,7002141.4],[293496.3,7002287.4],[293413.3,7002269.4],[293244.3,7002110.4],[292789.3,7001941.4],[292070.3,7002108.4],[291870.3,7002088.4],[291531.3,7001965.4],[291076.3,7002025.4],[290982.3,7002135.4],[291031.3,7002405.4],[290983.3,7002493.4],[290872.3,7002494.4],[290638.3,7002386.4],[290353.3,7002364.4],[289112.3,7002860.4],[288960.3,7002970.4],[288557.3,7003541.4],[288447.3,7003615.4],[288129.3,7003634.4],[287691.3,7003484.4],[287590.3,7003477.4],[287073.3,7003679.4],[286779.3,7003739.4],[286728.3,7003729.4],[286490.3,7003559.4],[286370.2,7003516.1]]}},{"type":"Feature","properties":{"rodovia":"SC-283","kmInicial":155.922,"kmFinal":156.378,"situacao":"PAV","revestimento":"CA","nome":"ENTR. ACESSO DISTRITO ILHA REDONDA → PALMITOS"},"geometry":{"type":"LineString","coordinates":[[286369.3,7003515.8],[286291.3,7003502.4],[286230.3,7003563.4],[286082.3,7003605.4],[286004.2,7003715.3]]}},{"type":"Feature","properties":{"rodovia":"SC-283","kmInicial":156.379,"kmFinal":165.673,"situacao":"PAV","revestimento":"CA","nome":"PALMITOS → ENTR. BR-158 (P/ DIVISA SC/RS)"},"geometry":{"type":"LineString","coordinates":[[286003.7,7003716.2],[285879.3,7003784.4],[285802.3,7004119.4],[285907.3,7004233.4],[286001.3,7004478.4],[285947.3,7004771.4],[285838.3,7004713.4],[285703.3,7004515.4],[285598.3,7004471.4],[285010.3,7004743.4],[284932.3,7004734.4],[284686.3,7004506.4],[284389.3,7004346.4],[284332.3,7004215.4],[284309.3,7003964.4],[284230.5,7003916.5],[284156.3,7003942.4],[283831.3,7004315.4],[283715.3,7004394.4],[282920.4,7004485.4],[282297.4,7004178.4],[281480.4,7004095.4],[281052.4,7003932.4],[280976.4,7003855.4],[280958.4,7003613.4],[280921.4,7003532.4],[280842.4,7003447.5],[280607.4,7003311.4],[280286.4,7003003.4],[279854.3,7002808.4],[279432.4,7002787.4],[279365.5,7002805.4]]}},{"type":"Feature","properties":{"rodovia":"SC-283","kmInicial":167.245,"kmFinal":171.256,"situacao":"PAV","revestimento":"CA","nome":"ENTR. BR-158 (P/ CUNHA PORÃ) → CAIBI"},"geometry":{"type":"LineString","coordinates":[[278851.0,7003809.3],[278773.4,7003805.4],[278656.4,7003653.5],[278480.4,7003638.4],[278391.4,7003586.4],[278361.4,7003520.4],[278315.4,7002952.4],[278098.4,7002584.4],[277730.4,7002369.4],[277653.4,7002406.4],[277295.4,7002954.4],[276759.4,7003316.5],[276888.4,7003507.4],[276603.4,7003703.6]]}},{"type":"Feature","properties":{"rodovia":"SC-283","kmInicial":171.257,"kmFinal":179.447,"situacao":"PAV","revestimento":"CA","nome":"CAIBI → RIQUEZA (ENTR. SC-161)"},"geometry":{"type":"LineString","coordinates":[[276602.6,7003704.1],[276447.4,7003836.4],[276240.4,7004541.5],[276174.4,7004616.5],[276060.4,7004673.5],[273841.4,7004537.5],[273057.4,7004421.5],[272745.4,7004521.5],[272396.4,7004710.5],[272204.4,7004769.5],[270822.4,7004704.5],[270765.4,7004647.5],[270711.4,7004415.5],[270524.4,7004009.5],[270345.9,7003800.0],[270248.4,7003742.5],[270009.4,7003760.5],[269696.4,7003716.5]]}},{"type":"Feature","properties":{"rodovia":"SC-283","kmInicial":179.448,"kmFinal":189.619,"situacao":"PAV","revestimento":"CA","nome":"RIQUEZA (ENTR. SC-161) → MONDAÍ (ENTR. SC-386)"},"geometry":{"type":"LineString","coordinates":[[269695.4,7003716.4],[269353.4,7003668.5],[269306.4,7003560.5],[268867.4,7002921.5],[268486.4,7002857.4],[268321.4,7002968.4],[268173.4,7003307.5],[268100.4,7003392.5],[267996.4,7003442.5],[267797.4,7003477.5],[267261.4,7003846.5],[267166.4,7003886.5],[267078.4,7003885.5],[266322.4,7003447.4],[265579.4,7002889.4],[265355.4,7002787.4],[265194.4,7002670.4],[264714.4,7002530.4],[264493.4,7002555.4],[264302.4,7002507.4],[263984.4,7002334.4],[263835.4,7002216.4],[263468.4,7001685.4],[263443.4,7001560.4],[263673.4,7001305.4],[263685.4,7001242.4],[263468.4,7000976.4],[263175.4,7000514.4],[262987.4,7000301.3],[262744.4,7000111.3],[262486.6,7000038.0]]}},{"type":"Feature","properties":{"rodovia":"SC-283","kmInicial":189.62,"kmFinal":223.396,"situacao":"LEN","revestimento":"","nome":"MONDAÍ (ENTR. SC-386) → DIVISA DE MUNICÍPIOS ENTRE MONDAÍ E ITAPIRANGA"},"geometry":{"type":"LineString","coordinates":[[262485.6,7000037.9],[262141.5,7000019.3],[262162.5,6999566.4],[262282.5,6999596.4],[262385.4,6999421.4],[262387.4,6999361.4],[262351.9,6999328.8],[262216.4,6998942.3],[262075.4,6998851.3],[262097.4,6998642.3],[262076.4,6998434.3],[262054.4,6998344.3],[261971.4,6998238.3],[261974.4,6998103.3],[261912.4,6998017.4],[261910.4,6997925.3],[261846.4,6997828.3],[261835.4,6997705.3],[261561.4,6997553.3],[261402.4,6997378.3],[261423.4,6997272.3],[261378.4,6997124.3],[261329.4,6996992.3],[261247.4,6996885.3],[261145.4,6996610.3],[260862.4,6996383.3],[260669.4,6996285.3],[260601.4,6996097.3],[260458.4,6995981.3],[260405.4,6995962.3],[260221.4,6995996.3],[260075.4,6995941.3],[259982.4,6995856.3],[259804.4,6995757.2],[259561.4,6995685.2],[259220.4,6995660.2],[259079.4,6995505.2],[259016.4,6995534.2],[259006.4,6995638.2],[258953.4,6995705.2],[258797.4,6995728.2],[258707.4,6995692.2],[258541.4,6995537.2],[258366.4,6995473.2],[258243.4,6995373.2],[258088.4,6995415.2],[257929.4,6995510.2],[257806.4,6995495.2],[257741.4,6995430.2],[257647.4,6995200.2],[257613.4,6995062.2],[257630.4,6994907.2],[257566.4,6994728.2],[257411.4,6994629.2],[257263.4,6994597.2],[257142.4,6994450.2],[257041.4,6994382.2],[256989.4,6994376.2],[256685.4,6994490.2],[256643.4,6994613.2],[256662.4,6994691.2],[256644.4,6994759.2],[256576.4,6994857.2],[256398.4,6994998.2],[256221.4,6995005.2],[256034.4,6995069.2],[255823.4,6995035.2],[255673.4,6995073.2],[255617.4,6995212.2],[255516.4,6995327.2],[255478.4,6995527.2],[255344.4,6995696.2],[255214.4,6995948.2],[255239.4,6995997.2],[255355.4,6996036.2],[255440.4,6996115.2],[255408.9,6996474.7],[255481.4,6996607.2],[255443.4,6996708.2],[255240.4,6996827.2],[255028.4,6996796.2],[254835.4,6996883.2],[254704.4,6996845.3],[254623.4,6996529.2],[254503.4,6996455.2],[254376.4,6996466.2],[253968.4,6996616.2],[253722.4,6996747.2],[253486.4,6996810.2],[253434.4,6996815.2],[253176.4,6996724.2],[252859.4,6996715.2],[252405.4,6996878.2],[252337.4,6996845.2],[252211.4,6996710.2],[252038.4,6996611.2],[251781.4,6996487.2],[251662.4,6996453.2],[251550.4,6996465.2],[251403.4,6996380.2],[251374.4,6996246.2],[251228.4,6996039.2],[251222.4,6995883.2],[251133.4,6995686.2],[251005.4,6995187.2],[250938.4,6995034.2],[250872.4,6994991.2],[250964.4,6994818.2],[250990.4,6994619.2],[250892.4,6994134.2],[251181.4,6993499.2],[251198.4,6993338.2],[251290.4,6993181.2],[251375.4,6992920.2],[251348.4,6992695.2],[251409.4,6992627.2],[251480.4,6992459.2],[251636.4,6992370.2],[251971.4,6992005.2],[252053.4,6991882.2],[252106.4,6991657.2],[252217.4,6991644.2],[252287.4,6991600.2],[252316.4,6991535.2],[252491.4,6991369.2],[252520.4,6991281.2],[252400.4,6991065.2],[252387.4,6990993.2],[252509.4,6990868.2],[252532.4,6990757.2],[252654.4,6990592.2],[252775.4,6990346.1],[253005.4,6990061.1],[252938.4,6989744.2],[252773.4,6989556.1],[252634.4,6989512.1],[251296.4,6989403.1],[251123.4,6989471.1],[251039.4,6989648.1],[250818.4,6989771.1],[250642.4,6989923.1],[250538.4,6989940.1],[250342.4,6989851.1],[250149.4,6989884.1],[249783.4,6990153.1],[249695.4,6990301.1],[249420.4,6990398.1],[249291.4,6990513.1],[249277.4,6990600.1],[249239.4,6990645.1],[249093.4,6990655.1],[248909.6,6990848.6],[248887.4,6990930.2],[248961.3,6991358.2],[248840.4,6991351.2],[248696.4,6991211.1],[248612.4,6991212.1],[248466.4,6991391.2],[248508.4,6991571.2],[248491.4,6991631.2],[248337.4,6991649.2],[248260.4,6991607.2],[248205.4,6991622.2],[248143.4,6991740.2],[248006.4,6991774.2],[247953.4,6991915.2],[247778.4,6991911.2],[247696.4,6991954.2],[247629.4,6992049.2],[247537.1,6992065.0]]}},{"type":"Feature","properties":{"rodovia":"SC-283","kmInicial":223.397,"kmFinal":243.725,"situacao":"LEN","revestimento":"","nome":"DIVISA DE MUNICÍPIOS ENTRE MONDAÍ E ITAPIRANGA → ITAPIRANGA (ENTR. SC-163/SC-170/ BR-163)"},"geometry":{"type":"LineString","coordinates":[[247536.1,6992065.1],[247462.4,6992037.2],[247211.4,6992177.2],[247177.4,6992276.2],[247168.4,6992559.2],[247113.4,6992632.2],[246906.3,6992525.1],[246869.4,6992366.2],[246735.4,6992220.2],[246282.4,6992173.2],[245964.4,6992106.2],[245728.4,6992017.2],[245623.4,6992005.1],[245160.4,6991797.1],[245097.4,6991803.1],[244904.4,6991942.1],[244491.4,6991531.1],[244470.4,6991430.1],[244397.4,6991350.2],[244322.4,6991298.1],[244228.4,6991312.1],[244123.4,6991255.1],[243977.4,6990997.1],[243880.4,6991000.1],[243773.4,6991104.1],[243714.4,6991245.1],[243549.9,6991374.1],[243503.4,6991370.1],[243454.4,6991132.1],[243472.4,6990804.1],[243453.4,6990709.1],[243347.4,6990605.1],[243019.4,6990467.1],[242772.4,6990517.1],[242606.4,6990475.1],[242408.5,6990489.1],[240874.4,6990968.1],[240791.4,6990923.1],[240778.4,6990806.2],[240749.4,6990773.1],[240609.4,6990729.1],[240246.4,6990768.1],[240127.4,6990725.1],[239993.4,6990572.1],[239807.4,6990456.1],[239716.4,6990500.1],[239469.4,6990768.1],[239278.9,6990903.4],[238973.4,6991053.1],[238678.4,6991157.1],[238355.4,6991082.1],[238075.4,6991113.1],[237984.4,6991216.1],[237886.4,6991724.1],[237786.4,6991884.1],[237716.4,6991837.1],[237700.4,6991701.1],[237635.5,6991638.1],[237526.4,6991635.1],[237358.4,6991711.1],[237085.4,6992051.1],[236974.4,6992291.1],[236888.4,6992369.1],[236797.4,6992396.1],[236695.4,6992546.1],[236495.4,6992695.1],[236362.5,6992878.1],[236212.5,6992936.1],[236005.5,6993130.1],[235287.5,6993273.1],[234864.5,6993528.1],[234824.5,6993526.1],[234699.5,6993391.1],[234635.5,6993248.1],[234558.5,6993175.1],[233946.5,6993028.1],[233744.5,6993006.1],[232583.0,6992356.4],[232322.5,6992162.1],[232070.7,6992096.8]]}},{"type":"Feature","properties":{"rodovia":"SC-284","kmInicial":270.001,"kmFinal":284.227,"situacao":"PAV","revestimento":"CA","nome":"DISTRITO DE IBICUÍ → ENTR. BR-470 (P/ CAMPOS NOVOS)"},"geometry":{"type":"LineString","coordinates":[[482781.2,6953731.8],[482809.9,6953579.8],[482782.3,6953472.4],[482422.9,6953427.8],[482248.9,6953474.8],[482049.9,6953477.8],[481845.9,6953622.8],[481758.9,6953834.8],[481679.9,6953927.8],[481364.9,6953984.8],[481220.9,6954048.8],[480753.9,6954621.8],[480430.9,6954760.8],[480341.9,6954826.8],[480203.9,6955033.8],[480048.9,6955366.8],[479384.8,6955927.8],[479016.8,6956461.9],[478852.8,6956620.9],[478773.8,6956817.9],[478492.8,6957032.9],[478165.8,6957467.9],[478112.8,6957638.9],[478091.8,6958458.9],[477856.8,6959070.9],[477620.8,6959415.9],[477584.8,6959518.9],[477601.8,6959815.9],[477684.8,6960223.9],[477495.8,6961266.0],[477126.8,6962000.0],[476988.8,6962358.0],[476377.8,6963283.0],[476258.8,6963410.0],[475510.2,6963976.1]]}},{"type":"Feature","properties":{"rodovia":"SC-285","kmInicial":0.0,"kmFinal":6.429,"situacao":"PAV","revestimento":"CA","nome":"ENTR. BR-101 (P/ ARARANGUÁ) → ERMO (ENTR. SC-108)"},"geometry":{"type":"LineString","coordinates":[[636258.6,6788253.7],[636221.9,6788314.7],[634696.9,6789532.7],[633285.9,6790720.7],[632233.9,6792407.7],[632200.9,6792587.7],[632238.9,6792956.7]]}},{"type":"Feature","properties":{"rodovia":"SC-285","kmInicial":6.43,"kmFinal":14.556,"situacao":"PAV","revestimento":"CA","nome":"ERMO (ENTR. SC-108) → TURVO (ENTR. SC-108)"},"geometry":{"type":"LineString","coordinates":[[632239.3,6792957.6],[632577.9,6793652.7],[632733.0,6793898.7],[632775.0,6794031.7],[632660.0,6794655.7],[632545.0,6794931.7],[632381.0,6795146.7],[628458.7,6799290.0]]}},{"type":"Feature","properties":{"rodovia":"SC-285","kmInicial":14.557,"kmFinal":35.265,"situacao":"PAV","revestimento":"CA","nome":"TURVO (ENTR. SC-108) → TIMBÉ DO SUL"},"geometry":{"type":"LineString","coordinates":[[628458.0,6799290.8],[626680.0,6801162.7],[626003.0,6801553.7],[625178.0,6802176.7],[624594.0,6802458.7],[622227.0,6803804.7],[621454.0,6804873.7],[620813.0,6805370.7],[620559.0,6805736.7],[620514.0,6805917.7],[620557.0,6806409.7],[620498.0,6806616.7],[620427.0,6806661.7],[620043.0,6806769.7],[619606.0,6806726.7],[619019.0,6806874.7],[618902.0,6806926.7],[618643.0,6807118.7],[618540.0,6807217.7],[617929.0,6808162.7],[617367.0,6808868.7],[617196.1,6809151.7],[617136.1,6809170.7],[616978.1,6809131.7],[616898.1,6809143.7],[615895.1,6809802.7],[615113.1,6809826.7],[614821.1,6809784.7],[613681.1,6809942.7],[613256.1,6809829.7],[612600.1,6810028.7],[612515.7,6809993.6]]}},{"type":"Feature","properties":{"rodovia":"SC-290","kmInicial":0.0,"kmFinal":5.921,"situacao":"PAV","revestimento":"CA","nome":"ENTR. BR-101 (P/ SANTA ROSA DO SUL) → SÃO JOÃO DO SUL"},"geometry":{"type":"LineString","coordinates":[[620526.3,6766194.6],[620300.7,6766186.4],[620157.7,6766129.4],[619862.7,6765691.4],[619673.7,6765525.4],[618882.7,6765130.4],[618380.6,6764991.4],[618211.6,6764978.4],[617216.6,6765067.4],[617023.6,6765133.4],[616914.6,6765239.4],[616653.6,6765613.4],[616368.6,6765905.4],[616282.6,6766143.4],[616181.6,6766307.4],[616062.6,6766413.4],[615744.7,6766542.2]]}},{"type":"Feature","properties":{"rodovia":"SC-290","kmInicial":5.922,"kmFinal":21.971,"situacao":"PAV","revestimento":"CA","nome":"SÃO JOÃO DO SUL → PRAIA GRANDE (ENTR. SC-108)"},"geometry":{"type":"LineString","coordinates":[[615743.8,6766542.5],[615554.6,6766613.4],[615254.6,6767053.4],[615040.6,6767457.4],[614957.6,6767556.4],[614210.6,6768284.4],[613991.6,6768437.4],[613599.6,6769255.4],[613358.7,6769876.4],[613304.7,6769917.4],[612523.7,6770081.4],[611824.7,6770188.4],[610179.7,6770261.4],[609822.7,6770140.4],[609508.7,6770107.4],[609434.7,6770141.4],[609148.7,6770386.4],[608685.7,6770325.4],[607955.7,6770820.4],[607339.7,6770933.4],[607047.7,6771105.4],[606936.7,6771128.4],[606798.7,6771065.4],[606551.7,6770710.4],[606269.6,6770589.4],[606058.6,6770437.4],[605561.6,6770265.4],[605114.6,6770036.4],[604640.6,6770039.4],[604227.6,6769941.4],[603415.6,6769897.4],[602319.9,6769932.8]]}},{"type":"Feature","properties":{"rodovia":"SC-290","kmInicial":21.972,"kmFinal":25.264,"situacao":"PAV","revestimento":"CA","nome":"PRAIA GRANDE (ENTR. SC-108) → PÉ DA SERRA DO FAXINAL"},"geometry":{"type":"LineString","coordinates":[[602318.9,6769932.9],[600580.5,6769984.6],[600509.6,6769934.2],[600413.4,6769727.4],[600325.0,6769339.0],[600257.6,6769240.4],[600184.6,6769197.4],[600136.6,6769226.4],[600123.6,6769373.4],[599925.6,6769772.6]]}},{"type":"Feature","properties":{"rodovia":"SC-290","kmInicial":25.264,"kmFinal":37.52,"situacao":"EOP","revestimento":"","nome":"PÉ DA SERRA DO FAXINAL → DIVISA SC/RS"},"geometry":{"type":"LineString","coordinates":[[599925.6,6769772.6],[599855.6,6769901.4],[599819.1,6769895.9],[599881.6,6769735.9],[599854.6,6769726.4],[599659.6,6770089.4],[599605.6,6770104.4],[599590.6,6770040.4],[599738.6,6769681.4],[599706.6,6769659.4],[599649.6,6769763.4],[599533.6,6769855.4],[599383.6,6770053.4],[599183.6,6770208.4],[598983.6,6770446.4],[598869.7,6770482.9],[598950.6,6770390.4],[598934.1,6770361.4],[598708.6,6770493.4],[598606.6,6770599.4],[598564.6,6770730.4],[598474.6,6770733.4],[598419.6,6770792.4],[598365.6,6770947.4],[598488.6,6771170.4],[598493.6,6771255.4],[598569.6,6771318.4],[598581.6,6771501.4],[598575.6,6771547.5],[598377.7,6771727.9],[598462.6,6771554.4],[598460.7,6771474.5],[598411.7,6771470.4],[598418.6,6771552.4],[598358.6,6771648.4],[598243.6,6771623.4],[598107.6,6771519.4],[598064.6,6771188.4],[597985.6,6771154.4],[597951.6,6771167.5],[597997.6,6771219.4],[597974.6,6771285.4],[597866.6,6771405.4],[597816.6,6771396.4],[597795.6,6771310.4],[597808.6,6771134.4],[597780.6,6771097.4],[597747.7,6771126.5],[597755.6,6771227.4],[597673.6,6771344.4],[597611.6,6771375.4],[597435.6,6771390.4],[596960.6,6771338.4],[596688.7,6771373.4],[596672.7,6771354.4],[596731.7,6771304.4],[596667.7,6771254.4],[596641.7,6771255.9],[596671.2,6771302.4],[596448.7,6771331.4],[596344.7,6771390.4],[596323.2,6771365.9],[596403.6,6771296.4],[596367.7,6771273.4],[596201.7,6771409.4],[596191.2,6771619.9],[596130.7,6771455.4],[596127.7,6771316.4],[595919.7,6771340.4],[595747.7,6771208.4],[595726.7,6771234.9],[595754.7,6771274.9],[595637.2,6771265.4],[595643.7,6771287.4],[595708.7,6771293.5],[595703.2,6771324.4],[595509.7,6771387.4],[595795.7,6771470.4],[595837.2,6771503.5],[595826.7,6771532.4],[595583.7,6771555.4],[595436.7,6771534.4],[595190.7,6771702.4],[595005.7,6771724.4],[594857.7,6771697.4],[594813.7,6771781.9],[594703.2,6771796.7]]}},{"type":"Feature","properties":{"rodovia":"SC-305","kmInicial":16.289,"kmFinal":27.918,"situacao":"PAV","revestimento":"CA","nome":"ENTR. SC-159 (P/ SÃO BERNARDINO) → JURISDIÇÃO SIE FINAL (CAMPO ERÊ)"},"geometry":{"type":"LineString","coordinates":[[303631.0,7075592.0],[303363.0,7075612.0],[302985.0,7076023.0],[302683.3,7076491.4],[302470.0,7076531.0],[302251.0,7076518.0],[302116.1,7076554.0],[301812.1,7076782.0],[301673.1,7077023.0],[301567.1,7077092.0],[301218.1,7077202.0],[300950.1,7077229.0],[300782.1,7077202.0],[300454.1,7077245.0],[300290.1,7077301.0],[300092.1,7077435.0],[299986.1,7077415.0],[299887.1,7077351.0],[299711.1,7077407.0],[299319.1,7077366.0],[299255.1,7077414.0],[299242.1,7077509.0],[299207.1,7077536.0],[298852.1,7077609.0],[298700.1,7077562.0],[298636.1,7077576.0],[298480.1,7077805.0],[298392.1,7078446.0],[298240.1,7078727.0],[298166.1,7078810.0],[297711.1,7079093.0],[297392.1,7079097.0],[296692.1,7079301.0],[296289.1,7079309.0],[295484.1,7079055.0],[294972.1,7078809.0],[294089.7,7078979.6]]}},{"type":"Feature","properties":{"rodovia":"SC-305","kmInicial":30.979,"kmFinal":31.422,"situacao":"PAV","revestimento":"CA","nome":"JURISDIÇÃO SIE INICIAL (CAMPO ERÊ) → ENTR. SC-160 (P/ SALTINHO)"},"geometry":{"type":"LineString","coordinates":[[291153.4,7078831.8],[290739.2,7078682.1]]}},{"type":"Feature","properties":{"rodovia":"SC-305","kmInicial":31.423,"kmFinal":46.791,"situacao":"PAV","revestimento":"CA","nome":"ENTR. SC-160 (P/ SALTINHO) → ENTR. SC-161 (P/ PALMA SOLA)"},"geometry":{"type":"LineString","coordinates":[[290738.2,7078681.7],[290297.1,7078526.0],[289259.2,7078358.0],[287473.2,7078711.0],[285370.2,7078335.0],[284048.2,7078173.0],[283419.2,7077774.0],[282711.2,7077641.0],[282389.2,7077634.0],[282216.2,7077586.0],[281898.2,7077106.0],[281519.2,7076759.0],[281197.2,7076257.9],[280353.2,7075591.9],[279931.2,7074956.9],[278894.3,7074016.9],[277753.3,7072857.9]]}},{"type":"Feature","properties":{"rodovia":"SC-305","kmInicial":59.695,"kmFinal":85.913,"situacao":"PAV","revestimento":"CA","nome":"ANCHIETA (ENTR. SC-161) → ENTR. BR-163 (P/ GUARACIABA)"},"geometry":{"type":"LineString","coordinates":[[269407.8,7064048.5],[269199.4,7063996.6],[268910.4,7064012.6],[268589.4,7063866.6],[268321.4,7063784.6],[268151.4,7063767.6],[268126.4,7063728.6],[268144.4,7063614.6],[268116.4,7063562.6],[267977.4,7063481.6],[267643.4,7063394.6],[267501.4,7063148.6],[267193.4,7063011.6],[267005.4,7063010.6],[266654.4,7063178.6],[266566.5,7063181.6],[266496.5,7063135.6],[266310.4,7062887.6],[266216.4,7062818.6],[266104.4,7062769.6],[265895.4,7062796.5],[265817.5,7062748.6],[265707.5,7062521.5],[265637.5,7062456.5],[265261.5,7062377.5],[265081.5,7062269.5],[265026.5,7062256.5],[264812.5,7062308.5],[264544.5,7062422.5],[264464.5,7062395.5],[264286.5,7062267.5],[264116.5,7062246.5],[263879.5,7062273.5],[263630.5,7062188.5],[263187.5,7062229.5],[262930.5,7062110.5],[262836.5,7062098.5],[262526.5,7062220.5],[262321.5,7062413.5],[262233.5,7062425.5],[261924.5,7062290.5],[261353.5,7061818.4],[261236.5,7061780.4],[260880.5,7061744.4],[260790.5,7061706.4],[260502.5,7061480.4],[260413.5,7061376.4],[260330.5,7060923.4],[260213.5,7060673.4],[259840.5,7060465.4],[259689.5,7060148.3],[259403.6,7059929.4],[259174.6,7059819.3],[259150.6,7059756.4],[259180.6,7059562.3],[259055.6,7059403.3],[258932.6,7058933.3],[258812.6,7058728.3],[258606.6,7058528.3],[258526.6,7058401.3],[258450.6,7058364.3],[258366.6,7058274.3],[258140.6,7058200.3],[257949.6,7057946.2],[257866.6,7057877.2],[257416.6,7057684.2],[256768.6,7057088.2],[256496.6,7056951.2],[256037.6,7056987.2],[255566.8,7057278.9],[255148.2,7057641.6],[255121.6,7057892.2],[254977.6,7057946.2],[255044.6,7058103.2],[254995.6,7058168.2],[254801.1,7058196.7],[254584.6,7057726.2],[254413.6,7057701.1],[254289.6,7057623.1],[254241.6,7057627.1],[254184.6,7057669.1],[254124.6,7057951.2],[253989.6,7058064.2],[253906.6,7058052.2],[253758.6,7057924.1],[253642.6,7057948.1],[253497.6,7058063.1],[253171.7,7057936.1],[253093.7,7057958.1],[253071.7,7058013.1],[253101.7,7058158.1],[253236.7,7058351.1],[253368.6,7058469.2],[253368.6,7058563.2],[253317.7,7058612.2],[253175.7,7058624.2],[252942.9,7058577.9],[252690.7,7058447.1],[252474.7,7058462.1],[252205.7,7058423.1],[251871.7,7058671.1],[251749.7,7058812.1],[251145.7,7058979.1],[250830.7,7059176.1],[250463.7,7059227.1],[250178.7,7059190.1],[250012.0,7059249.5]]}},{"type":"Feature","properties":{"rodovia":"SC-340","kmInicial":0.0,"kmFinal":12.539,"situacao":"PAV","revestimento":"CA","nome":"ENTR. BR-280 (P/ PORTO UNIÃO) → DISTRITO SANTA CRUZ DO TIMBÓ"},"geometry":{"type":"LineString","coordinates":[[506751.5,7091565.9],[506920.8,7091091.8],[506960.8,7091041.8],[507332.8,7090967.8],[507566.8,7090874.8],[507768.8,7090734.8],[508151.8,7090322.8],[508303.8,7090303.8],[508787.8,7090160.8],[508954.8,7090072.8],[509065.8,7089952.8],[509170.8,7089679.8],[509350.8,7089370.8],[509369.8,7089148.8],[509588.8,7088603.8],[509549.8,7088014.8],[509693.8,7087543.8],[509801.8,7086843.8],[509852.8,7086133.7],[510001.8,7085668.7],[510169.8,7085317.7],[510187.8,7084924.7],[510556.8,7084271.7],[510613.8,7084015.7],[510955.8,7083619.7],[511279.8,7083184.7],[511361.8,7083010.7],[511473.8,7082668.7],[511480.8,7082455.7],[511427.8,7082100.7],[511470.8,7081950.7],[511772.8,7081680.7],[512267.8,7081711.8]]}},{"type":"Feature","properties":{"rodovia":"SC-340","kmInicial":12.54,"kmFinal":36.374,"situacao":"LEN","revestimento":"","nome":"DISTRITO SANTA CRUZ DO TIMBÓ → DIVISA DE MUNICÍPIOS PORTO UNIÃO/TIMBÓ GRANDE"},"geometry":{"type":"LineString","coordinates":[[512268.8,7081711.7],[512359.8,7081691.7],[512593.8,7081544.7],[512814.8,7081333.7],[513528.9,7081370.7],[513927.8,7081485.7],[514515.8,7081190.7],[514637.8,7081085.7],[514716.8,7080746.7],[514802.8,7080627.7],[514846.8,7080450.7],[515004.8,7080267.7],[515076.8,7080083.7],[515077.8,7079920.7],[514933.8,7079723.7],[514857.8,7079383.7],[514770.8,7079296.7],[514603.8,7078966.7],[514484.8,7078861.7],[514336.8,7078669.7],[514375.8,7078383.7],[514415.8,7078311.7],[514642.8,7078307.7],[515109.8,7078140.7],[515205.8,7078162.7],[515290.7,7078081.7],[515246.8,7077629.7],[515158.7,7077486.7],[515162.7,7077393.7],[514921.8,7076927.7],[514915.7,7076860.7],[514975.7,7076777.7],[515269.7,7076670.7],[515494.7,7076623.7],[515520.7,7076588.7],[515415.8,7076365.7],[515269.7,7076372.7],[515171.7,7076147.7],[515027.8,7075924.7],[514906.7,7075799.7],[514831.7,7075598.7],[514816.7,7075411.7],[514725.7,7075038.7],[514657.7,7074951.2],[514687.7,7074859.7],[514882.7,7074770.7],[514932.7,7074687.7],[514972.7,7074210.2],[514825.7,7073984.7],[514807.7,7073881.7],[514903.7,7073432.7],[514909.2,7073247.7],[514955.7,7073131.7],[514952.7,7072999.7],[514998.7,7072862.7],[514936.8,7072790.7],[514972.7,7072649.7],[514905.7,7072573.7],[514871.7,7072463.7],[514866.7,7072290.7],[514824.7,7072177.7],[514833.7,7072077.7],[514734.7,7071941.7],[514659.7,7071577.7],[514798.7,7071144.7],[515009.7,7070801.7],[515180.7,7070646.6],[515265.7,7070627.6],[515455.7,7070459.6],[515523.7,7070463.6],[515599.7,7070395.6],[515597.7,7070300.6],[515632.7,7070208.6],[515474.7,7069896.6],[515443.7,7069792.6],[515461.7,7069738.6],[515608.7,7069659.6],[515725.7,7069632.6],[515782.7,7069516.6],[515943.7,7069394.6],[516286.7,7069263.6],[516524.7,7069372.6],[516768.7,7069388.6],[516889.7,7069308.6],[517461.7,7069280.6],[517652.7,7069207.6],[517783.7,7069195.6],[517849.8,7069110.6],[518015.7,7069108.6],[518071.7,7069133.6],[518474.7,7069119.6],[518596.7,7069028.6],[518672.1,7068878.7],[519106.7,7068788.6],[519234.2,7068820.6],[519314.7,7068667.6],[519542.7,7068561.6],[519615.7,7068583.6],[519864.7,7068844.6],[520271.7,7068979.6],[520453.7,7069088.6],[520488.7,7069039.6],[520501.7,7068854.6],[520366.7,7068679.6],[520413.7,7068221.6],[520371.7,7068166.6],[520275.7,7068150.6],[520121.6,7068060.2]]}},{"type":"Feature","properties":{"rodovia":"SC-340","kmInicial":36.375,"kmFinal":43.88,"situacao":"LEN","revestimento":"","nome":"DIVISA DE MUNICÍPIOS PORTO UNIÃO/TIMBÓ GRANDE → DISTRITO ESPRAIADO (ENTR. SC-459)"},"geometry":{"type":"LineString","coordinates":[[520120.9,7068059.5],[520080.7,7068016.6],[520066.7,7067904.6],[520090.7,7067826.6],[520140.7,7067778.5],[520136.7,7067720.6],[519913.7,7067621.6],[519722.7,7067260.6],[519711.7,7067084.6],[519770.7,7066835.6],[519736.7,7066762.6],[519555.7,7066708.6],[519477.7,7066606.6],[519382.7,7066595.6],[519367.7,7066526.6],[519232.7,7066469.6],[519114.7,7066329.6],[519069.8,7066189.6],[518673.7,7066101.6],[518646.7,7065964.6],[518532.7,7065907.6],[518396.7,7065694.6],[518375.7,7065544.6],[518245.7,7065265.6],[518223.7,7065093.6],[518256.7,7065001.6],[518218.7,7064871.6],[518211.7,7064470.6],[518180.7,7064309.6],[518204.7,7064227.6],[518304.7,7064173.6],[518456.7,7064141.6],[518584.7,7063843.6],[518827.7,7063645.6],[518879.7,7063300.6],[518957.3,7063167.3],[519075.7,7063122.6],[519211.7,7062892.6],[519331.7,7062795.6],[519455.7,7062762.6],[519499.7,7062843.6],[519558.2,7062876.6],[519579.7,7062856.6],[519586.4,7062679.0]]}},{"type":"Feature","properties":{"rodovia":"SC-340","kmInicial":62.911,"kmFinal":103.754,"situacao":"PAV","revestimento":"CA","nome":"TIMBÓ GRANDE (ENTR. SC-120) → ENTR. BR-116 (P/ SANTA CECÍLIA)"},"geometry":{"type":"LineString","coordinates":[[532662.2,7055972.8],[532907.3,7055936.4],[533074.7,7055868.9],[533245.6,7055889.4],[533631.4,7055846.4],[533748.7,7055900.2],[533922.4,7056088.0],[534038.1,7056106.6],[534133.7,7056076.5],[534321.7,7055948.3],[534526.9,7055899.4],[534882.6,7055746.3],[535242.1,7055689.2],[535363.6,7055740.0],[535562.7,7055936.5],[535805.8,7056023.3],[536821.7,7056099.5],[537169.7,7056009.5],[537654.9,7055597.0],[537967.1,7055548.0],[538501.7,7055295.4],[539010.7,7055170.4],[539105.7,7055091.4],[539550.7,7054462.4],[540028.7,7053947.4],[540674.7,7053512.4],[540911.7,7053173.4],[541200.1,7052872.8],[541234.5,7052802.4],[541241.7,7052532.4],[541355.7,7051901.4],[541556.3,7051459.9],[541746.8,7051241.8],[542046.9,7051103.9],[542619.2,7051043.6],[543615.7,7051073.4],[544178.7,7050877.4],[544650.7,7050639.4],[545086.7,7050533.4],[545361.7,7050280.4],[545462.7,7050227.4],[545912.9,7050193.6],[546223.6,7050050.6],[546587.2,7050026.8],[546692.7,7049987.9],[546848.3,7049845.0],[546996.9,7049598.2],[547250.1,7049442.6],[547299.3,7049350.6],[547341.4,7049153.7],[547427.1,7049038.6],[547624.8,7048918.0],[547689.1,7048841.8],[547738.3,7048726.7],[547895.7,7047953.3],[547938.7,7047595.3],[548092.7,7047361.3],[548404.7,7047090.3],[549089.9,7046810.5],[549545.2,7046778.1],[549720.3,7046711.3],[549851.2,7046597.8],[550396.2,7045744.6],[550529.5,7045639.8],[550689.9,7045589.0],[550791.5,7045587.4],[551119.2,7045666.6],[552277.7,7045474.2],[552433.7,7045378.2],[553079.8,7044658.1],[553173.8,7044604.1],[555012.8,7044195.1],[555162.8,7044191.1],[555848.8,7044281.1],[555983.8,7044259.1],[556077.8,7044191.0],[556496.8,7043740.5],[557058.2,7043455.3],[557419.2,7042865.2],[558194.1,7042551.9],[558773.9,7041780.9],[558970.9,7041339.9],[559046.6,7041257.5],[559247.2,7041150.5],[559390.7,7041125.9],[560165.0,7041328.8],[560359.2,7041349.4],[560988.9,7041193.9],[561155.9,7041088.8],[561467.9,7040954.8],[561554.9,7040885.8],[562292.9,7039715.8],[562773.0,7039279.7],[562949.0,7039216.7],[563267.0,7039285.7],[563458.0,7039247.7],[563679.0,7039053.7],[563851.0,7038723.7],[564262.0,7038504.7],[564424.0,7038485.7],[564704.0,7038571.0]]}},{"type":"Feature","properties":{"rodovia":"SC-340","kmInicial":197.838,"kmFinal":213.484,"situacao":"PAV","revestimento":"CA","nome":"WITMARSUM (ENTR. SC-112) → ENTR. ACESSO DONA EMMA"},"geometry":{"type":"LineString","coordinates":[[620388.2,7021320.6],[620592.4,7021228.5],[620789.4,7021200.5],[620910.4,7021114.5],[621183.4,7021047.5],[621319.4,7020979.5],[621823.4,7021032.5],[621985.4,7020854.5],[622081.4,7020833.5],[622459.4,7021044.5],[622857.4,7021063.5],[623050.4,7021103.5],[623444.4,7021306.5],[623684.7,7021333.6],[623743.4,7021310.5],[623847.4,7021178.5],[623956.4,7021131.5],[624519.4,7021106.5],[625289.4,7020789.4],[625474.4,7020584.4],[625709.4,7020431.4],[626156.4,7019940.4],[626303.4,7019459.4],[626577.4,7019249.4],[626556.4,7019086.4],[626661.4,7018868.4],[626676.4,7018799.4],[626640.4,7018695.4],[626704.4,7018561.4],[627004.4,7018495.3],[627134.4,7018533.4],[627235.4,7018530.4],[627268.4,7018502.4],[627341.4,7018288.4],[627443.4,7018243.3],[627516.4,7018160.3],[627559.5,7018145.4],[627724.4,7018243.3],[627863.4,7018201.3],[627888.4,7018156.3],[627879.4,7017940.3],[627944.4,7017883.3],[628217.0,7017805.8],[628310.5,7017811.3],[628465.5,7017658.3],[628661.5,7017741.3],[628818.5,7017688.3],[628866.5,7017629.3],[628940.5,7017317.3],[629108.5,7017119.3],[629128.5,7016962.3],[629232.5,7016906.3],[629458.5,7016856.3],[629550.5,7016740.3],[629779.5,7016611.3],[629920.5,7016435.3],[630118.5,7016256.3],[630405.5,7016234.3],[630674.5,7015920.2],[630702.5,7015828.2],[630790.5,7015709.2],[630821.5,7015514.2],[630708.5,7014998.2],[630608.5,7014733.2],[630456.5,7014685.2],[630409.5,7014555.2],[630239.5,7014427.2],[630241.5,7014366.7]]}},{"type":"Feature","properties":{"rodovia":"SC-340","kmInicial":213.485,"kmFinal":224.935,"situacao":"PAV","revestimento":"CA","nome":"ENTR. ACESSO DONA EMMA → PRESIDENTE GETÚLIO"},"geometry":{"type":"LineString","coordinates":[[630241.9,7014365.8],[630355.5,7014286.2],[630673.5,7014176.2],[630947.5,7014262.2],[631156.5,7014106.2],[631259.5,7013950.2],[631300.5,7013581.2],[631374.5,7013436.2],[631427.5,7013226.2],[631361.5,7013004.2],[631577.5,7012911.2],[631633.5,7012775.2],[631682.5,7012734.2],[631771.5,7012747.2],[631965.5,7012982.2],[632091.5,7013045.2],[632235.5,7013060.2],[632342.5,7013150.2],[632477.5,7013199.2],[632568.5,7013185.1],[632696.5,7013095.2],[633032.5,7013052.1],[633231.5,7012970.1],[633445.5,7012942.1],[633557.5,7012879.1],[633875.5,7012466.1],[633923.5,7012326.1],[633979.5,7012273.1],[634128.5,7012211.1],[634153.5,7012024.1],[634337.5,7011785.1],[634448.5,7011481.1],[634428.5,7011279.1],[634512.5,7010883.1],[634657.5,7010598.1],[635157.5,7010100.1],[635109.5,7009881.1],[635227.5,7009583.1],[635224.5,7009219.1],[635554.5,7008728.1],[635786.5,7008702.1],[636212.5,7008223.0],[636429.5,7008191.1],[636460.5,7008050.1],[636440.4,7007808.1],[636506.4,7007679.0],[636605.5,7007664.0]]}},{"type":"Feature","properties":{"rodovia":"SC-340","kmInicial":224.936,"kmFinal":229.24,"situacao":"PAV","revestimento":"CA","nome":"PRESIDENTE GETÚLIO → ENTR. ACESSO JOSÉ BOITEUX"},"geometry":{"type":"LineString","coordinates":[[636605.8,7007665.0],[636740.9,7008207.7],[637018.5,7008231.0],[638031.5,7008215.0],[638362.5,7008254.0],[638833.5,7008259.0],[638975.4,7008213.0],[639296.4,7007955.0],[639649.4,7007584.0],[640013.7,7007412.9],[640174.5,7007410.7]]}},{"type":"Feature","properties":{"rodovia":"SC-340","kmInicial":229.241,"kmFinal":234.22,"situacao":"PAV","revestimento":"CA","nome":"ENTR. ACESSO JOSÉ BOITEUX → JURISDIÇÃO SIE FINAL (IBIRAMA)"},"geometry":{"type":"LineString","coordinates":[[640175.5,7007410.7],[640809.4,7007480.0],[641267.4,7007587.0],[641754.4,7007489.9],[642028.4,7007653.9],[642149.4,7007670.9],[642337.4,7007603.9],[642530.4,7007597.9],[642867.4,7007483.9],[642923.4,7007393.9],[642901.4,7007177.9],[642924.4,7007113.9],[642986.4,7007062.9],[643135.4,7007008.9],[643410.4,7006808.9],[643492.4,7006791.9],[643709.4,7006829.9],[643769.4,7006783.9],[643827.4,7006665.9],[643903.4,7006632.9],[643981.4,7006656.9],[644079.4,7006798.9],[644149.4,7006840.9],[644385.3,7006800.1]]}},{"type":"Feature","properties":{"rodovia":"SC-340","kmInicial":237.788,"kmFinal":241.129,"situacao":"PAV","revestimento":"CA","nome":"JURISDIÇÃO SIE INICIAL (IBIRAMA) → ENTR. BR-470 (P/ APIÚNA)"},"geometry":{"type":"LineString","coordinates":[[647242.6,7006384.6],[647432.4,7006164.8],[647695.4,7006086.8],[648048.4,7006143.8],[648164.4,7006085.8],[648259.4,7005975.8],[648305.4,7005844.8],[648297.4,7005475.8],[648462.4,7005199.8],[648505.4,7004858.8],[648570.4,7004703.8],[648573.4,7004606.8],[648711.4,7004293.8],[648905.0,7004012.5]]}},{"type":"Feature","properties":{"rodovia":"SC-350","kmInicial":0.0,"kmFinal":3.465,"situacao":"EOP","revestimento":"","nome":"ABELARDO LUZ (ENTR. SC-155) → ENTR. ACESSO ABELARDO LUZ"},"geometry":{"type":"LineString","coordinates":[[366560.4,7058102.3],[366683.7,7058056.3],[366796.8,7058058.3],[367003.7,7058191.1],[367294.0,7058274.2],[367544.4,7058493.1],[367762.5,7058638.5],[367951.7,7059022.9],[368041.6,7059121.8],[368109.6,7059143.2],[368433.6,7059124.0],[368690.1,7059228.3],[368879.3,7059247.2],[369071.3,7059185.1],[369254.1,7059087.2],[369490.4,7059091.5]]}},{"type":"Feature","properties":{"rodovia":"SC-350","kmInicial":3.466,"kmFinal":12.991,"situacao":"EOP","revestimento":"","nome":"ENTR. ACESSO ABELARDO LUZ → ENTR. ACESSO LESTE OURO VERDE"},"geometry":{"type":"LineString","coordinates":[[369491.4,7059091.5],[369667.2,7059102.7],[370093.8,7058886.0],[370434.9,7058562.5],[371067.0,7058168.8],[371663.8,7057483.0],[371718.0,7057407.1],[371674.1,7057097.3],[371762.7,7056675.6],[371962.3,7056173.2],[372027.7,7055412.4],[372082.3,7055252.9],[372256.7,7055041.8],[372627.5,7054695.3],[373043.0,7054418.9],[373347.4,7053890.9],[373769.9,7053279.4],[373920.9,7053135.9],[373976.9,7053021.6],[374286.5,7052725.3],[374487.2,7052343.2],[374529.3,7052104.5],[374610.7,7051909.5],[374715.7,7051786.5]]}},{"type":"Feature","properties":{"rodovia":"SC-350","kmInicial":12.992,"kmFinal":41.744,"situacao":"EOP","revestimento":"","nome":"ENTR. ACESSO LESTE OURO VERDE → ENTR. ACESSO PASSOS MAIA"},"geometry":{"type":"LineString","coordinates":[[374716.5,7051785.9],[374899.7,7051588.5],[374983.4,7051538.5],[375451.6,7051475.3],[375549.0,7051387.8],[375652.6,7051236.3],[375664.3,7051008.7],[375489.8,7050472.3],[375512.2,7050312.5],[375697.1,7050178.8],[375807.2,7050144.1],[376137.5,7049848.1],[376309.6,7049663.4],[376407.1,7049368.8],[376468.5,7049275.3],[376675.0,7049060.8],[377147.4,7048737.9],[377197.4,7048657.5],[377228.0,7048426.3],[377270.6,7048328.8],[378005.3,7047686.6],[378216.2,7047596.4],[378376.2,7047483.1],[378556.5,7047422.7],[378843.4,7047105.5],[379204.1,7046973.5],[379308.8,7046906.7],[379562.7,7046871.5],[379667.4,7046806.6],[379881.7,7046754.1],[380320.9,7046526.8],[380397.4,7046439.0],[380444.1,7046298.3],[380607.7,7045596.1],[380665.6,7045480.0],[380806.6,7045372.2],[381164.7,7045309.7],[381293.9,7045256.3],[381545.4,7045059.2],[382145.8,7044780.7],[382212.9,7044685.4],[382294.7,7044428.4],[382378.9,7044331.3],[382997.9,7044075.5],[383344.2,7043646.0],[383458.4,7043573.6],[383576.2,7043516.4],[384324.3,7043410.4],[384468.1,7043404.2],[384722.9,7043466.7],[385017.1,7043349.0],[385181.8,7043337.3],[385394.2,7043269.6],[385646.4,7043407.3],[385848.6,7043646.2],[385923.9,7043678.9],[386107.3,7043691.8],[386623.7,7043897.7],[386824.4,7043878.8],[387041.2,7043749.1],[387116.1,7043616.2],[387167.0,7043428.5],[387283.1,7043337.3],[387387.3,7043327.0],[387882.2,7043395.3],[388238.3,7043554.6],[388425.9,7043509.2],[388735.9,7043323.8],[388936.8,7043271.0],[389109.7,7043189.8],[389408.3,7043209.3],[390088.2,7043106.1],[390298.1,7043329.9],[390420.5,7043393.1],[390547.1,7043413.0],[391205.2,7043200.4],[391302.4,7043116.6],[391341.2,7042998.4],[391345.4,7042733.2],[391384.1,7042637.6],[391458.5,7042559.2],[391583.7,7042507.6],[391856.6,7042453.5],[391983.6,7042191.2],[392248.5,7041956.5],[392321.1,7041864.9],[392413.8,7041647.5],[392528.1,7041548.8],[392670.0,7041538.7],[393116.9,7041694.9],[393361.2,7041649.9],[393448.7,7041592.3],[393551.8,7041470.9],[393603.9,7041349.1],[393638.8,7041016.5],[393718.4,7040776.4],[393717.6,7040646.6],[393684.3,7040552.3],[393555.5,7040355.6],[393609.2,7040047.6],[393599.5,7039846.3],[393429.9,7039551.4],[393415.5,7039472.3],[393450.5,7039357.9],[393427.1,7038994.7],[393470.1,7038827.7],[393455.8,7038504.1],[393479.7,7038352.0],[393537.5,7038232.1],[393706.9,7038070.1]]}},{"type":"Feature","properties":{"rodovia":"SC-350","kmInicial":41.745,"kmFinal":42.984,"situacao":"EOP","revestimento":"","nome":"ENTR. ACESSO PASSOS MAIA → ENTR. SC-154 (P/ DIVISA SC/PR)"},"geometry":{"type":"LineString","coordinates":[[393707.8,7038069.6],[393847.6,7038001.6],[393978.2,7037985.7],[394127.3,7038009.6],[394607.2,7038269.3],[394864.0,7038258.4]]}},{"type":"Feature","properties":{"rodovia":"SC-350","kmInicial":42.985,"kmFinal":45.0,"situacao":"EOP","revestimento":"","nome":"ENTR. SC-154 (P/ DIVISA SC/PR) → ENTR, SC-154 (P/ PONTE SERRADA)"},"geometry":{"type":"LineString","coordinates":[[394864.9,7038258.0],[395049.4,7038075.5],[395082.9,7037906.6],[395050.7,7037686.3],[395072.8,7037530.4],[395413.6,7037008.6],[395472.7,7036584.1],[395541.0,7036449.9]]}},{"type":"Feature","properties":{"rodovia":"SC-350","kmInicial":100.249,"kmFinal":134.409,"situacao":"PAV","revestimento":"CA","nome":"ENTR. NORTE BR-153 (P/ DIVISA SC/PR) → ENTR. SC-465 (P/ MACIEIRA)"},"geometry":{"type":"LineString","coordinates":[[443768.7,7048386.1],[443814.9,7048299.9],[443875.9,7047956.9],[443948.9,7047885.9],[444653.9,7047695.8],[444950.9,7047406.8],[446153.9,7047096.8],[446370.9,7047117.8],[446943.0,7047488.8],[447486.9,7047511.8],[448042.9,7047283.8],[449719.9,7047053.8],[452375.9,7046122.7],[456559.9,7045469.7],[456719.9,7045478.7],[457026.9,7045558.7],[457134.9,7045551.7],[457235.9,7045492.7],[457919.9,7044803.7],[458519.9,7044668.7],[459317.9,7044279.7],[459915.9,7044055.7],[460464.9,7043673.7],[461601.9,7043258.7],[461738.9,7043164.6],[462257.9,7042672.6],[462361.9,7042623.6],[463271.9,7042641.6],[463546.9,7042784.6],[463822.9,7042831.6],[464240.9,7042785.6],[464327.9,7042819.6],[464542.9,7042984.6],[464629.9,7043014.6],[465021.9,7042974.6],[465701.9,7042991.6],[466401.9,7042932.6],[466669.9,7042829.6],[466751.9,7042760.6],[467072.9,7042189.6],[467193.9,7042045.6],[468145.9,7041650.6],[468393.9,7041650.6],[468754.9,7041524.6],[468947.9,7041585.6],[469006.9,7041569.6],[470006.9,7040766.6],[470509.9,7040254.6],[470878.8,7039967.6],[471621.8,7039519.6],[472473.8,7039272.6],[472821.8,7039311.6],[473644.8,7038932.5],[473933.8,7038713.6]]}},{"type":"Feature","properties":{"rodovia":"SC-350","kmInicial":134.41,"kmFinal":157.239,"situacao":"PAV","revestimento":"CA","nome":"ENTR. SC-465 (P/ MACIEIRA) → JURISDIÇÃO SIE FINAL (CAÇADOR)"},"geometry":{"type":"LineString","coordinates":[[473934.5,7038713.0],[474113.8,7038576.5],[474229.8,7038542.5],[474807.8,7038626.5],[474910.8,7038673.5],[475193.8,7038945.5],[475621.8,7038987.5],[475973.8,7039093.5],[476285.8,7039261.5],[476376.8,7039246.5],[476684.7,7039074.6],[476955.8,7039145.5],[477345.8,7039104.5],[477474.8,7039159.5],[477952.8,7039507.5],[478518.8,7039555.5],[478867.8,7039668.5],[478935.8,7039653.5],[479129.9,7039518.5],[479526.8,7039412.5],[479789.8,7039419.5],[480041.8,7039551.5],[480703.8,7039767.5],[481220.8,7039596.5],[481559.8,7039603.5],[481873.8,7039567.5],[481985.8,7039577.5],[482589.8,7039770.5],[482911.8,7039764.5],[483085.8,7039740.5],[483370.8,7039621.5],[485273.8,7039464.5],[485468.8,7039507.5],[486133.8,7039813.5],[486304.8,7039841.5],[486477.8,7039817.5],[487174.8,7039607.5],[487359.8,7039520.5],[487978.8,7038690.5],[487977.8,7038426.5],[488039.8,7038261.5],[488148.8,7038151.5],[488272.8,7038093.5],[488453.8,7038084.5],[488575.8,7038130.5],[489177.8,7038591.5],[489479.8,7038638.5],[489939.8,7038807.5],[490064.8,7038911.5],[490367.8,7039319.5],[490432.8,7039370.5],[491033.8,7039417.5],[491154.8,7039360.5],[491204.8,7039228.5],[491020.8,7038708.5],[491013.8,7038596.5],[491422.8,7037931.5],[491556.8,7037807.5],[492043.8,7037775.5],[492375.8,7037930.5],[493487.1,7038097.1]]}},{"type":"Feature","properties":{"rodovia":"SC-350","kmInicial":170.248,"kmFinal":198.592,"situacao":"PAV","revestimento":"CA","nome":"JURISDIÇÃO SIE INICIAL (CAÇADOR) → ENTR. SC-120 (P/ TIMBÓ GRANDE)"},"geometry":{"type":"LineString","coordinates":[[504182.7,7036447.1],[504788.8,7035768.5],[504898.8,7035701.5],[505257.8,7035571.5],[505671.8,7035476.5],[506119.8,7035564.5],[506614.8,7035378.5],[506916.8,7034908.5],[507356.3,7034511.7],[507880.9,7034301.5],[509106.9,7033570.4],[509284.9,7033333.4],[509733.9,7033043.4],[510182.9,7032537.4],[510781.9,7032072.4],[510910.9,7032012.4],[511481.9,7031898.4],[511653.9,7031838.4],[512072.9,7031627.4],[512426.9,7031294.4],[512511.9,7031247.4],[513111.9,7031215.4],[513483.9,7030801.4],[513556.9,7030758.4],[514418.9,7030539.4],[516026.9,7029112.4],[516653.9,7028874.4],[517115.9,7028857.4],[517298.9,7028798.4],[517835.9,7028427.4],[518001.8,7028070.4],[519076.8,7027222.4],[519142.8,7027194.4],[519261.8,7027196.4],[519607.8,7027396.4],[520295.8,7027511.4],[520422.8,7027472.4],[520758.8,7027169.4],[521701.8,7027191.4],[522060.8,7026862.4],[522208.8,7026454.4],[522291.8,7026351.4],[523072.8,7026088.4],[523481.8,7025718.4],[524076.8,7025470.4],[524436.8,7025263.4],[524497.8,7025159.4],[524548.8,7024683.4],[524592.8,7024574.4],[525247.8,7024049.3],[525468.8,7023967.3],[526616.8,7023903.3],[526753.8,7023815.3],[527195.1,7023418.7]]}},{"type":"Feature","properties":{"rodovia":"SC-350","kmInicial":205.182,"kmFinal":230.819,"situacao":"PAV","revestimento":"CA","nome":"ENTR. SC-120 (P/ CURITIBANOS) → ENTR. BR-116 (P/ MONTE CASTELO)"},"geometry":{"type":"LineString","coordinates":[[532410.3,7021667.8],[532869.7,7021669.3],[533376.8,7021883.2],[535066.8,7022693.2],[535813.8,7022795.2],[536473.8,7023250.2],[537750.8,7023454.1],[538335.8,7023893.1],[538435.8,7023942.1],[538708.8,7023993.1],[539046.8,7023973.1],[540633.9,7024140.0],[540723.9,7024174.0],[541151.9,7024491.0],[541413.9,7024517.0],[541766.9,7024614.0],[542869.9,7024801.0],[542995.9,7024800.0],[544079.9,7024572.9],[544390.9,7024611.9],[544471.9,7024646.9],[544541.9,7024724.9],[544837.9,7025255.9],[544970.9,7025317.9],[546693.9,7024913.8],[547378.0,7024505.8],[547792.0,7024408.8],[548233.0,7024130.8],[548645.0,7023936.8],[548856.4,7023701.5],[549946.0,7023184.7],[550030.0,7023086.7],[550283.0,7022483.7],[550416.0,7022265.7],[550929.0,7022127.7],[551270.0,7022079.7],[551378.1,7021889.6],[551576.1,7021808.6],[551692.1,7021826.6],[552117.1,7022108.6],[552883.1,7022103.6],[553506.1,7022190.6],[553664.1,7022293.6],[553949.1,7022672.6],[554056.1,7022749.6],[554865.1,7023023.6],[555116.1,7023046.6],[555137.7,7022983.4]]}},{"type":"Feature","properties":{"rodovia":"SC-350","kmInicial":241.007,"kmFinal":252.954,"situacao":"LEN","revestimento":"","nome":"ENTR. BR-116 (P/ PONTE ALTA DO NORTE) → DIVISA DE MUNICÍPIOS SANTA CECÍLIA/TAIÓ"},"geometry":{"type":"LineString","coordinates":[[560155.8,7015001.0],[560459.2,7014600.3],[560733.2,7014426.3],[560973.3,7014216.3],[561282.3,7014065.3],[561628.3,7014106.3],[562006.3,7014266.2],[562473.3,7014260.2],[562597.3,7014344.2],[562705.3,7014305.2],[562830.3,7014328.2],[563006.3,7014298.2],[563052.3,7014137.2],[563285.3,7014007.2],[563424.3,7014048.2],[563509.3,7014216.2],[563628.3,7014297.2],[563843.3,7014295.2],[563982.3,7014267.2],[565070.3,7013850.2],[565212.3,7013819.2],[565490.3,7014016.2],[565633.3,7014230.2],[565835.3,7014425.2],[565979.3,7014438.2],[566237.3,7014403.2],[566377.3,7014430.2],[566644.3,7014545.2],[566699.3,7014708.2],[566877.3,7014752.2],[566941.3,7014739.2],[566981.8,7014630.1],[567103.3,7014644.1],[567215.3,7014712.1],[567298.9,7014703.2],[567356.3,7014761.1],[567495.3,7014718.1],[567556.3,7014796.1],[567717.3,7014891.1],[567782.3,7014829.1],[567921.3,7014849.1],[568144.3,7015124.1],[568276.3,7015170.1],[568437.3,7015139.1],[568516.3,7015214.1],[568685.3,7015250.1],[568935.3,7015522.1],[569142.3,7015515.1],[569225.3,7015486.1],[569318.3,7015509.1],[569461.3,7015312.1],[569618.3,7015274.1],[569754.3,7015364.1],[570037.4,7015421.3]]}},{"type":"Feature","properties":{"rodovia":"SC-350","kmInicial":252.955,"kmFinal":280.349,"situacao":"LEN","revestimento":"","nome":"DIVISA DE MUNICÍPIOS SANTA CECÍLIA/TAIÓ → ENTR. SC-427 (P/ RIO DO CAMPO)"},"geometry":{"type":"LineString","coordinates":[[570038.4,7015421.2],[570117.3,7015386.1],[570237.3,7015383.1],[570423.3,7015227.1],[570519.3,7015219.1],[570672.3,7015267.1],[570721.4,7015108.1],[570780.3,7015121.1],[570915.3,7015255.1],[570948.3,7015332.1],[571011.3,7015354.1],[571114.3,7015461.1],[571240.3,7015511.1],[571387.3,7015502.1],[571586.3,7015333.1],[571669.3,7015198.1],[571740.3,7014855.1],[571720.3,7014787.1],[571807.3,7014846.1],[571929.3,7015200.1],[571974.3,7015250.1],[571910.3,7015417.1],[571928.3,7015460.1],[572154.3,7015335.1],[572396.3,7015013.1],[572501.3,7014922.1],[572584.3,7014896.6],[572565.3,7014827.1],[572640.3,7014740.1],[572606.3,7014659.1],[572501.4,7014601.1],[572466.3,7014457.1],[572483.3,7014332.1],[572554.3,7014278.1],[572536.3,7014207.1],[572684.3,7014124.1],[572741.3,7014052.1],[572747.3,7013880.1],[572872.3,7013559.1],[572997.3,7013399.1],[573147.3,7013025.1],[573264.3,7012811.1],[573370.3,7012701.1],[574139.3,7012184.0],[574173.3,7012070.1],[574139.3,7011828.1],[574392.3,7011492.1],[574543.3,7010382.0],[574299.3,7009963.0],[574140.3,7009261.0],[574286.3,7008850.0],[574384.3,7008007.0],[574590.3,7007677.0],[574753.3,7007569.0],[575035.3,7007589.0],[575650.4,7007815.0],[576236.3,7007640.0],[577247.3,7007459.0],[577350.3,7007395.0],[577696.3,7007032.0],[577808.3,7006976.0],[578417.3,7007099.0],[579645.4,7007534.0],[580183.4,7007473.0],[580332.4,7007502.0],[581391.4,7007188.9],[581793.4,7006883.9],[581973.4,7006838.9],[582086.4,7006847.9],[582523.4,7006988.9],[582966.4,7007038.9],[583655.4,7007085.9],[584014.4,7007051.9],[584162.4,7007238.9],[584219.4,7007259.9],[584405.4,7007268.9],[584739.4,7007123.9],[585022.9,7007095.9],[585087.4,7007055.9],[585374.4,7007067.9],[585826.4,7007119.9],[585897.4,7007159.9],[585959.4,7007275.9],[586278.4,7007421.9],[586356.4,7007428.9],[586457.4,7007388.9],[586565.4,7007290.9],[586776.4,7007171.9],[587104.4,7007219.9],[587451.4,7007346.9],[587655.4,7007338.9],[587803.4,7007432.9],[587895.4,7007377.9],[588052.4,7007472.9]]}},{"type":"Feature","properties":{"rodovia":"SC-350","kmInicial":280.35,"kmFinal":301.48,"situacao":"PAV","revestimento":"CA","nome":"ENTR. SC-427 (P/ RIO DO CAMPO) → TAIÓ (ENTR. SC-114)"},"geometry":{"type":"LineString","coordinates":[[588053.4,7007472.9],[588124.4,7007471.9],[588284.4,7007374.9],[588711.4,7007284.9],[588897.4,7007150.9],[589150.4,7006789.9],[589230.4,7006592.9],[589250.4,7006303.9],[589338.4,7006036.9],[589337.4,7005561.9],[589471.4,7005381.9],[589458.9,7005101.4],[589688.4,7004985.9],[589665.4,7004773.8],[590248.4,7003860.8],[590168.4,7003636.8],[590195.4,7003340.8],[590159.4,7003249.8],[589986.4,7003023.8],[589603.4,7002747.8],[589372.4,7002628.8],[589312.4,7002554.8],[589300.4,7002385.8],[589389.4,7002239.8],[589518.4,7002104.8],[589642.4,7002046.8],[589832.4,7002015.8],[590165.4,7002029.8],[590563.4,7001917.8],[591267.4,7001827.8],[591512.4,7001686.8],[591692.4,7001676.8],[591796.4,7001584.8],[591868.4,7001560.8],[592116.4,7001687.8],[592166.4,7001684.8],[592150.4,7001476.8],[592284.4,7001409.8],[592314.9,7001354.3],[592197.4,7001161.8],[592118.4,7000487.8],[592030.4,7000188.8],[591994.4,7000136.8],[591712.4,6999968.8],[591714.4,6999868.8],[591762.4,6999795.8],[592074.4,6999828.8],[592181.4,6999866.8],[592367.4,7000007.8],[592418.4,7000261.8],[592636.4,7000569.8],[593388.4,7000765.8],[593962.4,7000995.8],[594248.4,7001145.8],[594392.4,7001386.8],[594516.4,7001424.8],[595938.4,7001408.8],[596075.4,7001381.8],[596654.4,7001166.7],[596950.4,7000967.7],[597484.4,7000274.7],[598458.4,7000030.7],[598651.4,6999994.7],[598907.4,7000062.7],[599086.4,7000123.7],[599117.4,7000160.7],[599109.4,7000232.7],[599298.4,7000315.7],[599501.3,7000334.8]]}},{"type":"Feature","properties":{"rodovia":"SC-350","kmInicial":301.481,"kmFinal":332.799,"situacao":"LEN","revestimento":"","nome":"TAIÓ (ENTR. SC-114) → JURISDIÇÃO SIE FINAL (RIO DO OESTE)"},"geometry":{"type":"LineString","coordinates":[[599502.3,7000334.8],[599779.5,7000358.8],[600324.4,7000554.7],[600592.4,7000586.7],[600976.4,7000856.7],[601217.4,7000966.7],[601564.4,7000914.7],[601904.4,7000909.7],[602127.4,7000946.7],[602400.4,7001058.7],[602554.9,7000947.0],[602601.4,7000942.7],[602665.4,7000987.7],[602715.4,7000743.7],[602636.4,7000490.7],[602642.4,7000112.7],[602721.4,6999786.7],[602854.4,6999668.7],[603070.4,6999564.7],[603428.4,6999527.7],[603556.4,6999446.7],[603735.4,6999275.6],[603783.4,6999171.6],[603935.4,6998988.6],[604127.4,6998919.6],[604173.4,6998875.6],[604196.4,6998728.6],[604182.4,6998492.6],[604225.4,6998410.6],[604429.4,6998427.6],[604567.4,6998484.6],[604962.4,6998732.6],[605159.4,6998756.6],[605329.4,6998701.6],[605488.4,6998741.1],[605530.4,6998724.6],[605627.4,6998535.6],[605641.4,6998413.7],[605767.4,6998114.6],[605991.4,6997930.6],[606074.9,6997894.1],[605947.4,6997688.6],[605917.4,6997494.6],[605948.0,6997336.5],[605874.4,6997203.6],[605869.4,6997097.6],[605924.4,6997056.6],[605974.4,6996950.6],[605858.4,6996857.6],[606105.4,6996785.6],[606021.4,6996594.6],[606088.4,6996507.6],[606215.4,6996445.6],[606376.4,6996481.6],[606448.4,6996414.6],[606507.4,6996302.6],[606592.4,6996289.6],[606877.4,6996382.6],[606933.4,6996487.6],[607031.4,6996563.6],[607386.4,6996700.6],[607411.4,6996666.6],[607406.4,6996527.6],[607566.4,6996302.6],[607822.4,6996130.6],[607856.4,6996072.6],[607930.9,6996079.6],[608066.4,6996178.6],[608185.6,6996200.8],[608229.3,6996238.5],[608689.4,6996325.6],[608879.4,6996301.6],[609175.4,6996463.6],[609341.4,6996468.5],[609706.4,6996316.5],[609941.4,6996144.5],[610008.4,6995895.5],[609985.9,6995750.6],[610047.4,6995772.5],[610129.4,6995712.5],[610173.9,6995574.5],[610269.4,6995650.5],[610441.4,6995665.5],[610606.4,6995759.6],[610670.4,6996069.5],[610724.4,6996107.5],[610686.4,6996486.5],[610720.4,6996557.5],[610851.4,6996517.5],[611134.4,6996503.5],[611325.4,6996380.5],[611457.4,6996210.5],[611598.4,6996074.5],[611675.4,6996036.5],[611758.4,6996070.5],[611837.4,6996262.5],[611864.4,6996273.5],[611989.4,6996193.5],[612053.4,6995978.5],[612378.4,6995675.5],[612871.4,6995551.5],[612729.4,6995258.5],[612768.4,6995133.5],[612755.4,6995098.5],[612497.9,6994854.8],[612453.4,6994560.5],[612485.4,6994384.5],[612543.4,6994257.5],[612745.4,6994055.5],[612987.4,6993993.5],[613210.4,6994058.5],[613273.4,6994127.5],[613274.4,6994254.5],[613311.4,6994331.5],[613891.3,6994667.1],[614123.4,6994620.5],[614247.4,6994538.5],[614536.4,6994572.5],[614590.4,6994449.5],[614443.4,6994221.5],[614361.4,6993788.5],[614350.4,6993559.5],[614379.4,6993303.5],[614522.4,6993257.5],[614632.4,6993268.5],[615021.5,6993217.5],[615441.4,6993303.4],[615612.4,6993311.4],[616004.4,6993462.4],[616345.4,6993377.4],[616422.4,6993378.4],[616619.3,6993456.0],[616664.4,6993391.4],[616620.4,6993324.4],[616640.4,6993249.4],[616565.4,6993014.4],[616623.4,6992953.4],[616706.4,6992693.4],[616708.4,6992515.4],[616974.4,6992362.4],[617252.4,6992274.4],[617588.5,6992228.3],[617851.4,6992127.4],[618154.4,6992134.4],[618292.8,6991957.0]]}},{"type":"Feature","properties":{"rodovia":"SC-350","kmInicial":334.941,"kmFinal":341.025,"situacao":"PAV","revestimento":"CA","nome":"JURISDIÇÃO SIE INICIAL (RIO DO OESTE) → LAURENTINO"},"geometry":{"type":"LineString","coordinates":[[620170.0,6991020.5],[620495.4,6990489.3],[620564.4,6990420.3],[621101.4,6990121.3],[621955.4,6989873.3],[622569.4,6989474.2],[622817.4,6989420.2],[623921.4,6989366.2],[624050.4,6989325.2],[624729.4,6988530.2],[625195.8,6988215.0]]}},{"type":"Feature","properties":{"rodovia":"SC-350","kmInicial":341.026,"kmFinal":346.39,"situacao":"PAV","revestimento":"CA","nome":"LAURENTINO → ENTR. BR-470 (P/ AGRONÔMICA)"},"geometry":{"type":"LineString","coordinates":[[625196.6,6988214.4],[625784.4,6987568.2],[625900.4,6987497.2],[626037.4,6987481.1],[626407.4,6987530.1],[626552.4,6987524.1],[626999.4,6987364.1],[627554.4,6987278.1],[627772.4,6987205.1],[627865.4,6987111.1],[628093.4,6986535.1],[628998.0,6986213.3],[629168.8,6985924.9],[629237.3,6985639.1]]}},{"type":"Feature","properties":{"rodovia":"SC-350","kmInicial":350.789,"kmFinal":360.388,"situacao":"PAV","revestimento":"CA","nome":"RIO DO SUL (ENTR. BR-470) → DIVISA DE MUNICÍPIOS DE RIO DO SUL/AURORA"},"geometry":{"type":"LineString","coordinates":[[632529.5,6988300.9],[632749.4,6988308.0],[633568.4,6988430.0],[633661.5,6988654.0],[633850.4,6988515.0],[633560.5,6988205.1],[633751.4,6988222.0],[633874.4,6988200.0],[633892.4,6987736.0],[633858.4,6987139.0],[633903.4,6986711.0],[634164.4,6986712.0],[634253.4,6986513.0],[634398.4,6986384.0],[634512.4,6986204.0],[634523.4,6986027.0],[634501.4,6985949.0],[634191.4,6985687.0],[634074.4,6985624.0],[633646.4,6985512.0],[633583.4,6985460.0],[633561.4,6985394.0],[633582.4,6985225.0],[633550.4,6984812.0],[633496.4,6984686.0],[633348.4,6984496.0],[633302.4,6984325.0],[633216.4,6983598.0],[633279.4,6983149.0],[633240.4,6982675.0],[633294.4,6982552.0],[633667.9,6982139.2]]}},{"type":"Feature","properties":{"rodovia":"SC-350","kmInicial":360.389,"kmFinal":365.06,"situacao":"PAV","revestimento":"CA","nome":"DIVISA DE MUNICÍPIOS DE RIO DO SUL/AURORA → AURORA"},"geometry":{"type":"LineString","coordinates":[[633668.6,6982138.5],[633838.4,6981949.0],[633876.4,6981824.0],[633790.4,6981275.0],[633591.4,6980791.0],[633742.4,6980207.0],[634441.4,6979486.0],[634903.4,6979214.0],[635103.4,6979048.0],[635138.4,6978728.0],[635072.4,6978494.0],[635060.9,6978287.7]]}},{"type":"Feature","properties":{"rodovia":"SC-350","kmInicial":365.061,"kmFinal":377.237,"situacao":"PAV","revestimento":"CA","nome":"AURORA → JURISDIÇÃO SIE FINAL (ITUPORANGA)"},"geometry":{"type":"LineString","coordinates":[[635060.6,6978286.8],[634938.4,6978036.0],[635007.4,6977801.0],[635091.4,6977737.0],[635585.4,6977637.0],[635764.4,6977409.0],[635995.4,6977265.0],[636282.4,6976638.0],[636497.4,6976388.9],[636585.4,6976185.9],[636607.4,6976055.9],[636598.4,6975677.9],[636509.4,6975372.9],[636541.4,6975205.9],[637018.4,6974561.9],[637226.4,6974419.9],[637267.4,6974360.9],[637283.4,6974224.9],[637256.4,6974161.0],[637000.4,6974029.0],[636953.4,6973920.9],[636971.4,6973849.9],[637083.4,6973729.9],[637297.4,6973569.9],[637366.4,6973230.9],[637129.4,6972660.9],[637125.4,6972196.9],[636912.4,6971860.9],[636890.4,6971699.9],[637011.4,6971409.9],[637019.4,6970996.9],[637278.4,6970355.9],[637639.3,6969928.9],[637928.3,6969671.9],[637990.3,6969565.9],[638106.3,6968936.9],[637981.3,6968299.4],[638008.2,6968149.2]]}},{"type":"Feature","properties":{"rodovia":"SC-350","kmInicial":380.418,"kmFinal":397.025,"situacao":"PAV","revestimento":"CA","nome":"JURISDIÇÃO SIE INICIAL (ITUPORANGA) → ENTR. ACESSO CHAPADÃO DO LAGEADO"},"geometry":{"type":"LineString","coordinates":[[638622.3,6965535.5],[638656.3,6965357.9],[638804.3,6965205.9],[638831.3,6965143.9],[638773.3,6964729.9],[638970.3,6963990.9],[639504.3,6963490.9],[639800.3,6963312.9],[640056.3,6963236.9],[640308.3,6962995.9],[640355.3,6962887.9],[640389.3,6962686.9],[640738.3,6961873.9],[640864.3,6960997.9],[640863.3,6960806.9],[640524.3,6959470.9],[640364.3,6958988.9],[640952.3,6957964.9],[641609.3,6957360.9],[641693.3,6957356.9],[642116.3,6957478.9],[642640.3,6957504.9],[642971.2,6957341.9],[643075.2,6957365.9],[643296.1,6957491.8],[643567.2,6957416.9],[643648.2,6957307.9],[643824.2,6956653.9],[643864.2,6956584.9],[643919.2,6956544.9],[644274.3,6956435.6],[644431.2,6956434.9],[644765.2,6956688.9],[645049.2,6956586.9],[645400.2,6956639.9],[645451.2,6956601.9],[645466.2,6956541.9],[645366.2,6956212.9],[645385.2,6956118.9],[645433.2,6956062.9],[646144.2,6955502.8],[646890.6,6955427.7]]}},{"type":"Feature","properties":{"rodovia":"SC-350","kmInicial":397.025,"kmFinal":404.036,"situacao":"PAV","revestimento":"CA","nome":"ENTR. ACESSO CHAPADÃO DO LAGEADO → ENTR. ACESSO A IMBUIA"},"geometry":{"type":"LineString","coordinates":[[646890.6,6955427.7],[647589.2,6955427.8],[648099.2,6955564.8],[648452.2,6955859.8],[648720.2,6956143.8],[649125.2,6956680.8],[649464.2,6956772.8],[649595.6,6956739.1],[649682.2,6956629.8],[649801.2,6956294.8],[649861.2,6955911.8],[649842.2,6955465.8],[650000.2,6955117.8],[649991.2,6955022.8],[649860.2,6954641.8],[649879.2,6954156.8],[649927.2,6954077.8],[650157.2,6953894.8],[650177.2,6953639.8],[650212.2,6953543.8],[650458.0,6953390.8]]}},{"type":"Feature","properties":{"rodovia":"SC-350","kmInicial":404.037,"kmFinal":412.955,"situacao":"PAV","revestimento":"CA","nome":"ENTR. ACESSO A IMBUIA → ENTR. SC-284 (P/ CHAPADÃO DO LAGEADO)"},"geometry":{"type":"LineString","coordinates":[[650458.9,6953390.3],[650714.2,6953274.8],[650817.2,6953278.8],[651103.2,6953402.8],[651381.2,6953300.8],[651441.2,6953198.8],[651409.1,6952953.8],[651448.1,6952677.8],[651636.1,6952233.8],[651881.1,6952045.8],[652294.1,6952000.8],[652399.1,6951948.8],[652496.1,6951853.8],[652517.1,6951629.8],[652333.1,6951399.8],[652316.1,6951340.8],[652577.2,6950742.0],[652575.1,6950535.8],[652616.0,6950309.8],[652508.1,6949354.8],[652554.1,6949296.8],[652814.1,6949200.8],[653146.1,6948981.8],[653191.1,6948904.8],[653315.1,6948422.8],[653133.1,6947997.8],[653082.8,6947799.1],[653088.1,6947700.8],[653176.1,6947424.8],[653168.1,6947317.8],[653069.1,6947143.8],[652836.1,6946994.8],[652790.1,6946908.8],[652796.2,6946862.4]]}},{"type":"Feature","properties":{"rodovia":"SC-350","kmInicial":412.956,"kmFinal":434.34,"situacao":"PAV","revestimento":"CA","nome":"ENTR. SC-284 (P/ CHAPADÃO DO LAGEADO) → ALFREDO WAGNER (ENTR. SC-408)"},"geometry":{"type":"LineString","coordinates":[[652796.5,6946861.5],[652856.1,6946756.8],[653265.1,6946313.8],[653396.1,6946131.8],[653421.1,6946047.8],[653416.1,6945712.8],[653590.1,6945361.8],[653820.1,6945160.8],[654078.1,6945010.8],[654069.1,6944885.8],[654021.6,6944823.3],[653690.1,6944809.8],[653361.1,6944919.8],[653272.1,6944901.8],[653194.1,6944825.8],[653180.1,6944694.8],[653472.1,6943985.8],[653440.1,6943863.8],[653261.1,6943688.8],[653161.1,6943382.8],[653163.1,6943257.8],[653258.1,6943002.8],[653604.1,6942703.8],[653768.1,6942457.8],[653795.1,6942333.8],[653780.1,6941926.8],[653823.1,6941826.8],[654452.1,6941205.8],[654469.1,6941068.8],[654271.1,6940664.8],[654260.1,6940544.8],[654324.1,6940385.8],[654655.1,6939960.8],[654956.1,6939848.8],[655024.1,6939849.8],[655100.1,6939889.8],[655354.6,6940144.3],[655431.1,6940146.8],[655588.1,6939837.3],[655989.1,6939632.8],[656231.1,6939259.8],[656525.1,6939075.8],[657133.1,6939152.8],[657474.1,6939256.8],[657543.1,6939243.8],[657744.0,6939130.8],[657897.0,6939002.8],[657988.0,6938968.8],[658338.0,6938708.8],[658466.0,6938465.8],[658740.0,6938240.8],[659188.0,6938272.8],[659395.0,6938033.8],[659506.0,6937838.8],[659576.0,6937791.8],[659665.0,6937788.8],[659852.0,6937870.8],[660059.0,6937827.8],[660125.0,6937724.8],[660111.0,6937499.8],[660144.0,6937424.8],[660272.0,6937322.8],[660450.0,6937253.8],[660581.0,6937093.8],[660770.0,6936968.8],[661018.0,6936864.8],[661264.0,6936899.8],[661420.0,6936874.8],[661731.4,6936646.8],[662206.0,6936428.8],[662489.0,6936423.8],[662629.0,6936473.8],[662812.4,6936433.9],[662867.0,6936390.8],[662969.0,6936156.8],[663175.0,6936027.8],[663252.0,6936024.8],[663458.5,6936116.3],[663552.0,6936086.8],[663600.0,6935991.8],[663597.0,6935810.8],[663693.0,6935706.8],[663997.0,6935632.8],[664179.3,6935638.7],[664243.0,6935614.8]]}},{"type":"Feature","properties":{"rodovia":"SC-355","kmInicial":0.0,"kmFinal":29.17,"situacao":"PAV","revestimento":"CA","nome":"LEBON RÉGIS (ENTR. SC-350) → FRAIBURGO (ENTR. SC-452)"},"geometry":{"type":"LineString","coordinates":[[531120.8,7021685.3],[531067.8,7021311.3],[531133.8,7021002.3],[531095.8,7020899.3],[530772.8,7020613.3],[529759.8,7020085.3],[529420.8,7019734.3],[529281.8,7019461.3],[528958.8,7019221.3],[528613.6,7018697.3],[528609.8,7018345.2],[528918.8,7017878.2],[528966.8,7017324.2],[528841.8,7016811.2],[528576.4,7016410.7],[528655.8,7015709.2],[528543.8,7015473.2],[528419.8,7015355.2],[527475.8,7014706.2],[527385.8,7014712.2],[527042.8,7014872.2],[526888.8,7014840.2],[526818.8,7014757.2],[526668.8,7014300.2],[526468.8,7014165.2],[526225.8,7013890.2],[525838.8,7013668.2],[524951.8,7013319.2],[524538.8,7013287.2],[524355.8,7013218.2],[523681.8,7012633.3],[522938.8,7012342.2],[522280.8,7011668.2],[521215.8,7011049.2],[521088.8,7011017.2],[520355.8,7010982.2],[520226.8,7010947.2],[519408.8,7010601.2],[518107.8,7009982.3],[518010.8,7009903.3],[517808.8,7009561.2],[517605.8,7009382.2],[516990.8,7009246.3],[515532.8,7009535.3],[513789.8,7008985.3],[512559.8,7009063.3],[511862.8,7008750.3],[511748.8,7008726.3],[510574.8,7008835.3],[509577.8,7008974.3]]}},{"type":"Feature","properties":{"rodovia":"SC-355","kmInicial":29.171,"kmFinal":52.404,"situacao":"PAV","revestimento":"CA","nome":"FRAIBURGO (ENTR. SC-452) → ENTR. SC-135 (P/ RIO DAS ANTAS)"},"geometry":{"type":"LineString","coordinates":[[509576.8,7008974.3],[509445.8,7008984.3],[509302.8,7009053.3],[509077.8,7009229.3],[508891.8,7009466.3],[508712.8,7009562.3],[508480.8,7009926.3],[507715.8,7010922.3],[507557.8,7011296.3],[507450.8,7011321.3],[507273.8,7011229.3],[507215.8,7011227.3],[506659.8,7011409.3],[505772.8,7011853.3],[504598.8,7012127.3],[504230.8,7012309.3],[504142.8,7012379.3],[503676.8,7013022.3],[503589.9,7013082.3],[503462.9,7013084.3],[502669.9,7012921.3],[501996.9,7012960.3],[501621.9,7013002.3],[500541.9,7013484.3],[500347.9,7013542.3],[499720.9,7013530.3],[499324.9,7013608.3],[498991.9,7013480.3],[498847.9,7013473.3],[497776.9,7013785.3],[497551.9,7013875.3],[497386.9,7014003.3],[497189.9,7014284.3],[497075.9,7014389.3],[496934.9,7014441.3],[496589.9,7014488.3],[496016.9,7014401.3],[495647.9,7014493.3],[495529.9,7014479.3],[495286.9,7014348.3],[495080.9,7014122.3],[494888.9,7014017.3],[494495.9,7013711.3],[494194.9,7013662.3],[493949.9,7013542.3],[493832.9,7013516.3],[493382.9,7013538.3],[493259.9,7013521.3],[492327.9,7013004.3],[491261.9,7013029.3],[490629.9,7013398.3],[490002.9,7013552.3],[489436.9,7013930.3],[489344.9,7013947.3]]}},{"type":"Feature","properties":{"rodovia":"SC-355","kmInicial":53.415,"kmFinal":57.183,"situacao":"PAV","revestimento":"CA","nome":"ENTR. SC-135 (P/ PINHEIRO PRETO) → VIDEIRA"},"geometry":{"type":"LineString","coordinates":[[488385.5,7013755.1],[488184.9,7013681.3],[487788.9,7013402.3],[487574.9,7013421.3],[487071.9,7013261.3],[486637.9,7013238.3],[486532.9,7013177.3],[486362.9,7012943.3],[486286.9,7012883.3],[485730.9,7012914.3],[485450.9,7012980.3],[485252.9,7012889.3],[484958.2,7012890.3]]}},{"type":"Feature","properties":{"rodovia":"SC-355","kmInicial":57.184,"kmFinal":66.24,"situacao":"PAV","revestimento":"CA","nome":"VIDEIRA → JURISDIÇÃO SIE FINAL (IOMERÊ)"},"geometry":{"type":"LineString","coordinates":[[484958.0,7012891.2],[484935.9,7012957.8],[484715.9,7012886.3],[484445.9,7013433.3],[484328.9,7013349.3],[484199.9,7013478.3],[483738.9,7013796.3],[483662.9,7013982.3],[483694.9,7014132.3],[483608.9,7014244.3],[483425.9,7014363.3],[483245.9,7014403.3],[482890.9,7014624.3],[482704.9,7014654.3],[482159.9,7014511.3],[481988.9,7014511.3],[481843.9,7014436.3],[481719.9,7014295.3],[481389.9,7014286.3],[481049.9,7014099.3],[480895.9,7014061.3],[479692.9,7014351.3],[479549.9,7014337.3],[478911.9,7014139.3],[478141.9,7014297.3],[478041.9,7014257.3],[477854.9,7014067.3],[477763.9,7013821.3],[477571.0,7013728.9]]}},{"type":"Feature","properties":{"rodovia":"SC-355","kmInicial":68.885,"kmFinal":68.899,"situacao":"PAV","revestimento":"CA","nome":"JURISDIÇÃO SIE INICIAL (IOMERÊ) → ENTR. SC-464 (P/ ARROIO TRINTA)"},"geometry":{"type":"LineString","coordinates":[[475421.7,7013817.8],[475407.9,7013817.3]]}},{"type":"Feature","properties":{"rodovia":"SC-355","kmInicial":68.899,"kmFinal":70.189,"situacao":"PAV","revestimento":"CA","nome":"ENTR. SC-464 (P/ ARROIO TRINTA) → KM 70,2"},"geometry":{"type":"LineString","coordinates":[[475407.9,7013817.3],[475164.9,7013805.3],[474734.9,7014051.3],[474371.9,7014139.3],[474323.9,7014186.3],[474294.6,7014298.5]]}},{"type":"Feature","properties":{"rodovia":"SC-355","kmInicial":70.19,"kmFinal":89.121,"situacao":"PAV","revestimento":"CA","nome":"KM 70,2 → TREZE TÍLIAS (ENTR. SC-465 P/ IBICARÉ)"},"geometry":{"type":"LineString","coordinates":[[474294.4,7014299.5],[474291.9,7014453.3],[474363.9,7014728.3],[474337.9,7014786.3],[474195.9,7014865.3],[473924.9,7014857.3],[473696.9,7014895.3],[473616.9,7014938.3],[473509.9,7015055.3],[473384.9,7015097.3],[472701.9,7015244.3],[472282.9,7015265.3],[472208.9,7015311.3],[472090.9,7015542.3],[471792.9,7015652.3],[471652.9,7015647.3],[471535.0,7015567.4],[471371.9,7015518.3],[471310.9,7015464.3],[471263.9,7015337.3],[471172.9,7015295.3],[470912.9,7015329.3],[470726.9,7015469.3],[470616.9,7015510.3],[470527.9,7015500.3],[470407.9,7015435.3],[470284.9,7015431.3],[470146.9,7015516.3],[469845.9,7016010.3],[469345.9,7016081.3],[468937.9,7016179.3],[468855.9,7016136.3],[468801.9,7015799.4],[468390.9,7015539.3],[468257.9,7015374.3],[467840.9,7015256.3],[467483.9,7015100.3],[467345.9,7014957.3],[467256.9,7014755.3],[467195.0,7014694.3],[466866.0,7014743.3],[466769.0,7014576.3],[466422.9,7014362.3],[466124.9,7014118.3],[465854.9,7014157.3],[465623.9,7014250.3],[465497.9,7014369.3],[465363.9,7014626.3],[464953.9,7014821.3],[464692.9,7014810.3],[464505.9,7014692.3],[464285.9,7014680.3],[464204.9,7014599.3],[464173.9,7014700.3],[464040.9,7014789.3],[463891.9,7014839.3],[463727.0,7014837.5],[463260.9,7014658.3],[463081.9,7014543.3],[462979.9,7014446.3],[462874.9,7014257.3],[462564.0,7013862.3],[462429.9,7013796.3],[462033.0,7013819.3],[461965.0,7013862.3],[461887.0,7013983.3],[461728.0,7014081.3],[461176.6,7014220.3],[460533.0,7014273.4],[460386.0,7014391.4],[460354.0,7014390.4],[460340.0,7014303.4],[460442.0,7013994.4],[460401.9,7013840.3],[460248.0,7013770.4],[460000.0,7013841.3],[459792.6,7013718.2],[459652.0,7013672.4],[459621.1,7013578.3]]}},{"type":"Feature","properties":{"rodovia":"SC-355","kmInicial":89.122,"kmFinal":89.937,"situacao":"PAV","revestimento":"CA","nome":"TREZE TÍLIAS (ENTR. SC-465 P/ IBICARÉ) → TREZE TÍLIAS (ENTR. SC-465 P/ SALTO VELOSO)"},"geometry":{"type":"LineString","coordinates":[[459620.2,7013578.5],[459558.0,7013593.4],[459156.0,7013942.4],[458947.2,7014000.3]]}},{"type":"Feature","properties":{"rodovia":"SC-355","kmInicial":89.938,"kmFinal":109.959,"situacao":"PAV","revestimento":"CA","nome":"TREZE TÍLIAS (ENTR. SC-465 P/ SALTO VELOSO) → JURISDIÇÃO SIE FINAL (ÁGUA DOCE) = ENTR. SC-150"},"geometry":{"type":"LineString","coordinates":[[458946.6,7013999.7],[458870.0,7013807.4],[458736.0,7013655.4],[458712.0,7013491.4],[458517.0,7013523.4],[458377.0,7013501.4],[457760.0,7013639.4],[457428.9,7013777.4],[457252.0,7013939.4],[456995.0,7014075.4],[456904.0,7014096.4],[456664.0,7014081.4],[456199.0,7014302.4],[455979.0,7014273.4],[455488.0,7014323.4],[455248.0,7014277.4],[455118.0,7014287.4],[455036.0,7014376.4],[455052.0,7014624.4],[454991.0,7014769.4],[454870.0,7014849.4],[454569.0,7014886.4],[454337.0,7014991.4],[454278.0,7015103.4],[454302.0,7015308.4],[454263.0,7015431.4],[454205.0,7015500.4],[453962.0,7015659.4],[453821.0,7015844.4],[453783.0,7016021.4],[453820.0,7016119.4],[453960.0,7016297.4],[453965.0,7016367.4],[453928.3,7016454.9],[453609.0,7016667.4],[453419.0,7016965.4],[453290.0,7017084.4],[453169.0,7017293.4],[452837.7,7017433.7],[452651.0,7017649.4],[452509.0,7017693.4],[452379.0,7017664.4],[452124.0,7017673.4],[451961.0,7017587.4],[451758.6,7017534.5],[451659.9,7017469.4],[451598.0,7017387.4],[451516.0,7017176.4],[451270.0,7016899.4],[451110.0,7016500.4],[450847.0,7016248.4],[450788.0,7016220.4],[450728.0,7016231.4],[450577.6,7016369.6],[450470.0,7016373.4],[450031.0,7016122.4],[449862.0,7016076.4],[449814.0,7016016.4],[449786.0,7015889.4],[449715.0,7015823.4],[449295.0,7015723.4],[449151.0,7015728.4],[448983.0,7015676.4],[448786.0,7015669.4],[448699.0,7015611.4],[448613.0,7015473.4],[448482.0,7015443.4],[448317.0,7015333.4],[447901.0,7015355.4],[447557.1,7015565.4],[447424.0,7015584.4],[447321.0,7015537.4],[447264.0,7015450.4],[447296.0,7015177.4],[447264.5,7015014.9],[447002.0,7015106.4],[446897.0,7015071.4],[446812.0,7014991.4],[446777.0,7014900.4],[446715.0,7014352.4],[446619.1,7014189.4],[446274.1,7013966.4],[445952.1,7013914.4],[445732.1,7013839.4],[445626.1,7013759.4],[445568.1,7013639.4],[445365.1,7013692.4],[445205.1,7013631.4],[445115.1,7013534.4],[445041.1,7013585.4],[445086.6,7013663.9],[445011.1,7013715.4],[444845.4,7013752.8]]}},{"type":"Feature","properties":{"rodovia":"SC-355","kmInicial":113.112,"kmFinal":127.478,"situacao":"PAV","revestimento":"CA","nome":"ENTR. SC-150 (P/ LUZERNA) → CATANDUVAS (ENTR. BR-282)"},"geometry":{"type":"LineString","coordinates":[[444704.6,7010689.8],[444632.1,7010680.3],[444544.1,7010624.3],[444380.1,7010380.3],[444174.1,7010246.3],[444106.1,7010150.3],[444053.1,7009935.3],[443967.1,7009771.3],[443967.1,7009588.3],[443915.1,7009351.3],[443931.1,7009192.3],[443861.1,7009092.3],[443828.1,7008903.3],[443713.1,7008797.3],[443616.1,7008627.3],[443378.1,7008450.3],[443291.1,7008416.3],[443052.1,7008490.3],[442926.1,7008433.3],[442640.1,7008453.3],[442561.1,7008348.3],[442407.1,7008224.3],[442353.1,7008096.3],[442258.1,7007978.3],[442195.1,7007806.3],[442131.1,7007746.3],[441664.1,7007674.3],[441364.1,7007797.3],[440505.1,7007927.3],[440381.1,7008003.3],[440066.1,7008339.3],[439742.2,7008518.3],[439697.2,7008706.3],[439631.2,7008769.3],[439557.2,7008779.3],[439209.2,7008688.3],[438976.2,7008821.3],[438636.2,7008871.3],[438527.2,7008780.2],[438316.2,7008693.2],[438042.2,7008373.2],[437661.2,7008173.2],[437443.2,7007950.2],[437152.2,7007740.2],[436939.2,7007471.2],[436434.2,7007025.2],[436056.2,7006465.2],[435781.2,7006418.2],[435601.2,7006304.2],[435425.2,7006064.2],[435331.2,7005832.2],[434395.2,7006092.2],[434341.2,7006059.2],[434257.1,7005921.4]]}},{"type":"Feature","properties":{"rodovia":"SC-355","kmInicial":131.329,"kmFinal":145.88,"situacao":"PAV","revestimento":"CA","nome":"ENTR. BR-282 (P/ JOAÇABA) → ENTR. CONTORNO RODOVIÁRIO DE JABORÁ (P/ JABORÁ)"},"geometry":{"type":"LineString","coordinates":[[435295.4,7002633.4],[434925.2,7002457.2],[434845.2,7002369.2],[434682.2,7002079.1],[434495.2,7001915.1],[433221.2,7001377.1],[433068.2,7001286.1],[432870.2,7001046.1],[432681.2,7000483.1],[432594.2,7000357.1],[432439.2,7000274.1],[432139.3,7000265.1],[431991.3,7000216.1],[431300.3,6999662.1],[431164.3,6999581.1],[430978.3,6999528.1],[430810.3,6999523.1],[429806.3,6999702.1],[428859.3,6999479.1],[428703.3,6999495.1],[428389.3,6999646.1],[428258.3,6999669.1],[428090.3,6999637.1],[427938.3,6999534.1],[427856.3,6999410.1],[427825.3,6999303.1],[427852.3,6998798.1],[427816.3,6998644.1],[427707.3,6998539.1],[427398.3,6998437.1],[427335.3,6998347.1],[427323.3,6998246.1],[427345.3,6998167.1],[427525.3,6997885.1],[427553.3,6997776.1],[427556.3,6997668.1],[427469.3,6997232.1],[427603.3,6996642.1],[427674.3,6996521.1],[428141.3,6996020.1],[428196.3,6995905.1],[428199.3,6995775.0],[428122.3,6995595.0],[427296.6,6994776.4]]}},{"type":"Feature","properties":{"rodovia":"SC-355","kmInicial":145.881,"kmFinal":146.496,"situacao":"PAV","revestimento":"CA","nome":"ENTR. CONTORNO RODOVIÁRIO DE JABORÁ (P/ JABORÁ) → ENTR. ACESSO A JABORÁ (JABORÁ)"},"geometry":{"type":"LineString","coordinates":[[427295.9,6994775.7],[427016.3,6994481.0],[426927.5,6994294.0]]}},{"type":"Feature","properties":{"rodovia":"SC-355","kmInicial":146.497,"kmFinal":147.649,"situacao":"PAV","revestimento":"CA","nome":"ENTR. ACESSO A JABORÁ (JABORÁ) → ENTR. CONTORNO RODOVIÁRIO DE JABORÁ (P/ DIST. PLANALTO)"},"geometry":{"type":"LineString","coordinates":[[426927.3,6994293.0],[426581.3,6994336.0],[426474.3,6994312.0],[425998.3,6994497.0],[425825.2,6994525.0]]}},{"type":"Feature","properties":{"rodovia":"SC-355","kmInicial":147.65,"kmFinal":155.237,"situacao":"PAV","revestimento":"CA","nome":"ENTR. CONTORNO RODOVIÁRIO DE JABORÁ (P/ DIST. PLANALTO) → ENTR. SC-468 (P/ PRESIDENTE CASTELO BRANCO)"},"geometry":{"type":"LineString","coordinates":[[425824.2,6994525.0],[425361.4,6994522.0],[425028.4,6994584.0],[424934.4,6994538.0],[424874.4,6994465.0],[424804.4,6994268.0],[424672.4,6994240.0],[424512.4,6994315.0],[424420.4,6994483.0],[424006.4,6994573.0],[423777.4,6994669.0],[423737.4,6994748.1],[423777.4,6994927.0],[423696.4,6994970.0],[423320.4,6994851.0],[423094.4,6994860.0],[422929.4,6994757.0],[422591.4,6994811.0],[422384.4,6994595.0],[422174.4,6994603.0],[421990.4,6994499.0],[421903.4,6994539.0],[421807.4,6994733.0],[421737.4,6994759.0],[421679.4,6994722.0],[421587.5,6994534.0],[421229.4,6994397.0],[421163.4,6994417.0],[421110.4,6994558.0],[420897.4,6994521.0],[420776.4,6994457.0],[420692.5,6994256.0],[420561.4,6994179.0],[420486.4,6994232.0],[420509.4,6994435.0],[420431.4,6994574.0],[420379.4,6994762.0],[420339.4,6994820.0],[420231.5,6994880.0]]}},{"type":"Feature","properties":{"rodovia":"SC-355","kmInicial":155.238,"kmFinal":158.962,"situacao":"PAV","revestimento":"CA","nome":"ENTR. SC-468 (P/ PRESIDENTE CASTELO BRANCO) → DIVISA DE MUNICÍPIOS DE JABORÁ/CONCÓRDIA"},"geometry":{"type":"LineString","coordinates":[[420230.7,6994880.1],[419717.5,6994995.0],[419420.5,6995181.0],[419309.5,6995290.0],[419214.5,6995465.0],[419236.4,6995702.1],[419120.5,6995908.0],[419074.5,6996166.0],[418999.5,6996336.0],[418664.5,6996654.0],[418605.5,6996682.0],[418556.9,6996658.7]]}},{"type":"Feature","properties":{"rodovia":"SC-355","kmInicial":158.963,"kmFinal":169.16,"situacao":"PAV","revestimento":"CA","nome":"DIVISA DE MUNICÍPIOS DE JABORÁ/CONCÓRDIA → ENTR. BR-153 (P/ IRANI)"},"geometry":{"type":"LineString","coordinates":[[418556.3,6996658.4],[418189.5,6996422.0],[416454.5,6996364.0],[416017.5,6996151.0],[415463.5,6996200.0],[414958.5,6995775.0],[413911.5,6995415.0],[413650.5,6995394.0],[413223.5,6995014.0],[413103.5,6994953.0],[412933.5,6994942.0],[412703.6,6994859.0],[412558.6,6994694.0],[412490.6,6994681.0],[412245.6,6994743.0],[411976.6,6994637.0],[411777.6,6994473.0],[411644.6,6994299.0],[411615.6,6993757.9],[411560.6,6993595.9],[411480.6,6993523.9],[411188.6,6993436.9],[410876.6,6993466.9],[410641.6,6993440.9],[410448.6,6993313.0],[410361.6,6993322.9],[410216.6,6993408.9],[410104.6,6993418.9],[409876.6,6993336.9],[409709.6,6993175.9],[409547.6,6993133.9],[409401.6,6993125.9],[409055.6,6993180.9]]}},{"type":"Feature","properties":{"rodovia":"SC-370","kmInicial":0.0,"kmFinal":26.326,"situacao":"PAV","revestimento":"CA","nome":"PAINEL (ENTR. SC-114) → URUPEMA (ENTR. SC-112)"},"geometry":{"type":"LineString","coordinates":[[588223.4,6910781.3],[588616.9,6910797.5],[588733.9,6910762.5],[589067.9,6910567.5],[589677.9,6910528.5],[589794.9,6910578.5],[590000.9,6910759.5],[590343.8,6910804.5],[590628.8,6911012.5],[590834.8,6911054.5],[591091.8,6910962.5],[591492.8,6910907.5],[591710.8,6910722.5],[591818.8,6910672.5],[591894.8,6910671.5],[592143.8,6910722.5],[592332.8,6910806.5],[592554.8,6910817.5],[592744.1,6910862.7],[593218.8,6910854.5],[593419.8,6910946.5],[593718.8,6911287.5],[593843.8,6911370.5],[594016.8,6911399.5],[594445.8,6911325.5],[594754.8,6911491.5],[594839.8,6911503.5],[594920.8,6911473.5],[595110.8,6911278.5],[595373.8,6911205.5],[595472.8,6911150.5],[595722.8,6910892.5],[596036.8,6910800.5],[596277.8,6910614.5],[596466.8,6910556.5],[596633.8,6910462.5],[596963.8,6910379.5],[597223.8,6910402.5],[597581.7,6910486.5],[597764.7,6910432.5],[597900.7,6910462.5],[597964.7,6910525.5],[598040.7,6910718.5],[598197.7,6910900.5],[598309.8,6911191.6],[598353.7,6911243.5],[598465.7,6911313.5],[598634.7,6911329.5],[598836.7,6911235.5],[599013.7,6911201.5],[599397.7,6911028.5],[599692.7,6911030.5],[599780.7,6911005.5],[600335.7,6910579.5],[600678.7,6910363.5],[600916.7,6910055.5],[601210.7,6909987.5],[601494.7,6909727.5],[601636.7,6909651.5],[601838.7,6909636.5],[602254.7,6909752.5],[602472.7,6909734.5],[602638.7,6909764.5],[602896.7,6909678.5],[603181.7,6909685.5],[603348.7,6909629.5],[603574.7,6909403.5],[603784.7,6909268.5],[603951.7,6909023.5],[604119.6,6908895.5],[604187.6,6908659.5],[604330.6,6908504.5],[604421.6,6908219.5],[604596.6,6907953.5],[604651.6,6907663.5],[605065.6,6907381.5],[605249.6,6907395.5],[605421.6,6907336.5],[605583.6,6907346.5],[605778.6,6907310.5],[606019.7,6907379.5],[606256.6,6907318.5],[606441.6,6907311.5],[606759.6,6907142.5],[607194.6,6906966.5],[607542.6,6906861.5],[608051.6,6906864.5],[608396.6,6907079.5],[608524.6,6907119.5],[608649.6,6907100.5],[608960.6,6906957.5],[609379.6,6906999.5],[609977.6,6906840.5],[610161.6,6906854.5],[610522.5,6907027.5],[610786.7,6907070.6]]}},{"type":"Feature","properties":{"rodovia":"SC-370","kmInicial":45.418,"kmFinal":75.75,"situacao":"EOP","revestimento":"","nome":"RIO RUFINO (ENTR. SC-112) → URUBICI (ENTR. SC-110)"},"geometry":{"type":"LineString","coordinates":[[620008.9,6917605.7],[620146.5,6917726.4],[620202.5,6917834.4],[620261.5,6917857.4],[620451.5,6917711.4],[620646.5,6917631.4],[620797.5,6917386.4],[620909.5,6917368.4],[621034.5,6917415.4],[621086.5,6917401.4],[621465.5,6916911.4],[621660.4,6916763.4],[621833.4,6916714.4],[621885.4,6916331.4],[621957.4,6916154.4],[622075.4,6916044.4],[622402.4,6915113.4],[622437.4,6914899.4],[622512.4,6914739.4],[622586.4,6914635.4],[622695.4,6914636.4],[622812.4,6914516.4],[622968.4,6914473.4],[623168.4,6914247.4],[623227.4,6914120.4],[623125.4,6913863.4],[623086.4,6913583.4],[623026.4,6913447.4],[623028.4,6913390.4],[623163.4,6913291.4],[623351.4,6913008.4],[623453.4,6912940.4],[623666.4,6912637.4],[623791.4,6912612.4],[623924.4,6912520.4],[624040.4,6912539.4],[624404.4,6912410.4],[624634.4,6912374.4],[624833.4,6912394.4],[625058.4,6912307.4],[625205.3,6912291.1],[625296.4,6912235.4],[625356.4,6912095.4],[625527.4,6912107.4],[625625.4,6912176.4],[625751.4,6912092.4],[625887.4,6912106.4],[625966.4,6912070.4],[626096.4,6911858.4],[626980.3,6911402.4],[627201.3,6911138.4],[627289.3,6910857.4],[627268.3,6910724.4],[627219.3,6910662.4],[627117.9,6910605.5],[627096.3,6910418.4],[626938.3,6909860.4],[626939.3,6909604.4],[627023.3,6909392.4],[627155.3,6909252.4],[627271.3,6909233.4],[627695.3,6908919.4],[627961.3,6908829.4],[628157.3,6908578.5],[628367.3,6908565.5],[628619.3,6908613.4],[628807.3,6908563.4],[628880.8,6908300.0],[628849.3,6908197.5],[628884.3,6908167.5],[628982.3,6908197.4],[629111.3,6908092.5],[629121.3,6907889.5],[629251.3,6907835.5],[629292.3,6907757.5],[629293.3,6907570.5],[629351.3,6907485.5],[629371.3,6907336.5],[629444.3,6907163.5],[629576.3,6906963.5],[629750.3,6906792.5],[630044.2,6906631.5],[630116.3,6906646.5],[630175.8,6906725.0],[630386.3,6906720.5],[630635.3,6906679.5],[630764.3,6906618.5],[630978.3,6906588.5],[631236.3,6906487.5],[631440.2,6906441.5],[631553.3,6906479.5],[631739.2,6906485.5],[631953.2,6906558.5],[632156.2,6906530.5],[632430.2,6906581.5],[632764.2,6906705.4],[632867.2,6906777.4],[632922.3,6906887.5],[633022.2,6906964.4],[633046.2,6906956.4],[633121.2,6906757.5],[633147.2,6906546.4],[633322.2,6905862.5],[633343.2,6905562.5],[633441.2,6905394.5],[633579.2,6905260.5],[633793.2,6905212.5],[633892.2,6905282.5],[633979.2,6905431.9],[634012.2,6905435.4],[634358.2,6905360.4],[634779.2,6905224.4],[634957.2,6905294.4],[635663.2,6905258.4],[635779.2,6905312.4],[636104.2,6905248.4],[636284.2,6905132.4],[637114.1,6904807.4],[637446.1,6904561.4],[638169.1,6904251.4],[638323.1,6904021.4],[638357.1,6903741.4],[638425.1,6903527.4],[638574.1,6903339.4],[639346.1,6903052.6]]}},{"type":"Feature","properties":{"rodovia":"SC-370","kmInicial":75.751,"kmFinal":96.55,"situacao":"PAV","revestimento":"CA","nome":"URUBICI (ENTR. SC-110) → KM 96,6 (INÍCIO DA SERRA DO CORVO BRANCO)"},"geometry":{"type":"LineString","coordinates":[[639347.1,6903052.3],[641371.8,6902403.5],[641638.0,6902366.3],[642718.0,6901884.8],[642802.9,6901808.2],[642939.1,6901582.2],[643056.6,6901538.7],[643232.4,6901553.4],[643462.4,6901442.9],[643684.1,6901188.7],[643857.0,6901086.5],[643929.8,6900863.8],[644107.3,6900753.7],[644342.2,6900527.1],[644436.4,6900257.7],[644587.2,6900049.5],[644662.2,6899990.5],[644768.7,6899973.8],[645140.4,6900062.7],[645719.5,6899804.7],[646157.4,6899741.0],[646504.0,6899849.9],[646771.9,6899812.8],[646996.0,6899731.0],[647343.2,6899516.4],[647419.7,6899438.5],[647722.4,6899009.9],[647953.9,6898533.4],[648029.1,6898317.1],[648249.4,6898062.3],[648336.1,6897899.4],[648640.6,6897644.5],[648766.6,6897455.7],[649124.3,6897248.9],[649661.2,6897141.9],[650143.1,6897401.9],[650313.5,6897389.1],[650807.3,6897100.1],[651036.9,6897004.6],[651236.1,6896784.3],[651315.3,6896541.7],[651485.6,6896410.1],[651780.2,6896372.5],[652258.3,6896403.2],[652930.3,6896316.5],[653263.3,6896120.4],[653577.7,6896120.5],[653798.3,6895957.4],[654013.4,6895916.3],[654123.1,6895851.4],[654305.2,6895653.4],[654396.6,6895362.1],[654456.3,6895308.2],[654545.2,6895282.0],[654659.0,6895316.2],[654774.3,6895412.1],[654824.0,6895662.0],[655021.0,6895886.1],[655095.3,6896204.4],[655178.6,6896345.6],[655263.3,6896415.9],[655787.7,6896698.2]]}},{"type":"Feature","properties":{"rodovia":"SC-370","kmInicial":96.551,"kmFinal":102.241,"situacao":"EOP","revestimento":"","nome":"INÍCIO DA SERRA DO CORVO BRANCO → DIVISA DE MUNICÍPIOS DE URUBICI/GRÃO PARÁ"},"geometry":{"type":"LineString","coordinates":[[655788.8,6896699.7],[655890.7,6896801.2],[656030.7,6896849.2],[656127.7,6896920.2],[656288.7,6896956.2],[656556.7,6897079.2],[656927.7,6897132.2],[657800.7,6896573.2],[658020.7,6896583.2],[658805.7,6896436.2],[659136.7,6896151.2],[659328.7,6895957.2],[659442.7,6895787.2],[659626.2,6895661.7],[659631.7,6895622.7],[659708.7,6895686.2],[659766.7,6895690.2],[659828.8,6895652.1],[660043.2,6895643.2],[659918.0,6895572.5],[660028.7,6895567.2],[660213.7,6895603.2],[660333.7,6895687.2],[660357.7,6895675.3]]}},{"type":"Feature","properties":{"rodovia":"SC-370","kmInicial":102.242,"kmFinal":105.795,"situacao":"EOP","revestimento":"","nome":"DIVISA DE MUNICÍPIOS DE URUBICI/GRÃO PARÁ → KM 105,8 (FINAL DA SERRA DO CORVO BRANCO)"},"geometry":{"type":"LineString","coordinates":[[660358.5,6895674.6],[660498.7,6895521.2],[660496.6,6895481.2],[660526.1,6895496.7],[660517.2,6895463.8],[660561.6,6895497.2],[660543.6,6895446.2],[660626.6,6895423.2],[660659.6,6895342.2],[660646.6,6895287.8],[660775.8,6895316.3],[660694.7,6895171.2],[660792.6,6895150.2],[660773.6,6895014.1],[660811.6,6894995.1],[660912.6,6895055.1],[661022.6,6895192.1],[661140.6,6895186.1],[661161.6,6895254.1],[661186.6,6895260.1],[661258.7,6895227.2],[661308.6,6895356.1],[661477.7,6895440.1],[661529.9,6895392.1],[661524.6,6895269.1],[661614.8,6895268.3],[661624.6,6895218.1],[661821.6,6895122.1],[662032.6,6895244.1],[662189.6,6895251.1],[662431.3,6895203.0]]}},{"type":"Feature","properties":{"rodovia":"SC-370","kmInicial":105.796,"kmFinal":130.71,"situacao":"PAV","revestimento":"CA","nome":"FINAL DA SERRA DO CORVO BRANCO → GRÃO PARÁ"},"geometry":{"type":"LineString","coordinates":[[662432.1,6895202.5],[662694.6,6894853.1],[662857.6,6894836.1],[663069.6,6894719.1],[663202.6,6894476.1],[663312.6,6894346.1],[663417.6,6894271.1],[663581.6,6894055.1],[663772.6,6893978.1],[663863.6,6893874.1],[664158.6,6893702.1],[664317.6,6893487.1],[664454.6,6893448.1],[664537.6,6893488.1],[664624.6,6893470.1],[664860.6,6893523.1],[664886.6,6893382.1],[665049.6,6893270.1],[665290.6,6893227.1],[665373.6,6893179.1],[665416.5,6893016.1],[665718.5,6892721.1],[665806.5,6892470.1],[665853.5,6892409.1],[665876.0,6892273.1],[665842.5,6892174.1],[665908.5,6892004.1],[665907.5,6891862.1],[666114.5,6891436.1],[666030.5,6891341.1],[666009.5,6891276.1],[665989.5,6891152.1],[666005.5,6890900.1],[666134.5,6890753.1],[666953.5,6890490.1],[666964.5,6890306.1],[666928.5,6890203.1],[667136.0,6890069.1],[667115.5,6890035.1],[666967.5,6890010.1],[666857.5,6889891.1],[666885.5,6889832.1],[667026.5,6889734.1],[667290.5,6889610.1],[667419.5,6889510.1],[667642.5,6889512.1],[667741.5,6889471.1],[667875.5,6889276.1],[668015.5,6889223.1],[668114.5,6889244.1],[668483.5,6889174.1],[668629.5,6889183.1],[668961.5,6889316.1],[669129.5,6889339.1],[669444.5,6889255.1],[669628.5,6889279.1],[670033.5,6889036.1],[670193.5,6888683.1],[670429.5,6888574.1],[670511.4,6888501.1],[670860.4,6887824.1],[670959.4,6887764.1],[671127.4,6887594.1],[671097.4,6887478.1],[671184.9,6887443.6],[671187.4,6887304.1],[671290.4,6887253.1],[671393.4,6887094.1],[671508.4,6886823.1],[671553.4,6886657.1],[671524.4,6886473.1],[671628.4,6886344.1],[671738.4,6886293.1],[671672.4,6886144.1],[671713.4,6885767.1],[671703.4,6885421.1],[671627.4,6885205.1],[671474.4,6884977.1],[671915.5,6884356.3],[672128.4,6884184.1],[672258.4,6884160.1],[672460.4,6883965.1],[672627.9,6883896.6],[672893.4,6884164.1],[673342.4,6884172.1],[673708.4,6883977.1],[674142.4,6883871.1],[674380.4,6883540.1],[674615.4,6883475.1],[674805.0,6883366.5],[675046.4,6883316.1],[675138.3,6883168.1],[675158.3,6883031.1],[675241.3,6882905.1],[675243.3,6882749.1],[675316.8,6882714.6],[675608.3,6882054.1],[675585.3,6881618.0],[675688.3,6881328.0],[675535.3,6880951.1],[675529.3,6880839.1],[675421.2,6880838.6]]}},{"type":"Feature","properties":{"rodovia":"SC-370","kmInicial":130.711,"kmFinal":143.609,"situacao":"PAV","revestimento":"CA","nome":"GRÃO PARÁ → BRAÇO DO NORTE (ENTR. SC-108)"},"geometry":{"type":"LineString","coordinates":[[675421.1,6880837.6],[675417.3,6880559.0],[675287.3,6880262.1],[675326.3,6880175.0],[675449.3,6880066.0],[675556.3,6879733.0],[675764.3,6879499.0],[676121.3,6879241.0],[676487.3,6879124.0],[676842.3,6878945.0],[676890.3,6878878.0],[676949.3,6878601.0],[677099.3,6878439.0],[677107.3,6878338.0],[676979.3,6877782.0],[676976.3,6877449.0],[676925.3,6877370.0],[676746.3,6877255.0],[676718.3,6877189.0],[676746.3,6876818.0],[676696.3,6876337.0],[676893.3,6875810.0],[677841.2,6874577.0],[678021.2,6874213.0],[678462.2,6873467.0],[678499.2,6872919.0],[678575.2,6872611.0],[678314.2,6872157.0],[678369.2,6872016.0],[678398.2,6871733.0],[678848.2,6870823.0],[678984.2,6870643.0],[679096.2,6870650.0],[679624.8,6871105.4]]}},{"type":"Feature","properties":{"rodovia":"SC-370","kmInicial":145.26,"kmFinal":160.585,"situacao":"PAV","revestimento":"CA","nome":"ENTR. SC-108 (P/ SÃO LUDGERO) → GRAVATAL (ENTR. SC-435)"},"geometry":{"type":"LineString","coordinates":[[680706.1,6869891.1],[681990.2,6870458.0],[683130.2,6870749.0],[683273.2,6870751.0],[683457.2,6870703.0],[683657.9,6870560.7],[684042.2,6870065.0],[684114.2,6869877.0],[684163.2,6869496.0],[684262.2,6869367.0],[684885.9,6868846.4],[685175.2,6868682.0],[685481.2,6868338.0],[685687.2,6868205.9],[686106.2,6868044.9],[686409.2,6867836.9],[686569.1,6867243.9],[686838.1,6866820.9],[688115.1,6865416.9],[688408.1,6865290.9],[689771.1,6864923.9],[691718.1,6864888.9],[692305.1,6864815.9],[692678.1,6864727.9],[692774.1,6864680.9],[692839.1,6864585.9],[692834.1,6864439.9]]}},{"type":"Feature","properties":{"rodovia":"SC-370","kmInicial":160.586,"kmFinal":173.306,"situacao":"PAV","revestimento":"CA","nome":"GRAVATAL (ENTR. SC-435) → ENTR. CONTORNO RODOVIÁRIO DE TUBARÃO"},"geometry":{"type":"LineString","coordinates":[[692833.7,6864438.9],[692783.1,6864059.9],[693029.1,6863111.9],[693296.1,6862569.9],[693394.1,6862124.9],[693395.1,6861900.9],[693343.1,6861557.9],[693346.1,6861078.8],[693358.1,6860632.8],[693429.1,6860056.8],[693522.1,6859876.8],[694232.1,6859104.8],[694496.1,6858650.8],[694746.1,6858346.8],[694797.1,6858140.7],[694817.1,6857553.8],[694657.1,6856931.8],[694686.1,6856789.8],[694911.1,6856228.8],[694941.1,6855651.8],[694833.1,6854839.8],[694472.1,6853745.8],[694372.1,6853606.8],[693775.1,6852999.8],[693608.2,6852737.2]]}},{"type":"Feature","properties":{"rodovia":"SC-370","kmInicial":173.306,"kmFinal":177.32,"situacao":"PAV","revestimento":"CA","nome":"ENTR. CONTORNO RODOVIÁRIO DE TUBARÃO → TUBARÃO (ENTR. BR-101)"},"geometry":{"type":"LineString","coordinates":[[693608.2,6852737.2],[693131.1,6850800.8],[693129.0,6850635.8],[693185.0,6850514.8],[694266.2,6849205.9]]}},{"type":"Feature","properties":{"rodovia":"SC-386","kmInicial":0.0,"kmFinal":21.581,"situacao":"PAV","revestimento":"CA","nome":"ENTR. SC-163/BR-163 (P/ ITAPIRANGA) → MONDAÍ (ENTR. SC-283)"},"geometry":{"type":"LineString","coordinates":[[248610.0,7010010.7],[248695.5,7009944.3],[248821.5,7009773.3],[249421.5,7009224.3],[249551.5,7009169.3],[249781.5,7009136.3],[250249.5,7008889.3],[250514.5,7008514.3],[250667.5,7008386.3],[250996.5,7008219.3],[251064.5,7008144.3],[251166.5,7007938.3],[251445.5,7007661.3],[251593.5,7007629.3],[251829.5,7007690.3],[251934.5,7007679.3],[252033.5,7007611.3],[252123.5,7007474.3],[252390.5,7007349.3],[252672.5,7007372.3],[252942.5,7007451.3],[253222.5,7007359.3],[253327.5,7007289.3],[253391.5,7007170.3],[253460.5,7006536.3],[253535.5,7006250.3],[253633.5,7006111.3],[253784.5,7005995.3],[254000.5,7005683.3],[254002.5,7005544.3],[253896.5,7005028.3],[253921.5,7004735.3],[253992.5,7004615.3],[254031.5,7004451.3],[254091.5,7004394.3],[254352.5,7004313.3],[254426.5,7004319.3],[254525.5,7004396.3],[254627.5,7004366.3],[254654.5,7004300.3],[254580.5,7004101.3],[254674.5,7003884.3],[254896.5,7003851.3],[254991.5,7003916.3],[255053.5,7003924.3],[255203.5,7003882.3],[255277.5,7003794.3],[255345.5,7003773.3],[255486.5,7003932.3],[255547.5,7003965.3],[255765.5,7003933.3],[255837.5,7003817.3],[255891.5,7003784.3],[256103.5,7003879.3],[256171.5,7003883.3],[256668.4,7003512.3],[256781.4,7003480.3],[257073.4,7003471.3],[257508.4,7003513.3],[257825.4,7003661.3],[257929.4,7003771.3],[258050.4,7004065.4],[258177.4,7004138.4],[258607.4,7004053.4],[258962.4,7003926.4],[259077.4,7003810.4],[259135.4,7003592.4],[259194.4,7003491.4],[259200.4,7003422.4],[259137.4,7003271.4],[259173.4,7003187.4],[259518.4,7003040.4],[259734.4,7003057.4],[259959.4,7003003.4],[260222.4,7003061.4],[260312.4,7003044.4],[260398.4,7002986.4],[260504.4,7002734.4],[260683.4,7002521.4],[260714.4,7002405.4],[260714.4,7002147.4],[260902.4,7001873.4],[260912.4,7001773.4],[260849.4,7001552.3],[260937.4,7001350.3],[261134.4,7001221.3],[261410.4,7000776.3],[261643.4,7000502.3],[261781.4,7000455.3],[262266.4,7000444.3],[262278.4,7000303.4],[262224.6,7000248.5],[262486.6,7000038.0]]}},{"type":"Feature","properties":{"rodovia":"SC-390","kmInicial":0.0,"kmFinal":16.186,"situacao":"PAV","revestimento":"CA","nome":"CONCÓRDIA (ENTR. SC-283) → ENTR. BR-153 (P/ IRANI)"},"geometry":{"type":"LineString","coordinates":[[396250.7,6988927.9],[396354.0,6989072.8],[396536.0,6989144.8],[396760.4,6989014.6],[397058.1,6988936.7],[397195.0,6988738.9],[397274.4,6988351.9],[397362.3,6988224.9],[397674.5,6988039.1],[397849.8,6987861.8],[397944.1,6987690.6],[398148.9,6987750.9],[398406.0,6987631.1],[398388.7,6987316.9],[398407.7,6987220.9],[398611.7,6986931.9],[398896.0,6986669.2],[398787.7,6986554.1],[398817.1,6986406.9],[398802.7,6986068.9],[398763.9,6985857.6],[398801.6,6985683.4],[399286.7,6985278.9],[399670.7,6985074.9],[399615.2,6984873.9],[399390.3,6984860.2],[399358.6,6984836.9],[399359.1,6984784.0],[399563.7,6984703.9],[399745.7,6984679.9],[399823.7,6984620.9],[399878.7,6984468.9],[399836.7,6984310.9],[399835.7,6983955.9],[399879.7,6983894.9],[400008.7,6983834.9],[400069.7,6983773.9],[400407.7,6983253.9],[400279.7,6982961.9],[400066.1,6982908.0],[399929.7,6982383.8],[399909.7,6982145.8],[399930.7,6981942.9],[399779.7,6981844.8],[399742.7,6981759.8],[399666.7,6981442.8],[399759.7,6981251.8],[399797.7,6981070.8],[400037.7,6980636.8],[400390.7,6980435.8],[400575.7,6980368.8],[400622.7,6980322.8],[400686.7,6980222.8],[400760.7,6979921.8],[400864.7,6979787.8],[400988.7,6979711.8],[401129.7,6979792.8],[401216.7,6979735.8],[401257.7,6979673.8],[401293.7,6979515.8],[401479.7,6979351.8],[401550.7,6979131.8],[401689.7,6978958.8],[402002.7,6978933.8],[402329.7,6978861.8],[402450.7,6978788.8],[402474.7,6978712.8],[402461.7,6978620.8],[402546.7,6978472.8],[402525.7,6978384.8],[402433.7,6978346.8],[402411.7,6978308.8],[402428.6,6978203.5]]}},{"type":"Feature","properties":{"rodovia":"SC-390","kmInicial":17.956,"kmFinal":22.575,"situacao":"PAV","revestimento":"CA","nome":"ENTR. BR-153 (P/ DIVISA SC/RS) → ENTR. SC-469 (P/ ALTO BELA VISTA)"},"geometry":{"type":"LineString","coordinates":[[403042.5,6976978.3],[403271.7,6976882.8],[403323.6,6976596.8],[403408.6,6976473.8],[403547.6,6976405.8],[403790.6,6976223.8],[403889.6,6976099.8],[403995.6,6976111.8],[404174.6,6976031.8],[404512.6,6975738.8],[404564.6,6975602.8],[404500.6,6975337.8],[404824.6,6975084.8],[404995.6,6974757.7],[405102.6,6974625.7],[405532.6,6974314.7],[405756.6,6974041.7],[405919.6,6973979.7],[406065.7,6973988.1]]}},{"type":"Feature","properties":{"rodovia":"SC-390","kmInicial":22.576,"kmFinal":28.7,"situacao":"PAV","revestimento":"CA","nome":"ENTR. SC-469 (P/ ALTO BELA VISTA) → PERITIBA"},"geometry":{"type":"LineString","coordinates":[[406066.7,6973988.3],[406325.7,6974035.7],[406611.7,6974146.7],[406742.7,6974244.7],[406894.7,6974268.7],[407089.6,6974153.7],[407302.6,6973939.7],[407687.6,6973720.7],[407819.6,6973580.7],[407981.6,6973544.7],[408276.6,6973341.7],[408466.6,6973297.7],[408606.6,6973224.7],[408710.6,6973097.7],[408822.6,6972647.7],[409051.6,6972480.7],[409134.6,6972376.7],[409281.6,6971721.7],[409334.6,6971615.7],[409433.6,6971549.7],[409535.6,6971541.7],[409617.6,6971637.7],[409870.6,6971713.7],[409979.6,6971800.7],[410130.6,6971831.7],[410302.6,6971769.7],[410410.6,6971794.7],[410543.8,6971939.7]]}},{"type":"Feature","properties":{"rodovia":"SC-390","kmInicial":28.701,"kmFinal":48.5,"situacao":"PAV","revestimento":"CA","nome":"PERITIBA → IPIRA (ENTR. SC-468)"},"geometry":{"type":"LineString","coordinates":[[410544.5,6971940.4],[411026.8,6972359.7],[411662.8,6973078.7],[411828.8,6973384.7],[411955.8,6973492.7],[412223.8,6973810.7],[412492.8,6974008.7],[412738.8,6974295.7],[412892.8,6974315.7],[413083.8,6974422.7],[413282.8,6974454.7],[413554.8,6974304.7],[413587.8,6974360.7],[413585.8,6974562.7],[413671.8,6974706.7],[413711.8,6974723.7],[413904.8,6974659.7],[414069.8,6974547.7],[414117.8,6974545.7],[414272.8,6974663.7],[414323.8,6974812.7],[414376.8,6974824.7],[414592.8,6974609.7],[414951.8,6974569.7],[415170.8,6974448.7],[415289.8,6974450.7],[415584.8,6974545.7],[415614.8,6974503.7],[415568.8,6974407.7],[415540.8,6974119.7],[415139.8,6973799.7],[415074.8,6973641.7],[415077.8,6973486.7],[415128.8,6973355.7],[415323.8,6973092.7],[415454.8,6972757.7],[415777.8,6972457.7],[416070.8,6972234.7],[416135.8,6972098.7],[416181.8,6972077.7],[416333.8,6972116.7],[416612.8,6972277.7],[416703.8,6972296.7],[416799.8,6972266.7],[416915.8,6972147.7],[417001.8,6972126.7],[417075.8,6972173.7],[417144.7,6972305.7],[417223.7,6972305.7],[417760.7,6971574.7],[417771.7,6971370.7],[417832.7,6971332.7],[418056.7,6971428.7],[418284.7,6971630.7],[418618.7,6971648.7],[418682.7,6971596.7],[418769.7,6971415.7],[418987.7,6971320.7],[419085.7,6971194.7],[419089.7,6971133.7],[419028.7,6970995.7],[419168.7,6970900.7],[419257.7,6970719.7],[419136.7,6970454.7],[419148.7,6970360.7],[419219.7,6970321.7],[419445.7,6970329.7],[419580.7,6970276.7],[419751.7,6970044.7],[419945.7,6969842.7],[420065.7,6969784.7],[420123.7,6969678.7],[420262.7,6969558.7],[420363.7,6969517.7],[420660.7,6969471.7],[420819.7,6969475.7],[421033.7,6969422.7],[421341.6,6969504.7],[421495.6,6969497.7],[421751.6,6969363.7],[421982.6,6969098.7],[422122.6,6968886.7],[422428.6,6968704.6],[423048.6,6968570.6],[423126.6,6968532.6],[423229.5,6968552.6]]}},{"type":"Feature","properties":{"rodovia":"SC-390","kmInicial":48.501,"kmFinal":50.616,"situacao":"PAV","revestimento":"CA","nome":"IPIRA (ENTR. SC-468) → PIRATUBA"},"geometry":{"type":"LineString","coordinates":[[423230.1,6968552.5],[423459.4,6968523.7],[423565.4,6968441.7],[423569.4,6968218.6],[423622.4,6968063.6],[423651.4,6967785.6],[423584.4,6967613.6],[423551.4,6967428.6],[423596.4,6967378.6],[423719.4,6967388.6],[423779.4,6967065.6],[423818.4,6967041.7],[423868.5,6967062.8]]}},{"type":"Feature","properties":{"rodovia":"SC-390","kmInicial":50.617,"kmFinal":60.68,"situacao":"PAV","revestimento":"CA","nome":"PIRATUBA → ENTR. SC-150"},"geometry":{"type":"LineString","coordinates":[[423869.4,6967063.2],[424166.3,6967092.6],[424686.3,6967075.6],[424834.3,6967132.6],[425191.3,6967398.6],[425219.3,6967831.7],[425358.3,6968072.7],[425505.3,6968156.7],[425645.3,6968140.7],[425714.3,6968077.7],[425830.3,6967812.7],[426114.3,6967477.6],[426605.3,6967163.6],[426595.3,6967044.6],[426703.3,6966827.6],[426811.3,6966765.6],[426952.3,6966762.6],[427025.3,6966726.6],[427079.3,6966393.6],[427119.4,6966321.6],[427310.3,6966266.6],[427399.3,6966143.6],[427690.2,6966063.6],[428028.2,6966087.6],[428726.2,6965852.6],[428981.2,6965812.6],[429331.2,6965562.6],[429466.2,6965508.6],[429555.2,6965493.6],[429708.2,6965524.6],[429867.2,6965483.6],[430089.2,6965214.6],[430181.2,6964961.6],[430218.2,6964933.6],[430349.2,6965003.6],[430415.2,6965008.6],[430542.2,6964919.6],[430779.2,6964866.6],[431051.2,6965115.6],[431337.1,6965178.6]]}},{"type":"Feature","properties":{"rodovia":"SC-390","kmInicial":66.574,"kmFinal":71.238,"situacao":"IMP","revestimento":"","nome":"ENTR. SC-150 (P/ CAPINZAL) → DISTRITO BARRO PRETO"},"geometry":{"type":"LineString","coordinates":[[436427.1,6965595.1],[436420.0,6965300.7],[436257.0,6964802.7],[436245.0,6964478.7],[436157.0,6963993.7],[435908.0,6963774.7],[435693.0,6963324.7],[435305.0,6963092.7],[435126.0,6963054.6],[435049.0,6963002.6],[434979.0,6962832.6],[434942.0,6962619.6],[434933.0,6962076.6],[434776.1,6961595.6]]}},{"type":"Feature","properties":{"rodovia":"SC-390","kmInicial":84.611,"kmFinal":86.238,"situacao":"PAV","revestimento":"CA","nome":"JURISDIÇÃO SIE INICIAL (ZORTÉA) → ENTR. SC-467 (P/ CAPINZAL)"},"geometry":{"type":"LineString","coordinates":[[445539.6,6963932.1],[445728.8,6964203.8],[445790.3,6964339.7],[445791.4,6964409.7],[445690.8,6964718.1],[445652.9,6965187.9],[445685.7,6965276.8],[445820.5,6965381.3]]}},{"type":"Feature","properties":{"rodovia":"SC-390","kmInicial":86.239,"kmFinal":107.838,"situacao":"PAV","revestimento":"CA","nome":"ENTR. SC-467 (P/ CAPINZAL) → ENTR. BR-470 (P/ DIVISA SC/RS)"},"geometry":{"type":"LineString","coordinates":[[445821.4,6965381.1],[446105.5,6965382.9],[446385.5,6965201.0],[446913.5,6965030.0],[447091.5,6965038.0],[447370.4,6965105.0],[448311.4,6965140.0],[448480.4,6965107.0],[448787.4,6964932.0],[448919.4,6964926.0],[449303.4,6965029.0],[449419.4,6965004.0],[449653.4,6964883.0],[449922.4,6964845.0],[450004.4,6964789.0],[450139.4,6964555.0],[450248.4,6964438.0],[450897.4,6964196.0],[451161.4,6963851.0],[451962.4,6963293.0],[452266.4,6962759.0],[452572.4,6962434.0],[452640.4,6961916.0],[452688.4,6961767.0],[452995.4,6961539.0],[453125.4,6961329.0],[453220.4,6961239.0],[453656.4,6961069.0],[453793.4,6960980.0],[453932.4,6960951.0],[454166.4,6961052.0],[454516.4,6961103.0],[454812.4,6961258.0],[454992.4,6961260.0],[455112.4,6961202.0],[455275.4,6961067.0],[455602.4,6960975.0],[455845.4,6960766.0],[456186.4,6960591.0],[456340.4,6960439.0],[456528.4,6960327.0],[456937.4,6959988.0],[457297.4,6959937.0],[457483.4,6959794.0],[457559.4,6959776.0],[457769.4,6959801.0],[457980.4,6959763.0],[458244.4,6959826.0],[458417.4,6959787.0],[458576.4,6959638.0],[459033.4,6959342.0],[459200.4,6959050.0],[459507.4,6958844.0],[459783.4,6958471.0],[460165.4,6958168.0],[460211.4,6958054.0],[460221.4,6957789.9],[460330.4,6957558.9],[460348.4,6956922.9],[460732.5,6955894.9],[461111.5,6955310.9],[461211.5,6955094.8],[461324.5,6955001.8],[461542.5,6954923.8],[461655.8,6954797.8]]}},{"type":"Feature","properties":{"rodovia":"SC-390","kmInicial":107.839,"kmFinal":129.61,"situacao":"LEN","revestimento":"","nome":"ENTR. BR-470 (P/ DIVISA SC/RS) → CELSO RAMOS (ENTR. SC-135)"},"geometry":{"type":"LineString","coordinates":[[461801.3,6954839.9],[461878.8,6954765.5],[461770.8,6954632.5],[461714.8,6954504.5],[461539.8,6953758.5],[461611.8,6953554.5],[461582.8,6953269.4],[461621.9,6953031.4],[461830.9,6952071.4],[461676.9,6951728.4],[461731.9,6951661.4],[461887.9,6951624.4],[461952.9,6951552.4],[461964.9,6951486.4],[461897.9,6951404.4],[461753.9,6951316.4],[461738.9,6951060.4],[461656.9,6951023.4],[461364.9,6950620.4],[461347.9,6950509.3],[461379.9,6950384.3],[461360.9,6950342.3],[461315.9,6950290.3],[461098.9,6950303.3],[461055.9,6950284.3],[460919.9,6949729.3],[460769.9,6949445.3],[460890.9,6949228.3],[460831.9,6949183.3],[460690.9,6949184.3],[460472.9,6949099.3],[460335.9,6949007.3],[460250.9,6949014.3],[460206.9,6948989.3],[460213.9,6948946.3],[460320.9,6948831.3],[460351.9,6948692.3],[460197.9,6948473.3],[460086.9,6948488.3],[459888.9,6948385.3],[459841.9,6948321.3],[459756.9,6948295.3],[459746.9,6948236.3],[459830.9,6947992.3],[459901.9,6947886.3],[460030.9,6947813.3],[460435.0,6947754.3],[460519.0,6947804.3],[460557.0,6947728.3],[460654.0,6947683.2],[460888.0,6947666.2],[460994.0,6947751.2],[460951.0,6947618.2],[460832.0,6947580.2],[460821.0,6947374.2],[461005.0,6947340.2],[461047.0,6947072.2],[461110.0,6947014.2],[461131.0,6947016.2],[461119.0,6947084.2],[461161.0,6947252.2],[461198.0,6947284.2],[461611.0,6947275.2],[461832.0,6947233.2],[461940.0,6947251.2],[462048.0,6947171.2],[462158.0,6947233.2],[462266.0,6947235.2],[462155.0,6947200.2],[462047.0,6947102.2],[461928.0,6947154.2],[461832.0,6947109.2],[461586.0,6947107.2],[461516.0,6947063.2],[461414.0,6947059.2],[461561.0,6946891.2],[461570.0,6946816.2],[461665.0,6946802.2],[461665.0,6946673.2],[461819.0,6946418.2],[461837.0,6946343.2],[461809.0,6946218.2],[461839.0,6946108.2],[461748.0,6946050.2],[461731.0,6945917.2],[461634.0,6945860.2],[461622.0,6945784.2],[461741.0,6945620.2],[461721.0,6945449.2],[461745.0,6945356.2],[461806.0,6945297.1],[461754.0,6945229.1],[461763.0,6945147.1],[462446.0,6944995.1],[462710.0,6944789.1],[462877.1,6944755.1],[463069.1,6944663.1],[463197.1,6944556.1],[463355.1,6944496.1],[463612.1,6944266.1],[464005.1,6944099.1],[464401.1,6944023.1],[464642.1,6943902.1],[464820.1,6943908.1],[464871.1,6943858.1],[465233.1,6943716.1],[465507.1,6943698.1],[465841.1,6943792.1],[465994.1,6943784.0],[466319.1,6943702.0],[466522.2,6943511.0]]}},{"type":"Feature","properties":{"rodovia":"SC-390","kmInicial":129.611,"kmFinal":146.05,"situacao":"PAV","revestimento":"CA","nome":"CELSO RAMOS (ENTR. SC-135) → DIVISA DE MUNICÍPIOS DE CELSO RAMOS/ANITA GARIBALDI"},"geometry":{"type":"LineString","coordinates":[[466523.0,6943510.5],[466875.1,6943241.3],[466984.1,6943078.3],[467022.2,6942801.3],[466988.2,6942666.3],[467004.2,6942612.3],[467080.2,6942597.3],[467193.2,6942682.3],[467242.2,6942689.3],[467474.2,6942457.3],[467656.2,6942404.3],[467679.2,6942318.3],[467730.2,6942266.3],[467793.2,6942250.3],[467865.2,6942330.3],[467934.2,6942336.3],[468044.2,6942055.3],[468180.1,6941917.3],[468307.1,6941893.3],[468431.1,6941950.3],[468530.1,6941926.3],[468633.1,6941947.3],[468769.1,6941881.3],[469121.1,6941528.3],[469353.1,6941063.3],[469930.1,6940619.3],[470167.1,6940684.3],[470431.1,6940809.3],[470593.1,6940766.3],[470809.1,6940621.3],[470972.1,6940614.3],[471168.1,6940765.3],[471248.1,6940784.3],[471601.1,6940695.3],[471689.1,6940598.3],[471946.1,6940513.3],[472133.1,6940392.3],[472595.1,6940227.3],[473184.2,6940069.3],[473234.1,6940007.3],[473414.2,6939507.4],[473832.1,6939131.3],[473947.1,6939090.3],[474187.1,6939091.3],[474624.1,6938846.3],[474680.1,6938650.3],[474777.1,6938543.3],[474873.1,6938345.3],[475129.1,6938080.3],[475158.1,6937994.3],[475213.1,6937943.3],[475541.1,6937994.3],[475729.1,6938084.3],[475936.1,6938049.3],[476189.1,6938108.3],[476381.1,6938010.3],[476474.1,6938046.3],[476591.1,6938148.3],[476740.1,6938089.3],[476864.1,6937977.3],[477017.2,6937957.3],[477267.1,6937868.3],[477720.1,6937825.3],[477996.1,6937861.3],[478226.1,6937855.3],[478296.1,6937662.3],[478492.1,6937494.3],[478594.1,6937505.3],[478744.1,6937571.3],[478987.1,6937534.3],[479237.3,6937610.1]]}},{"type":"Feature","properties":{"rodovia":"SC-390","kmInicial":146.051,"kmFinal":158.462,"situacao":"PAV","revestimento":"CA","nome":"DIVISA DE MUNICÍPIOS DE CELSO RAMOS/ANITA GARIBALDI → ANITA GARIBALDI (ENTR. SC-452)"},"geometry":{"type":"LineString","coordinates":[[479238.2,6937610.3],[479360.1,6937629.3],[479436.1,6937594.3],[479565.1,6937434.3],[480059.1,6937270.3],[480137.1,6937024.3],[480292.1,6936881.3],[480520.1,6936522.3],[480709.1,6936479.3],[480892.1,6936309.3],[480947.1,6936335.3],[480998.1,6936444.3],[481108.1,6936555.3],[481287.1,6936538.3],[481404.1,6936624.3],[481718.1,6936623.3],[481840.1,6936677.3],[481926.1,6936780.3],[481997.1,6936797.3],[482379.2,6936804.3],[482525.1,6936855.3],[483024.1,6936773.3],[483211.1,6936981.3],[483346.1,6937075.3],[483765.1,6937158.3],[484075.2,6937037.3],[484256.2,6936784.3],[484444.2,6936601.3],[484522.2,6936413.3],[484581.2,6936426.3],[484737.2,6936550.3],[485012.2,6936465.2],[485214.2,6936483.2],[485368.2,6936567.2],[485439.2,6936571.2],[485676.2,6936911.2],[485732.2,6936950.2],[485999.2,6937049.2],[486064.2,6937021.2],[486148.2,6937042.2],[486217.2,6937169.2],[486328.2,6937264.2],[486373.2,6937363.2],[486566.3,6937340.2],[486894.3,6937485.7],[487092.3,6937606.2],[487451.3,6937718.2],[487533.3,6937711.2],[487620.3,6937657.2],[487705.3,6937460.2],[487898.3,6937461.2],[488161.3,6937274.1],[488522.3,6937263.1],[488604.3,6937230.1],[488902.4,6936981.1],[489031.7,6936568.8]]}},{"type":"Feature","properties":{"rodovia":"SC-390","kmInicial":158.463,"kmFinal":188.191,"situacao":"PAV","revestimento":"CA","nome":"ANITA GARIBALDI (ENTR. SC-452) → CERRO NEGRO"},"geometry":{"type":"LineString","coordinates":[[489032.0,6936567.8],[489060.4,6936408.1],[489027.4,6936063.1],[489215.4,6935755.1],[489216.4,6935485.1],[489346.4,6934932.0],[489430.4,6934828.0],[489870.4,6934487.0],[490413.4,6933843.0],[490737.5,6933654.0],[490872.5,6933415.9],[490947.5,6933348.9],[491131.5,6933319.9],[491395.5,6933219.9],[491736.5,6933378.9],[491908.5,6933424.9],[492096.5,6933585.9],[492351.5,6933528.9],[492651.5,6933582.9],[492771.5,6933546.9],[492942.6,6933380.9],[493365.6,6933092.8],[493777.6,6932934.8],[494500.2,6932824.8],[494642.6,6932855.8],[494863.6,6932977.8],[494974.6,6932971.8],[495307.7,6932790.8],[495562.7,6932524.7],[495636.7,6932333.7],[495927.7,6932043.7],[496099.7,6931992.7],[496416.7,6932049.7],[496585.7,6931969.7],[496766.7,6931697.7],[496807.8,6931525.7],[496963.8,6931186.6],[497198.8,6931067.6],[497232.8,6931013.6],[497249.8,6930862.6],[497283.8,6930830.6],[497484.8,6930693.6],[497726.8,6930635.6],[497774.8,6930549.6],[497858.8,6930222.6],[497935.8,6930158.6],[498149.8,6930086.6],[498292.9,6929872.6],[498358.9,6929858.6],[498489.9,6929885.6],[498827.9,6929817.5],[499326.9,6929964.5],[499890.9,6929801.5],[500456.9,6930028.5],[501076.9,6930055.5],[501206.9,6930039.5],[501539.0,6929915.5],[502525.0,6930009.5],[502753.0,6929972.4],[503024.0,6929812.4],[503094.0,6929742.4],[503200.0,6929536.4],[503439.0,6929308.4],[503629.0,6929218.4],[504047.0,6929150.4],[504187.0,6929059.4],[504260.0,6928965.4],[504403.1,6928671.4],[504602.1,6928463.4],[504698.1,6928170.4],[504798.1,6927976.4],[504941.1,6927805.4],[505006.1,6927591.4],[505307.1,6927348.4],[505486.1,6927053.4],[505605.1,6926927.3],[506210.1,6926665.3],[506623.1,6926296.3],[506995.1,6926213.3],[507073.1,6926170.3],[507176.2,6926027.3],[507264.2,6925960.3],[507390.2,6925939.3],[507699.2,6926000.3],[507844.2,6925984.3],[508093.2,6925777.3],[508193.2,6925729.3],[508776.2,6925647.3],[509002.2,6925463.3],[509237.2,6925388.3],[509425.2,6925291.3],[509806.2,6925182.3],[509999.2,6925171.3],[510424.2,6925264.3],[510672.2,6925399.3],[510827.2,6925436.3],[511256.2,6925399.3],[511679.2,6925188.3],[512175.5,6925220.8]]}},{"type":"Feature","properties":{"rodovia":"SC-390","kmInicial":188.192,"kmFinal":207.179,"situacao":"PAV","revestimento":"CA","nome":"CERRO NEGRO → CAMPO BELO DO SUL (ENTR. SC-120)"},"geometry":{"type":"LineString","coordinates":[[512176.6,6925220.9],[512424.3,6925240.3],[512591.3,6925214.3],[512834.3,6925286.3],[513116.3,6925298.2],[513384.3,6925256.2],[513473.3,6925189.2],[513552.3,6925025.2],[513479.3,6924651.2],[513630.3,6924346.2],[513654.3,6924088.2],[513743.3,6923975.2],[513937.3,6923883.2],[514046.3,6923779.2],[514164.3,6923375.2],[514540.3,6922848.2],[514587.3,6922384.2],[514625.3,6922267.2],[514864.3,6922005.2],[514958.3,6921813.2],[515048.3,6921699.2],[515636.3,6921440.2],[516062.3,6920889.2],[516154.3,6920656.2],[516501.3,6920371.2],[516557.3,6920219.2],[516537.3,6919936.2],[516556.3,6919826.2],[516655.3,6919729.2],[516905.3,6919672.2],[517041.3,6919466.2],[517200.3,6919317.2],[517236.3,6919200.2],[517206.3,6918988.2],[517226.3,6918862.2],[517563.3,6918400.2],[517651.3,6918320.2],[517921.3,6918165.2],[518497.3,6917483.2],[518624.3,6917397.2],[518989.3,6917246.2],[519200.3,6916914.2],[519625.3,6916585.2],[519974.3,6916088.2],[520262.3,6914794.2],[520389.3,6914670.2],[520604.3,6914577.2],[520899.3,6914296.2],[521187.3,6913845.2],[521362.3,6913759.2],[521491.3,6913770.2],[521789.3,6913884.2],[521972.3,6914083.2],[522231.3,6914231.3],[522794.3,6914373.3],[523369.3,6914170.3],[523621.3,6913992.3],[523879.6,6914018.7]]}},{"type":"Feature","properties":{"rodovia":"SC-390","kmInicial":207.18,"kmFinal":235.001,"situacao":"PAV","revestimento":"CA","nome":"CAMPO BELO DO SUL (ENTR. SC-120) → CAPÃO ALTO"},"geometry":{"type":"LineString","coordinates":[[523880.5,6914018.9],[524064.4,6913953.6],[524387.3,6913714.3],[524603.3,6913617.3],[524944.3,6913756.3],[525399.3,6913787.3],[525638.3,6913764.3],[525899.3,6913847.3],[525958.3,6913837.3],[526106.3,6913683.3],[526385.3,6913577.3],[526907.3,6913247.3],[527199.3,6912978.3],[527629.3,6912910.3],[527866.3,6912762.3],[528222.3,6912629.4],[528458.1,6912505.8],[528623.3,6912473.4],[528861.3,6912335.4],[529097.3,6912240.4],[529498.3,6911619.4],[529716.3,6911499.4],[529977.3,6911489.4],[530163.3,6911341.4],[530344.3,6911339.4],[530672.3,6911503.4],[531151.3,6911324.4],[531464.3,6911400.4],[531597.3,6911508.4],[531675.3,6911532.4],[532266.3,6911448.4],[532416.3,6911489.4],[532573.3,6911607.4],[532803.3,6911603.4],[533088.3,6911759.4],[533563.3,6911837.5],[533770.3,6911937.5],[534160.3,6911740.5],[534372.3,6911536.5],[534934.3,6911328.5],[535337.3,6911338.5],[535392.3,6911436.5],[535401.3,6911560.5],[535498.3,6911604.5],[535965.3,6911523.5],[536017.3,6911415.5],[536052.3,6911403.5],[536564.3,6911423.5],[536635.3,6911473.5],[536726.3,6911631.5],[536766.3,6911640.5],[537059.3,6911389.5],[537470.2,6911277.5],[537683.2,6911340.5],[538035.2,6911591.5],[538127.2,6911625.5],[538301.2,6911636.5],[538297.2,6911510.5],[538327.2,6911478.5],[538370.2,6911482.5],[538702.2,6911654.5],[538793.2,6911819.5],[538909.2,6911863.5],[539218.2,6911852.5],[539715.2,6911925.5],[539789.2,6911953.5],[540067.2,6912164.5],[540923.2,6912281.5],[541114.2,6912338.5],[541355.2,6912345.5],[541500.2,6912295.5],[541765.2,6912107.5],[542089.2,6911764.5],[542252.2,6911479.5],[542322.2,6911455.5],[542583.2,6911465.5],[542737.2,6911406.5],[542966.2,6911176.5],[543327.7,6910924.8],[543649.2,6910857.5],[543879.2,6910885.5],[544095.2,6910746.5],[544143.3,6910744.6],[544306.2,6910843.5],[544431.2,6910867.6],[544691.2,6911067.5],[544780.2,6911090.5],[544838.2,6911057.5],[544940.2,6910912.5],[545060.2,6910852.5],[545402.2,6910867.5],[545498.2,6910835.5],[545707.2,6910642.5],[546294.2,6910323.6],[546400.8,6910095.0],[546726.2,6910068.0],[546875.2,6909939.6],[547125.2,6909840.6],[547352.2,6909592.6],[547445.2,6909593.6],[547527.2,6909677.6],[547774.7,6909714.0]]}},{"type":"Feature","properties":{"rodovia":"SC-390","kmInicial":235.002,"kmFinal":239.19,"situacao":"PAV","revestimento":"CA","nome":"CAPÃO ALTO → ENTR. BR-116 (P/ LAGES)"},"geometry":{"type":"LineString","coordinates":[[547775.7,6909713.9],[548103.2,6909429.6],[548392.2,6908918.6],[548537.2,6908832.6],[548771.2,6908505.6],[549076.2,6908264.6],[549198.2,6908263.6],[549314.2,6908194.6],[549658.2,6908181.6],[549750.2,6907949.6],[550123.2,6907700.6],[550165.2,6907640.6],[550193.2,6907495.6],[550233.2,6907459.6],[550376.2,6907510.6],[550452.2,6907587.6],[550599.2,6907628.6],[550746.0,6907546.7]]}},{"type":"Feature","properties":{"rodovia":"SC-390","kmInicial":256.041,"kmFinal":282.802,"situacao":"PAV","revestimento":"CA","nome":"ENTR. BR-116 (P/ DIVISA SC-RS) → RINCÃO DO PERIGO (COXILHA RICA)"},"geometry":{"type":"LineString","coordinates":[[541128.6,6894231.6],[541188.2,6894158.2],[541317.1,6894115.2],[541584.0,6894144.3],[541752.5,6894093.3],[542056.5,6893740.6],[542260.5,6893671.8],[542296.0,6893603.0],[542307.1,6893245.9],[542331.5,6893203.7],[542606.6,6893017.4],[542781.8,6892953.1],[543365.2,6892647.0],[543642.5,6892620.3],[543817.8,6892704.6],[544434.7,6892872.6],[544547.4,6892802.0],[544844.8,6892487.2],[544989.0,6892391.9],[545081.6,6892269.4],[545188.7,6891940.0],[545303.6,6891433.0],[545460.2,6891071.1],[545390.3,6890853.1],[545393.5,6890786.4],[545443.3,6890714.4],[545585.8,6890639.4],[545619.0,6890595.0],[545683.5,6890191.6],[545907.9,6889870.9],[546276.9,6889663.8],[546350.1,6889595.0],[546439.8,6889215.3],[546433.1,6889028.9],[546559.6,6888869.2],[546706.0,6888736.1],[546892.4,6888630.8],[546951.4,6888542.7],[546989.5,6888319.4],[547291.6,6887416.2],[547269.9,6887300.2],[547140.8,6887026.1],[546957.7,6886890.7],[546908.0,6886800.7],[546935.5,6886383.7],[546700.1,6885664.5],[546713.1,6885488.1],[546866.3,6885284.9],[546993.3,6885028.6],[547089.8,6884776.5],[547185.4,6884349.9],[547348.5,6884161.9],[547364.4,6883658.8],[547398.1,6883560.1],[547623.5,6883281.5],[547810.7,6883181.5],[547966.0,6882755.6],[547983.7,6882693.5],[547957.1,6882502.7],[547870.5,6882309.9],[547851.6,6882156.0],[547969.3,6882017.3],[547979.5,6881592.4],[548072.6,6881394.4],[548080.0,6880977.5],[548103.7,6880912.4],[548187.8,6880779.1],[548897.7,6880419.7],[549050.2,6880178.4],[549093.8,6880019.7],[549039.6,6879794.8],[548981.4,6879696.9],[548837.2,6879560.6],[548751.1,6879404.0],[548561.6,6879348.2],[548444.3,6879256.8],[548363.3,6879053.8],[547984.0,6878417.6],[547867.8,6877887.4],[547894.3,6876831.1],[547982.8,6876674.5],[548220.6,6876415.1],[548544.8,6875697.4],[548802.1,6875427.9],[548848.5,6875299.8],[548812.5,6875090.2],[548852.7,6874944.2],[549287.8,6874556.7],[549487.6,6874038.8],[549699.5,6873786.3],[549818.7,6873726.8]]}},{"type":"Feature","properties":{"rodovia":"SC-390","kmInicial":364.828,"kmFinal":392.042,"situacao":"PAV","revestimento":"CA","nome":"ENTR. SC-110 (P/ URUBICI) → BOM JARDIM DA SERRA (ENTR. SC-450)"},"geometry":{"type":"LineString","coordinates":[[615234.2,6876537.1],[615517.2,6876476.5],[615633.2,6876420.5],[615735.2,6875958.4],[616118.2,6875838.4],[616448.2,6875610.4],[616523.2,6875590.4],[617466.1,6875674.3],[617724.9,6875626.7],[617993.1,6875429.4],[618787.1,6875165.4],[619620.1,6874537.4],[619907.1,6874477.4],[620274.1,6874315.4],[620476.1,6874350.4],[620662.1,6874310.4],[620733.1,6874268.4],[620938.1,6873924.4],[621235.1,6873683.4],[621431.1,6873465.4],[621383.0,6872926.4],[621555.0,6872456.4],[621495.8,6872225.1],[621963.4,6871923.4],[622070.6,6871651.6],[622058.0,6871592.0],[621937.6,6871475.6],[621918.0,6871341.4],[621923.0,6871220.3],[622009.0,6870924.3],[622351.7,6870682.5],[622868.9,6870574.0],[623055.4,6870419.9],[623357.1,6870312.7],[623391.5,6870239.3],[623374.9,6870054.8],[623412.4,6869998.1],[623692.4,6869717.4],[623906.7,6869623.5],[623900.1,6869554.7],[623746.9,6869411.3],[623759.5,6869334.8],[624043.9,6869250.3],[624326.9,6869048.3],[624473.9,6869041.3],[624680.9,6869083.3],[624847.9,6869025.3],[625220.8,6868532.7],[625220.3,6868449.4],[625088.0,6868360.1],[625084.1,6868295.2],[625169.4,6868263.5],[625355.9,6868268.3],[625553.9,6868134.3],[625715.9,6867924.3],[625799.9,6867657.3],[626190.0,6867283.2],[626242.6,6866968.4],[626162.9,6866692.1],[626292.8,6866118.2],[626376.8,6865948.2],[626664.8,6865633.2],[627439.8,6865350.2],[628012.8,6865466.2],[628649.8,6865313.2],[629198.8,6865362.2],[629291.8,6865348.2],[629424.8,6865261.2],[629892.8,6864770.2],[630057.8,6864701.2],[630239.8,6864736.2],[630714.7,6864932.2],[630946.7,6864865.2],[631352.7,6864883.2],[631816.7,6864856.2],[632157.7,6864711.2],[632445.7,6864630.2],[632653.7,6864461.2],[632810.7,6864492.2],[633112.7,6864431.2],[633490.7,6864458.2],[633965.7,6864353.2],[634340.4,6864385.9],[634627.7,6864326.2],[634788.2,6864332.2]]}},{"type":"Feature","properties":{"rodovia":"SC-390","kmInicial":392.043,"kmFinal":403.938,"situacao":"PAV","revestimento":"CA","nome":"BOM JARDIM DA SERRA (ENTR. SC-450) → KM 403,9 (INÍCIO DA SERRA DO RIO DO RASTRO)"},"geometry":{"type":"LineString","coordinates":[[634789.1,6864332.2],[634877.7,6864335.2],[635117.7,6864232.2],[635325.7,6864300.2],[635474.6,6864212.2],[635623.6,6864345.2],[635702.6,6864457.2],[635805.6,6864488.2],[636095.6,6864384.2],[636361.6,6864189.2],[636724.6,6864015.2],[636975.6,6863814.2],[637076.6,6863616.2],[637187.6,6863479.2],[637571.6,6863114.2],[638035.6,6862730.2],[638137.6,6862467.2],[638175.6,6862100.2],[638247.6,6861993.2],[638673.6,6861848.2],[639089.5,6861654.1],[639149.5,6861593.2],[639247.5,6861383.1],[639457.5,6861308.1],[639745.5,6861139.1],[639904.5,6861097.1],[640308.5,6860802.1],[640663.5,6860767.1],[640754.5,6860717.1],[641034.5,6860396.1],[641221.5,6860039.1],[641537.5,6859610.1],[641593.5,6859218.1],[641785.4,6858928.1],[642074.4,6858268.1],[642064.4,6858184.1],[641876.4,6858004.1],[641842.4,6857929.1],[641751.4,6857577.1],[641770.4,6857525.1],[641849.4,6857477.4]]}},{"type":"Feature","properties":{"rodovia":"SC-390","kmInicial":403.939,"kmFinal":410.595,"situacao":"PAV","revestimento":"CC","nome":"INÍCIO DA SERRA DO RIO DO RASTRO → FIM DA SERRA DO RIO DO RASTRO"},"geometry":{"type":"LineString","coordinates":[[641850.3,6857476.9],[641952.5,6857435.5],[642054.1,6857528.4],[642017.4,6857639.2],[641913.0,6857669.1],[641972.7,6857814.3],[641963.1,6857701.6],[642009.6,6857825.8],[642023.7,6857726.5],[642075.3,6857723.1],[642037.7,6857744.5],[642040.4,6857818.9],[642062.9,6857759.6],[642127.6,6857784.2],[642226.9,6857722.7],[642095.7,6857819.9],[642155.0,6858012.3],[642212.1,6858071.5],[642234.3,6858143.5],[642236.4,6858067.8],[642195.2,6858003.3],[642211.0,6857883.7],[642359.2,6857889.0],[642380.9,6857929.2],[642471.4,6857907.5],[642403.3,6857945.1],[642296.7,6857943.0],[642334.2,6858066.6],[642334.9,6857985.9],[642356.7,6857972.7],[642682.1,6858090.9],[642833.9,6858101.9],[642611.7,6858107.9],[642572.7,6858135.0],[642865.4,6858167.6],[642935.6,6858113.1],[643035.2,6858244.1],[643093.2,6858222.9],[643221.6,6858324.3],[643316.5,6858325.3],[643315.2,6858405.0],[643511.5,6858384.9],[643681.9,6858460.5],[643759.7,6858541.8],[643834.6,6858549.7],[643939.1,6858486.2],[644119.3,6858491.8],[644178.8,6858468.7],[644116.4,6858339.9],[644173.5,6858279.3],[644097.3,6858172.7],[644112.9,6858138.8],[644243.1,6858167.9],[644303.7,6858247.8],[644496.0,6858332.3]]}},{"type":"Feature","properties":{"rodovia":"SC-390","kmInicial":410.596,"kmFinal":425.722,"situacao":"PAV","revestimento":"CA","nome":"FIM DA SERRA DO RIO DO RASTRO → LAURO MÜLLER (ENTR. CONTORNO RODOVIÁRIO)"},"geometry":{"type":"LineString","coordinates":[[644496.9,6858332.7],[644595.5,6858400.5],[644763.8,6858409.2],[644832.8,6858456.0],[644910.6,6858465.6],[644973.3,6858521.1],[645255.1,6858610.0],[645344.0,6858685.4],[645425.0,6858666.4],[645531.4,6858684.8],[645576.5,6858802.0],[645689.0,6858826.4],[645722.0,6858876.4],[645794.2,6858814.2],[645923.2,6858794.3],[645988.7,6858830.5],[645998.6,6858906.5],[646075.4,6858924.4],[646121.6,6858911.9],[646171.5,6858843.4],[646317.0,6858824.3],[646347.8,6858767.6],[646543.7,6858827.8],[646581.6,6858912.2],[646675.0,6858921.6],[646711.2,6859020.1],[646787.4,6858981.0],[646883.2,6858994.7],[646892.7,6859087.3],[646928.2,6859120.7],[646979.5,6859104.3],[646999.6,6859027.5],[647166.3,6858962.5],[647209.3,6859061.7],[647312.9,6859022.8],[647332.5,6859094.7],[647406.4,6859112.2],[647395.8,6859178.1],[647437.8,6859209.6],[647564.2,6859160.9],[647618.4,6859032.0],[647690.2,6859079.4],[647929.9,6859070.4],[648260.0,6859108.4],[648341.7,6859141.1],[648389.6,6859202.6],[648477.9,6859208.6],[648553.3,6859152.1],[648571.2,6859067.0],[648717.1,6859191.0],[648865.6,6859145.4],[648879.1,6859069.0],[648829.2,6859006.9],[648853.6,6858972.8],[649123.2,6859061.1],[649190.0,6859138.8],[649253.8,6859139.1],[649468.3,6859084.1],[649607.3,6859113.1],[649781.3,6858997.1],[650047.3,6859041.1],[650131.3,6858965.1],[650205.3,6858954.1],[650282.3,6858994.1],[650573.3,6859257.1],[650885.3,6859316.1],[650975.0,6859478.5],[650994.3,6859587.1],[651139.3,6859667.1],[651253.3,6859849.1],[651785.3,6860089.1],[652374.8,6859964.2],[652720.3,6859630.1],[652877.5,6859574.3],[653108.3,6859572.1],[653365.3,6859280.1],[653508.2,6859181.1],[653686.2,6859167.1],[653807.8,6859113.6],[654015.3,6859223.1],[654140.2,6859195.6],[654185.2,6859122.1],[654178.1,6858924.3],[654308.3,6858798.1],[654551.6,6858838.6],[654850.2,6858666.1],[655059.9,6858662.6],[655251.7,6858516.8],[655401.7,6858515.5],[655518.6,6858475.0],[655560.2,6858480.3],[655625.3,6858570.8],[655688.4,6858571.0],[655784.0,6858522.3],[655944.9,6858597.5],[656381.5,6858273.2]]}},{"type":"Feature","properties":{"rodovia":"SC-390","kmInicial":425.723,"kmFinal":425.931,"situacao":"PAV","revestimento":"CA","nome":"LAURO MÜLLER (ENTR. CONTORNO RODOVIÁRIO) → JURISDIÇÃO SIE FINAL (LAURO MULLER)"},"geometry":{"type":"LineString","coordinates":[[656382.3,6858272.6],[656575.2,6858204.9]]}},{"type":"Feature","properties":{"rodovia":"SC-390","kmInicial":426.738,"kmFinal":439.662,"situacao":"PAV","revestimento":"CA","nome":"JURISDIÇÃO SIE INICIAL (LAURO MULLER) → ORLEANS (ENTR. SC-108)"},"geometry":{"type":"LineString","coordinates":[[657216.5,6857925.7],[657926.2,6858413.0],[658635.2,6858465.0],[659204.2,6858601.0],[659468.2,6858699.0],[659702.2,6858854.0],[660264.5,6859004.1],[660616.2,6859158.0],[661053.1,6859093.0],[661693.1,6859295.0],[662145.1,6859337.0],[662222.1,6859429.0],[662364.1,6859702.0],[662860.1,6860373.0],[662997.1,6860440.0],[663337.1,6860472.0],[663872.0,6860724.8],[663957.7,6860831.1],[664025.2,6861097.1],[664158.5,6861165.3],[664211.7,6861244.7],[664259.1,6861406.0],[664408.2,6861498.1],[664650.1,6861528.0],[665003.1,6861397.0],[665244.1,6861392.0],[665405.1,6861334.0],[665897.5,6861668.8],[666529.1,6861860.0],[666701.1,6861886.0],[666848.1,6861861.0],[666917.1,6861818.0],[667101.1,6861309.0],[667154.1,6861238.0],[667233.1,6861214.0],[667610.1,6861245.0],[667785.1,6861081.0],[667954.6,6860973.7]]}},{"type":"Feature","properties":{"rodovia":"SC-390","kmInicial":440.934,"kmFinal":455.479,"situacao":"PAV","revestimento":"CA","nome":"ORLEANS (ENTR. NORTE SC-108) → PEDRAS GRANDES (ENTR. SC-441)"},"geometry":{"type":"LineString","coordinates":[[667945.6,6861318.8],[668793.3,6861251.0],[669103.0,6861118.0],[669348.0,6860912.7],[669631.4,6860835.4],[670314.1,6860976.7],[670690.2,6861120.6],[670813.6,6861129.9],[670941.6,6861051.4],[671058.5,6860770.5],[671241.8,6860519.6],[671321.2,6860460.6],[671433.9,6860446.9],[671741.2,6860574.1],[671901.8,6860598.7],[672059.4,6860600.9],[672158.1,6860546.0],[672217.2,6860382.1],[672216.1,6859725.7],[672253.5,6859437.9],[672388.1,6859080.8],[672414.2,6858931.0],[672400.9,6858859.5],[672353.1,6858799.8],[672117.4,6858742.4],[672050.4,6858655.3],[672049.7,6858576.7],[672161.1,6858200.2],[672214.3,6858125.2],[672351.1,6858027.1],[672619.9,6857985.6],[672854.9,6857987.1],[672935.6,6857941.7],[672962.4,6857849.4],[672898.8,6857604.2],[672936.1,6857263.4],[672845.5,6856913.3],[672900.9,6856665.3],[673191.7,6856307.4],[673389.6,6856171.9],[673712.7,6856015.5],[673857.2,6855896.4],[673887.3,6855782.6],[673835.6,6855653.3],[673844.6,6855594.6],[674077.5,6855380.0],[674087.1,6855119.7],[674179.7,6854975.5],[674373.4,6854869.3],[674903.0,6854838.6],[675009.1,6854778.6],[675041.4,6854661.1],[675007.8,6854456.0],[674818.0,6854092.3],[674822.4,6853966.6],[675126.5,6853669.8],[675522.7,6853519.0]]}},{"type":"Feature","properties":{"rodovia":"SC-390","kmInicial":455.48,"kmFinal":480.237,"situacao":"PAV","revestimento":"CA","nome":"PEDRAS GRANDES (ENTR. SC-441) → ENTR. BR-101 (P/ TUBARÃO)"},"geometry":{"type":"LineString","coordinates":[[675523.6,6853518.8],[675826.0,6853441.9],[676502.0,6853492.9],[676630.0,6853445.9],[676899.0,6853207.9],[677046.0,6853204.9],[677459.0,6853268.9],[678107.0,6853098.9],[678369.1,6853160.9],[678667.1,6853342.9],[678738.0,6853359.9],[679196.0,6853338.9],[679419.0,6853380.9],[679894.0,6853175.9],[680254.0,6853158.9],[680414.0,6853216.9],[680804.1,6853590.0],[680988.0,6853819.9],[681419.0,6854008.9],[681622.1,6854201.9],[681997.1,6854406.9],[682128.1,6854512.9],[682235.1,6854651.9],[682288.1,6854898.9],[682370.1,6855050.9],[682415.1,6855092.9],[682530.1,6855125.9],[682771.1,6855074.9],[683084.1,6854934.9],[683310.1,6854898.9],[683401.1,6854854.9],[683656.1,6854556.9],[684067.1,6853806.9],[684260.1,6853584.9],[684323.1,6853551.9],[684480.1,6853534.9],[684590.1,6853559.9],[684752.1,6853687.9],[684861.1,6853913.9],[685070.1,6854200.9],[685604.2,6854687.8],[685839.2,6855031.8],[686321.1,6855021.9],[686562.0,6854954.0],[686810.7,6854963.0],[687046.7,6854929.1],[687141.1,6854840.9],[687172.1,6854603.9],[687277.1,6854349.9],[687278.0,6853905.7],[687465.0,6852561.8],[687443.0,6851833.8],[687505.0,6851720.8],[687760.0,6851583.8],[687826.0,6851486.8],[688015.0,6850360.8],[688000.0,6850019.8],[688023.0,6849970.8],[688455.0,6849715.8],[688636.0,6849484.8],[688735.0,6849436.8],[689892.7,6849284.5],[690341.0,6849395.8],[690619.0,6849369.8],[690753.0,6849312.8],[690962.0,6849114.8],[691479.0,6848094.8],[691734.2,6847891.1],[692169.8,6847795.6],[692333.4,6847724.9]]}},{"type":"Feature","properties":{"rodovia":"SC-400","kmInicial":0.0,"kmFinal":3.662,"situacao":"PAV","revestimento":"CA","nome":"ENTR. SC-402 (P/ JURERÊ) → BALNEÁRIO DANIELA (ENTR. RUA DAS PAINEIRAS)"},"geometry":{"type":"LineString","coordinates":[[747590.5,6960437.5],[747558.3,6960501.2],[747539.3,6960708.2],[747420.3,6960892.2],[746873.3,6961395.2],[746570.3,6961407.2],[746000.3,6961321.2],[745924.3,6961283.2],[745748.3,6961097.2],[745675.3,6961070.2],[745021.3,6961187.2],[744870.3,6961307.2],[744790.3,6961425.2],[744700.8,6961477.2]]}},{"type":"Feature","properties":{"rodovia":"SC-401","kmInicial":0.0,"kmFinal":2.06,"situacao":"DUP","revestimento":"CA","nome":"CANASVIEIRAS → ENTR. SC-403 (PARA INGLESES DO RIO VERMELHO"},"geometry":{"type":"LineString","coordinates":[[751256.4,6962880.2],[751308.2,6960818.1]]}},{"type":"Feature","properties":{"rodovia":"SC-401","kmInicial":2.061,"kmFinal":7.091,"situacao":"DUP","revestimento":"CA","nome":"ENTR. SC-403 (PARA INGLESES DO RIO VERMELHO → ENTR. SC-402 (PARA JURERÊ)"},"geometry":{"type":"LineString","coordinates":[[751308.3,6960817.1],[751306.4,6960392.2],[751229.4,6960064.2],[750742.4,6959461.2],[750405.3,6959262.1],[749782.3,6958683.2],[749167.3,6958299.2],[747777.5,6957715.7]]}},{"type":"Feature","properties":{"rodovia":"SC-401","kmInicial":7.092,"kmFinal":10.37,"situacao":"DUP","revestimento":"CA","nome":"ENTR. SC-402 (PARA JURERÊ) → ENTR. ACESSO SANTO ANTÔNIO DE LISBOA"},"geometry":{"type":"LineString","coordinates":[[747776.5,6957715.3],[747472.3,6957584.1],[747273.3,6957435.1],[746791.3,6956877.1],[746408.3,6956300.1],[745874.2,6955870.1],[745598.8,6955580.0],[745537.3,6955422.5]]}},{"type":"Feature","properties":{"rodovia":"SC-401","kmInicial":10.371,"kmFinal":19.625,"situacao":"DUP","revestimento":"CA","nome":"ENTR. ACESSO SANTO ANTÔNIO DE LISBOA → ENTR. SC-404 (P/ LAGOA DA CONCEIÇÃO)"},"geometry":{"type":"LineString","coordinates":[[745537.2,6955421.5],[745649.2,6954606.1],[745615.2,6954041.1],[745471.2,6953356.1],[745483.2,6953147.1],[745574.2,6952858.1],[745551.2,6952517.1],[745579.2,6952286.1],[745731.2,6951979.1],[746864.2,6950420.1],[746955.2,6950281.1],[746985.2,6950144.1],[746965.2,6950036.1],[746572.2,6949272.1],[746339.2,6948578.1],[746285.2,6948331.1],[746205.2,6948269.1],[745814.2,6948199.1],[745636.1,6948084.1],[745595.2,6948008.1],[745520.1,6947684.1],[745361.1,6947328.1],[745286.0,6947277.5]]}},{"type":"Feature","properties":{"rodovia":"SC-401","kmInicial":28.584,"kmFinal":34.125,"situacao":"DUP","revestimento":"CA","nome":"INÍCIO TÚNEL DEP. ANTONIETA DE BARROS → ENTR. TREVO DA SETA"},"geometry":{"type":"LineString","coordinates":[[742104.0,6943895.1],[743631.1,6943179.1],[743762.1,6943081.1],[743833.1,6942986.1],[743899.1,6942783.1],[743937.1,6942195.1],[744078.6,6941698.2],[743985.8,6941177.9],[743997.4,6941002.7],[744204.9,6940459.5],[744222.6,6939748.0],[744340.1,6939646.9],[744376.6,6939564.8],[744460.0,6939499.3],[744509.1,6939505.9]]}},{"type":"Feature","properties":{"rodovia":"SC-401","kmInicial":34.126,"kmFinal":36.06,"situacao":"DUP","revestimento":"CA","nome":"ENTR. TREVO DA SETA → ENTR. ACESSO ESTÁDIO DA RESSACADA/CARIANOS"},"geometry":{"type":"LineString","coordinates":[[744508.6,6939508.3],[744531.3,6939385.3],[744461.3,6939133.6],[744182.7,6938601.9],[744037.3,6938412.2],[743805.4,6937942.3]]}},{"type":"Feature","properties":{"rodovia":"SC-401","kmInicial":36.061,"kmFinal":39.38,"situacao":"DUP","revestimento":"CA","nome":"ENTR. ACESSO ESTÁDIO DA RESSACADA/CARIANOS → ENTR. ACESSO AEROPORTO HERCÍLIO LUZ"},"geometry":{"type":"LineString","coordinates":[[743805.2,6937941.3],[743791.1,6937813.0],[743829.5,6937728.2],[743881.0,6937668.7],[744019.3,6937615.2],[744267.6,6937443.6],[744348.4,6937356.8],[744395.8,6937221.5],[744363.5,6937030.7],[744320.1,6936967.1],[743903.2,6936591.6],[743863.8,6936468.4],[743879.0,6936347.3],[743962.8,6936222.1],[744205.0,6936021.2],[744749.1,6935706.3],[744805.7,6935640.6],[744859.5,6935478.9]]}},{"type":"Feature","properties":{"rodovia":"SC-401","kmInicial":39.381,"kmFinal":40.115,"situacao":"PAV","revestimento":"CA","nome":"ENTR. ACESSO AEROPORTO HERCÍLIO LUZ → ENTR. SC-405"},"geometry":{"type":"LineString","coordinates":[[744860.4,6935479.3],[745027.7,6935554.8],[745104.4,6935560.9],[745566.6,6935468.0]]}},{"type":"Feature","properties":{"rodovia":"SC-402","kmInicial":0.0,"kmFinal":2.813,"situacao":"PAV","revestimento":"CA","nome":"ENTR. SC-401 (P/ CANASVIEIRAS) → ENTR. SC-400 (P/ BALNEÁRIO DANIELA)"},"geometry":{"type":"LineString","coordinates":[[747777.5,6957715.7],[748013.3,6958558.2],[748033.3,6958749.2],[747578.3,6960232.2],[747565.3,6960347.2],[747590.1,6960436.6]]}},{"type":"Feature","properties":{"rodovia":"SC-402","kmInicial":2.814,"kmFinal":4.436,"situacao":"PAV","revestimento":"CA","nome":"ENTR. SC-400 (P/ BALNEÁRIO DANIELA) → JURERÊ (ENTR. AVENIDA DOS DOURADOS)"},"geometry":{"type":"LineString","coordinates":[[747590.5,6960437.5],[747674.4,6960559.0],[748119.3,6960867.2],[748227.3,6960981.2],[748272.3,6961116.2],[748370.9,6961725.8]]}},{"type":"Feature","properties":{"rodovia":"SC-403","kmInicial":0.0,"kmFinal":4.8,"situacao":"DUP","revestimento":"CA","nome":"ENTR. SC-401 (P/ CANASVIEIRAS) → KM 4,8"},"geometry":{"type":"LineString","coordinates":[[751308.2,6960818.1],[751937.4,6960842.2],[752836.4,6960989.2],[753008.4,6961033.2],[753350.4,6961218.2],[753502.4,6961266.2],[754689.4,6961395.2],[754953.4,6961669.2],[755133.5,6961805.2],[755277.4,6962106.2],[755341.4,6962183.2],[755625.3,6962279.1]]}},{"type":"Feature","properties":{"rodovia":"SC-403","kmInicial":4.801,"kmFinal":5.696,"situacao":"DUP","revestimento":"CA","nome":"INGLESES DO RIO VERMELHO → ENTR. SC-406 (P/ SÃO JOÃO DO RIO VERMELHO)"},"geometry":{"type":"LineString","coordinates":[[755626.3,6962279.3],[756055.5,6962372.2],[756508.6,6962390.2]]}},{"type":"Feature","properties":{"rodovia":"SC-403","kmInicial":5.697,"kmFinal":6.87,"situacao":"DUP","revestimento":"CA","nome":"ENTR. SC-406 (P/ SÃO JOÃO DO RIO VERMELHO) → INGLESES DO RIO VERMELHO"},"geometry":{"type":"LineString","coordinates":[[756509.6,6962390.2],[757120.5,6962416.2],[757668.5,6962535.8]]}},{"type":"Feature","properties":{"rodovia":"SC-404","kmInicial":0.0,"kmFinal":6.239,"situacao":"PAV","revestimento":"CA","nome":"ENTR. SC-401 (ITACORUBI) → LAGOA DA CONCEIÇÃO (ENTR. RUA LAURINDO JANUÁRIO DA SILVA)"},"geometry":{"type":"LineString","coordinates":[[745285.1,6947277.1],[745486.1,6947127.1],[745733.1,6947100.1],[746323.1,6946898.1],[746453.1,6946456.1],[747305.1,6945711.1],[747516.1,6945130.1],[747627.1,6944994.1],[747721.1,6944778.1],[747836.1,6944613.1],[747882.1,6944590.1],[748066.1,6944584.1],[748171.2,6944610.1],[748253.1,6944587.1],[748430.2,6944643.1],[748565.4,6944553.2],[748573.1,6944431.1],[748894.1,6944532.1],[748810.2,6944411.7],[748888.1,6944431.1],[749101.6,6944595.6],[749072.1,6944465.1],[749191.1,6944610.1],[749242.1,6944634.1],[749411.3,6944435.0]]}},{"type":"Feature","properties":{"rodovia":"SC-405","kmInicial":0.0,"kmFinal":2.85,"situacao":"PAV","revestimento":"CA","nome":"ENTR. SC-401 (TREVO DA SETA) → ENTR. ACESSO RIO TAVARES"},"geometry":{"type":"LineString","coordinates":[[744509.2,6939505.9],[745051.0,6938666.1],[745304.0,6938377.1],[745508.0,6938287.1],[745839.0,6938280.1],[745959.0,6938323.1],[745998.0,6938308.1],[746156.0,6938174.1],[746249.0,6938001.1],[746418.0,6937922.1],[746501.0,6937810.1]]}},{"type":"Feature","properties":{"rodovia":"SC-405","kmInicial":2.851,"kmFinal":4.014,"situacao":"PAV","revestimento":"CA","nome":"ENTR. ACESSO RIO TAVARES → ENTR. ACESSO CAMPECHE"},"geometry":{"type":"LineString","coordinates":[[746500.4,6937809.4],[746387.0,6937601.1],[746380.0,6937420.1],[746235.0,6937164.1],[746185.0,6936913.1],[746059.0,6936798.1]]}},{"type":"Feature","properties":{"rodovia":"SC-405","kmInicial":4.015,"kmFinal":5.443,"situacao":"PAV","revestimento":"CA","nome":"ENTR. ACESSO CAMPECHE → ENTR. SC-401"},"geometry":{"type":"LineString","coordinates":[[746058.2,6936797.5],[745943.0,6936677.1],[745630.0,6935765.1],[745574.7,6935492.8]]}},{"type":"Feature","properties":{"rodovia":"SC-405","kmInicial":5.444,"kmFinal":8.168,"situacao":"PAV","revestimento":"CA","nome":"ENTR.SC-401 → ENTR. SC-406 (TREVO DO ERASMO)"},"geometry":{"type":"LineString","coordinates":[[745574.6,6935491.9],[745522.0,6934471.1],[745407.0,6933644.1],[745620.0,6933198.1],[745660.0,6932832.1]]}},{"type":"Feature","properties":{"rodovia":"SC-406","kmInicial":0.0,"kmFinal":5.5,"situacao":"PAV","revestimento":"CA","nome":"INGLESES DO RIO VERMELHO (ENTR. SC-403) → SÃO JOÃO DO RIO VERMELHO"},"geometry":{"type":"LineString","coordinates":[[756508.6,6962390.2],[756544.5,6962216.2],[756771.5,6962206.2],[756787.5,6962115.3],[756539.5,6961034.2],[756528.5,6960760.2],[756437.4,6960208.2],[756497.4,6959881.2],[756364.5,6959446.2],[756146.3,6959111.8],[755850.4,6958814.2],[755781.4,6958795.2],[755356.4,6958807.2],[755319.4,6958784.2],[755171.4,6958405.2],[755060.9,6957919.8]]}},{"type":"Feature","properties":{"rodovia":"SC-406","kmInicial":5.501,"kmFinal":7.9,"situacao":"PAV","revestimento":"RP","nome":"SÃO JOÃO DO RIO VERMELHO → ENTR. P/ BARRA DA LAGOA"},"geometry":{"type":"LineString","coordinates":[[755060.7,6957918.8],[754968.4,6957588.2],[754885.4,6957427.2],[754887.4,6957103.2],[754945.4,6956727.2],[754932.4,6956589.2],[754864.4,6956382.2],[754912.4,6955840.2],[754850.3,6955597.0]]}},{"type":"Feature","properties":{"rodovia":"SC-406","kmInicial":7.901,"kmFinal":18.094,"situacao":"PAV","revestimento":"CA","nome":"ENTR. P/ BARRA DA LAGOA → BARRA DA LAGOA"},"geometry":{"type":"LineString","coordinates":[[754850.0,6955596.1],[754775.4,6955396.2],[754557.4,6955208.2],[754522.4,6955058.2],[754441.4,6954919.2],[754443.4,6954738.2],[754607.4,6954488.2],[754630.4,6954390.2],[754607.4,6953896.2],[754401.3,6953282.1],[754406.3,6953198.1],[754486.3,6953026.1],[754461.3,6952812.1],[754305.3,6952646.1],[754083.3,6952553.1],[753689.3,6952117.1],[753663.3,6951835.1],[753164.3,6950199.1],[753007.3,6949017.1],[753035.3,6948940.1],[753210.3,6948775.1],[753287.2,6948649.1],[753309.2,6947420.1],[753300.2,6947242.1],[753128.2,6946540.1],[753099.5,6946244.0]]}},{"type":"Feature","properties":{"rodovia":"SC-406","kmInicial":18.095,"kmFinal":21.565,"situacao":"PAV","revestimento":"CA","nome":"BARRA DA LAGOA → ENTR. ACESSO PRAIA DA JOAQUINA"},"geometry":{"type":"LineString","coordinates":[[753099.2,6946243.1],[753039.2,6946073.1],[753090.2,6945763.1],[753093.2,6945148.1],[753026.2,6944990.1],[753075.2,6944911.1],[753062.2,6944745.1],[753119.2,6944661.1],[753168.2,6944326.1],[753014.2,6943936.1],[752892.2,6943891.1],[752722.2,6943947.1],[752654.2,6943894.1],[752632.2,6943790.2],[752558.2,6943673.1],[752586.1,6943443.1],[752458.9,6943349.2]]}},{"type":"Feature","properties":{"rodovia":"SC-406","kmInicial":23.712,"kmFinal":29.67,"situacao":"PAV","revestimento":"CA","nome":"LAGOA DA CONCEIÇÃO (RUA VEREADOR OSNI ORTIGA ENTR. AV. DAS RENDEIRAS) → RIO TAVARES"},"geometry":{"type":"LineString","coordinates":[[750488.1,6943783.1],[750305.1,6943359.1],[750285.1,6943184.2],[750367.1,6942957.1],[750294.1,6942812.1],[750309.1,6942388.1],[750082.1,6941894.1],[749956.1,6941684.1],[749701.1,6941596.1],[749473.1,6941470.1],[749402.1,6941269.1],[749478.1,6940923.1],[749478.1,6940716.1],[749336.1,6940484.1],[749291.1,6940331.1],[749142.1,6940075.2],[749094.2,6939777.6],[748864.1,6939534.1],[748727.1,6939310.1],[748704.1,6939186.1],[748761.1,6939033.1],[748691.1,6938786.1],[748608.9,6938659.1]]}},{"type":"Feature","properties":{"rodovia":"SC-406","kmInicial":37.486,"kmFinal":39.64,"situacao":"PAV","revestimento":"CA","nome":"ENTR. SC-405 (TREVO DO ERASMO) → MORRO DAS PEDRAS"},"geometry":{"type":"LineString","coordinates":[[745660.9,6932832.5],[745790.0,6932870.1],[745836.0,6932825.1],[745845.0,6932772.1],[745796.0,6932679.1],[745639.0,6932546.1],[745483.0,6932243.1],[745440.9,6932022.1],[745504.9,6931676.1],[745564.9,6931628.1],[745862.9,6931693.1],[746100.9,6931555.1]]}},{"type":"Feature","properties":{"rodovia":"SC-406","kmInicial":39.641,"kmFinal":46.921,"situacao":"PAV","revestimento":"CA","nome":"MORRO DAS PEDRAS → PANTANO SUL"},"geometry":{"type":"LineString","coordinates":[[746101.5,6931554.3],[746166.9,6931455.1],[746116.9,6931193.1],[746059.9,6931059.1],[745800.9,6930785.1],[745759.9,6930633.1],[745492.9,6929302.1],[745454.9,6928625.1],[745352.9,6928214.1],[745440.9,6927815.1],[745444.9,6927649.1],[745425.9,6927092.1],[745324.9,6926582.1],[745377.9,6926381.1],[745569.9,6926065.1],[745624.9,6925882.2],[745719.9,6925736.1],[745865.9,6925603.2],[745873.9,6925560.2],[745671.8,6924978.2],[745605.8,6924683.2]]}},{"type":"Feature","properties":{"rodovia":"SC-407","kmInicial":0.0,"kmFinal":11.434,"situacao":"PAV","revestimento":"CA","nome":"BIGUAÇU (ENTR. BR-101) → JURISDIÇÃO SIE FINAL (ANTÔNIO CARLOS)"},"geometry":{"type":"LineString","coordinates":[[731603.5,6957176.2],[731539.0,6957197.1],[731262.0,6957435.1],[731129.0,6957474.1],[731016.0,6957473.1],[730838.0,6957392.1],[730583.9,6957147.1],[730488.9,6957090.1],[730368.9,6957061.1],[730111.9,6957060.1],[729875.9,6956898.1],[729685.9,6956866.1],[729524.9,6957069.1],[729392.9,6957153.1],[729217.8,6957159.5],[729015.9,6957086.1],[728845.9,6957119.1],[728752.9,6957354.1],[728616.9,6957519.1],[728570.9,6957706.1],[728581.9,6957919.1],[728482.9,6958018.1],[728374.9,6958065.1],[728293.9,6957953.1],[728113.9,6957833.1],[727874.9,6957827.1],[727669.9,6957752.1],[727472.0,6957433.2],[727299.9,6957312.1],[727197.9,6957284.1],[726782.9,6957282.1],[726521.9,6956966.1],[726469.9,6956833.1],[726381.9,6956769.1],[726085.9,6956779.1],[725942.9,6956726.1],[725767.9,6956722.1],[725575.0,6956650.6],[725209.9,6957057.1],[725148.9,6957088.2],[725033.9,6957064.2],[724891.9,6957077.2],[724349.9,6956897.2],[724266.9,6956735.2],[724136.9,6956586.2],[723962.9,6956491.2],[723900.9,6956303.1],[723613.9,6956216.1],[723558.9,6956165.2],[723540.9,6956102.1],[723599.9,6956003.1],[723596.9,6955927.1],[723465.9,6955763.1],[723439.9,6955645.2],[723364.9,6955512.2],[723334.9,6955309.2],[723270.8,6955278.6]]}},{"type":"Feature","properties":{"rodovia":"SC-408","kmInicial":0.0,"kmFinal":41.782,"situacao":"LEN","revestimento":"","nome":"MAJOR GERCINO (ENTR. SC-108) → DIVISA DE MUNICÍPIOS DE MAJOR GERCINO/LEOBERTO LEAL"},"geometry":{"type":"LineString","coordinates":[[701904.7,6965025.9],[701726.0,6965260.0],[701968.9,6965507.4],[702089.9,6965685.9],[702068.9,6965734.4],[701914.9,6965810.5],[701762.9,6966025.4],[701742.9,6966374.4],[701690.9,6966504.4],[701623.9,6966572.4],[701508.9,6966613.4],[701220.9,6966600.8],[701127.9,6966538.4],[701009.9,6966533.4],[700955.9,6966568.4],[700899.9,6966668.4],[700796.9,6966646.4],[700723.9,6966570.4],[700673.9,6966560.4],[700494.9,6966606.4],[700462.9,6966560.4],[700454.2,6966435.0],[700393.0,6966408.4],[700366.9,6966461.4],[700374.9,6966607.4],[700244.9,6966609.4],[700211.9,6966639.4],[700203.9,6966716.4],[700274.9,6966821.4],[700525.9,6966925.4],[700610.9,6967158.4],[700691.4,6967177.4],[700702.9,6967211.4],[700525.9,6967269.4],[700446.9,6967151.4],[699982.9,6967121.4],[699892.9,6967010.4],[699858.9,6967019.9],[699896.9,6967129.4],[699884.9,6967191.4],[699837.9,6967211.4],[699753.9,6967186.4],[699832.9,6967291.4],[699866.4,6967421.4],[699840.9,6967546.4],[699799.9,6967589.4],[699705.9,6967612.4],[699707.9,6967733.4],[699640.9,6967925.4],[699464.9,6968077.4],[699403.9,6968280.4],[699418.4,6968519.9],[699315.9,6968560.4],[699259.9,6968449.4],[699173.9,6968369.4],[699071.9,6968289.4],[698937.9,6968246.4],[698736.9,6968360.4],[698654.9,6968372.4],[698575.9,6968344.4],[698397.9,6968369.4],[698275.9,6968455.4],[698203.9,6968467.5],[697863.9,6968404.5],[697733.9,6968453.5],[697640.9,6968415.5],[697344.9,6968447.5],[697137.9,6968352.5],[697022.0,6968329.5],[696711.0,6968411.5],[696645.9,6968370.5],[696623.9,6968275.5],[696565.9,6968198.5],[696518.9,6968244.5],[696514.6,6968301.8],[696410.9,6968227.5],[696322.9,6968248.5],[696223.9,6968030.0],[696191.5,6968023.0],[696072.9,6968192.5],[695999.9,6968205.5],[695871.9,6968174.5],[695776.9,6968258.5],[695488.9,6968382.5],[695282.9,6968602.5],[695164.9,6968580.0],[695139.5,6968586.0],[695127.9,6968675.5],[695032.0,6968659.5],[695003.9,6968567.5],[694883.9,6968483.5],[694734.9,6968523.5],[694662.9,6968500.5],[694641.9,6968337.5],[694731.9,6968134.5],[694752.9,6967896.5],[694680.9,6967588.5],[694556.9,6967672.4],[694440.9,6967631.5],[694412.9,6967568.5],[694358.4,6967622.5],[694309.9,6967597.5],[694160.0,6967607.5],[694069.9,6967642.5],[694010.9,6967768.5],[693910.9,6967834.0],[693566.9,6967686.5],[693496.9,6967692.5],[693463.9,6967770.0],[693423.9,6967778.5],[693377.0,6967729.5],[693307.9,6967528.5],[693169.9,6967452.5],[693091.9,6967447.5],[693011.9,6967370.5],[692881.9,6967303.5],[692823.9,6967187.5],[692822.4,6967104.5],[692710.4,6967203.0],[692615.9,6967145.5],[692296.9,6967082.5],[692259.9,6966923.5],[692124.9,6966766.5],[691887.9,6966589.5],[691719.9,6966335.5],[691556.9,6966283.5],[691483.9,6966342.5],[691426.9,6966331.5],[691394.1,6966221.2],[691270.9,6966100.5],[691119.9,6965871.5],[690974.9,6965875.5],[690857.0,6965812.5],[690775.9,6965705.5],[690597.0,6965713.5],[690478.9,6965645.5],[690407.9,6965559.5],[690231.9,6965493.5],[690097.9,6965506.5],[689956.9,6965353.5],[689866.9,6965373.5],[689722.9,6965294.5],[689340.0,6965311.5],[688897.0,6965173.5],[688363.0,6965155.0],[688344.0,6964804.5],[688179.0,6964781.5],[687966.0,6964634.5],[687853.6,6964627.0],[687731.0,6964483.5],[687716.0,6964411.5],[687413.0,6964272.2],[687349.0,6964277.5],[687264.0,6964378.5],[687180.0,6964412.5],[687076.0,6964356.5],[687090.0,6964263.5],[687048.0,6964209.5],[686926.0,6964219.5],[686854.0,6964292.5],[686776.0,6964269.5],[686732.0,6964103.5],[686704.0,6964082.5],[686586.0,6964137.5],[686411.0,6964145.5],[686340.0,6964106.0],[686324.0,6964029.5],[686251.0,6963995.5],[686208.0,6964017.5],[686178.0,6964082.5],[686109.0,6964059.5],[686035.0,6964083.5],[685926.0,6963915.5],[685827.0,6963842.5],[685701.0,6963898.5],[685671.0,6964027.5],[685517.0,6963964.5],[685354.0,6964019.5],[685083.0,6963891.5],[684855.0,6963859.5],[684816.0,6963828.5],[684731.0,6963576.5],[684665.0,6963497.5],[684621.9,6963494.1],[684578.0,6963532.0],[684372.5,6963535.5],[684398.0,6963442.0],[684307.0,6963381.5],[684313.0,6963273.5],[684215.0,6963171.5],[684183.4,6963176.1],[684156.5,6963248.5],[684065.0,6963256.5],[684060.5,6963349.0],[683966.0,6963432.5],[683902.0,6963436.5],[683855.0,6963540.5],[683829.0,6963546.5],[683774.0,6963470.5],[683711.0,6963447.5],[683742.0,6963363.5],[683656.0,6963253.5],[683675.5,6963220.5],[683750.0,6963224.5],[683810.0,6963170.5],[683772.0,6963084.5],[683797.0,6962980.5],[683781.0,6962897.5],[683741.0,6962898.5],[683717.0,6962967.5],[683691.0,6962969.5],[683648.5,6962894.5],[683623.0,6962901.0],[683605.0,6962985.5],[683392.5,6963255.5],[683292.0,6963120.5],[683308.0,6963039.0],[683184.0,6963015.5],[683152.0,6962970.5],[683104.0,6962960.5],[682997.0,6962985.5],[682977.0,6962938.5],[682991.0,6962842.5],[682900.0,6962779.5],[682832.0,6962767.5],[682693.0,6962768.5],[682615.0,6962844.5],[682498.0,6962839.5],[682394.0,6962903.5],[682302.0,6962908.5],[682176.0,6963160.5],[682011.0,6963278.5],[681950.0,6963491.5],[681799.0,6963589.5],[681774.0,6963825.5],[681679.0,6963920.5],[681746.0,6964083.5],[681684.0,6964139.6],[681644.0,6964293.5],[681568.0,6964338.5],[681543.0,6964389.5],[681406.0,6964347.5],[681261.0,6964399.5],[681202.0,6964437.5],[681164.0,6964532.5],[681132.0,6964548.5],[681037.0,6964549.5],[680979.0,6964477.5],[680933.0,6964462.5],[680763.0,6964551.5],[680574.0,6964517.5],[680539.0,6964597.5],[680522.5,6964793.0],[680607.0,6964864.5],[680670.0,6965035.5],[680625.0,6965246.5],[680519.0,6965387.5],[680132.0,6965410.5],[679775.0,6965120.5],[679559.0,6965101.5],[679451.0,6965152.5],[679310.0,6965316.5],[679214.0,6965342.5],[678313.0,6966166.5],[677359.0,6966106.5],[677286.0,6966088.5],[677161.0,6965992.5],[677103.0,6965994.5],[676888.0,6966087.5],[676744.0,6966102.5],[676641.0,6966199.5],[676602.9,6966361.1]]}},{"type":"Feature","properties":{"rodovia":"SC-408","kmInicial":41.783,"kmFinal":49.469,"situacao":"LEN","revestimento":"","nome":"DIVISA DE MUNICÍPIOS DE MAJOR GERCINO/LEOBERTO LEAL → ENTR. SC-410 (P/ NOVA TRENTO)"},"geometry":{"type":"LineString","coordinates":[[676602.7,6966362.1],[676596.0,6966402.0],[676555.5,6966417.0],[676514.0,6966371.6],[676389.5,6966408.0],[676353.0,6966360.6],[676192.0,6966329.6],[676123.0,6966271.6],[676030.0,6966269.6],[675865.0,6966196.6],[675838.1,6966140.6],[675780.0,6966132.6],[675525.6,6966224.1],[675479.0,6966296.6],[675246.0,6966219.6],[675110.0,6966290.6],[675076.0,6966395.6],[674989.0,6966387.6],[674864.0,6966446.6],[674722.0,6966407.6],[674674.0,6966315.6],[674723.0,6966206.1],[674619.0,6966187.6],[674604.0,6965858.6],[674560.0,6965845.0],[674551.5,6965795.6],[674459.0,6965796.6],[674380.0,6965737.1],[674344.0,6965775.1],[674264.0,6965755.6],[674240.0,6965668.1],[674056.1,6965574.6],[674059.0,6965502.6],[673964.0,6965486.6],[673772.0,6965350.6],[673636.0,6965402.6],[673495.0,6965313.6],[673362.1,6965303.6],[673312.3,6965196.2],[673249.0,6965199.6],[673219.0,6965230.6],[673093.0,6965182.6],[673082.5,6965230.6],[673044.0,6965236.6],[672623.0,6965125.6],[672550.0,6965167.7],[672562.5,6965269.6],[672361.0,6965314.6],[672255.0,6965144.6],[672163.0,6965090.6],[672033.0,6965070.6],[671898.5,6965141.1],[671828.0,6965018.6],[671933.0,6964880.6],[671807.5,6964538.6],[671713.0,6964368.6],[671536.0,6964286.6],[671526.0,6964248.6]]}},{"type":"Feature","properties":{"rodovia":"SC-408","kmInicial":49.47,"kmFinal":59.02,"situacao":"LEN","revestimento":"","nome":"ENTR. SC-410 (P/ NOVA TRENTO) → LEOBERTO LEAL (ENTR. SC-281)"},"geometry":{"type":"LineString","coordinates":[[671526.7,6964247.8],[671617.0,6964152.6],[671514.1,6964135.1],[671504.0,6964014.6],[671470.0,6963959.6],[671522.0,6963803.6],[671484.1,6963722.1],[671507.0,6963634.6],[671337.0,6963195.6],[671410.0,6963012.6],[671346.0,6962931.6],[671364.0,6962794.6],[671323.0,6962584.6],[671367.0,6962465.6],[671495.0,6962310.6],[671519.0,6962160.6],[671596.0,6962034.6],[671636.0,6961756.6],[671393.0,6961384.6],[671436.0,6961116.6],[671359.0,6960952.6],[671395.0,6960928.6],[671470.0,6960940.6],[671513.0,6960896.6],[671456.0,6960680.6],[671404.0,6960594.6],[671130.0,6960503.6],[671128.0,6960355.6],[670996.0,6960238.6],[670825.0,6960016.6],[670762.0,6959909.6],[670690.0,6959662.6],[670369.0,6959363.6],[670285.1,6959242.6],[670180.0,6959174.6],[670100.0,6958937.6],[670024.1,6958929.6],[669991.0,6958895.6],[670038.0,6958725.6],[670026.0,6958652.6],[669889.0,6958528.6],[669808.0,6958497.6],[669811.0,6958287.6],[669543.0,6958042.6],[669442.0,6957844.6],[669478.0,6957771.6],[669382.0,6957494.6],[669081.0,6957097.6],[669038.0,6956721.6],[669066.0,6956495.1]]}},{"type":"Feature","properties":{"rodovia":"SC-408","kmInicial":59.021,"kmFinal":88.039,"situacao":"LEN","revestimento":"","nome":"LEOBERTO LEAL (ENTR. SC-281) → ALFREDO WAGNER (ENTR. SC-350)"},"geometry":{"type":"LineString","coordinates":[[669066.7,6956494.4],[669269.0,6956304.6],[669214.0,6956233.6],[669255.0,6956191.6],[669294.0,6955724.6],[669401.0,6955318.6],[669458.0,6955234.6],[669468.0,6955106.6],[669677.0,6954730.6],[669890.0,6954588.6],[669944.0,6954500.6],[669795.0,6953924.6],[669884.0,6953476.6],[669797.0,6953330.6],[669723.1,6953270.6],[669639.0,6953074.6],[669699.0,6952678.6],[669685.5,6952595.1],[669734.0,6952555.6],[669911.0,6952525.6],[669962.0,6952477.6],[669990.0,6952393.6],[669840.0,6952092.6],[669784.0,6951872.6],[669817.0,6951700.6],[669790.0,6951533.6],[669833.0,6951330.6],[669787.0,6951178.6],[669799.0,6950939.6],[669724.0,6950622.6],[669760.0,6950537.6],[669989.0,6950238.6],[670019.0,6950049.6],[670189.0,6949871.6],[670178.0,6949715.6],[670081.0,6949654.6],[670049.0,6949578.6],[670233.0,6949412.6],[670222.0,6949302.7],[670296.0,6949013.6],[670255.0,6948847.6],[670382.0,6948610.6],[670371.0,6948378.6],[670481.0,6948216.6],[670443.0,6947809.6],[670812.0,6947549.6],[670916.0,6947367.6],[670909.0,6947274.6],[670872.0,6947215.6],[670685.6,6947085.5],[670646.0,6946812.6],[670477.0,6946871.6],[670300.0,6946735.6],[670008.0,6946709.6],[669955.0,6946671.6],[669870.0,6946325.6],[669563.0,6945800.6],[669450.0,6945707.6],[669286.0,6945496.6],[669063.0,6945307.6],[669045.5,6945193.2],[668972.5,6945341.6],[668883.0,6945334.1],[668913.0,6945205.7],[668893.0,6945137.7],[668797.0,6945084.6],[668750.5,6945129.1],[668694.0,6945106.6],[668615.0,6944991.7],[668630.0,6944929.7],[668447.0,6944769.7],[668350.0,6944590.7],[668416.0,6944535.7],[668468.0,6944384.7],[668397.0,6944288.7],[668279.0,6944208.7],[668104.0,6943966.7],[668123.0,6943917.7],[668268.0,6943861.7],[668467.0,6943601.7],[668658.0,6943541.7],[668721.0,6943494.7],[668897.0,6943313.7],[669036.0,6943049.7],[669056.0,6942942.7],[669007.0,6942125.7],[668814.0,6941560.7],[668787.0,6941526.7],[668557.0,6941466.7],[668290.0,6941336.7],[667945.0,6941088.7],[667656.0,6941066.7],[667606.0,6941013.7],[667556.0,6941003.7],[667384.0,6941057.7],[667419.0,6940904.7],[667328.0,6940807.7],[667483.0,6940706.7],[667525.0,6940591.7],[667439.0,6940509.7],[667391.0,6940176.7],[667166.0,6940104.7],[666875.0,6939797.7],[666774.0,6939820.7],[666638.0,6939910.7],[666581.0,6939900.7],[666492.0,6939793.7],[666155.0,6939636.7],[665840.0,6939393.7],[665706.0,6939346.7],[665545.0,6938904.7],[665224.0,6938667.7],[664993.0,6938355.7],[664852.0,6937799.7],[664732.0,6937674.8],[664602.0,6937622.8],[664565.0,6937296.7],[664521.0,6937188.7],[664447.0,6937197.7],[664402.0,6937131.7],[664429.0,6936709.7],[664517.0,6936551.7],[664532.0,6936265.8],[664275.0,6935931.8],[664084.0,6935914.8],[663947.0,6935999.8],[663868.0,6935959.8],[663944.0,6935762.8],[664243.0,6935614.8]]}},{"type":"Feature","properties":{"rodovia":"SC-410","kmInicial":0.0,"kmFinal":15.184,"situacao":"PAV","revestimento":"CA","nome":"TIJUCAS (ENTR. BR-101) → CANELINHA"},"geometry":{"type":"LineString","coordinates":[[734608.1,6984745.2],[734298.7,6984759.6],[732855.6,6983697.6],[732806.6,6983336.5],[732524.6,6983035.5],[731928.6,6982868.5],[731691.6,6982865.5],[731375.6,6982990.5],[731236.5,6982986.5],[730971.5,6982788.5],[730484.5,6982743.5],[729989.5,6982598.5],[729591.5,6982668.5],[729455.5,6982655.5],[729104.5,6982455.5],[728883.5,6982219.5],[728593.5,6982066.5],[728310.5,6982031.5],[727849.5,6982190.5],[727516.5,6982205.5],[727308.5,6982260.5],[726984.5,6982545.5],[726437.5,6982875.5],[726105.5,6982933.5],[724852.4,6982650.5],[724138.4,6982200.5],[723871.8,6982129.5],[723720.4,6982122.5],[722915.4,6982206.5],[721810.4,6982098.5],[721042.5,6982175.3]]}},{"type":"Feature","properties":{"rodovia":"SC-410","kmInicial":15.185,"kmFinal":23.534,"situacao":"PAV","revestimento":"CA","nome":"CANELINHA → ENTR. SC-108 (P/ SÃO JOÃO BATISTA)"},"geometry":{"type":"LineString","coordinates":[[721041.5,6982175.4],[720345.4,6982236.0],[719180.3,6981830.5],[717605.3,6981719.5],[717265.3,6981648.5],[716973.3,6981784.5],[716725.3,6982061.5],[716510.3,6982241.5],[716089.3,6982674.6],[715988.3,6982727.6],[715891.3,6982726.6],[715582.3,6982591.6],[715368.3,6982551.6],[714182.3,6982740.6],[714025.3,6982744.6],[713820.3,6982686.6],[713321.9,6982375.3]]}},{"type":"Feature","properties":{"rodovia":"SC-410","kmInicial":24.442,"kmFinal":33.403,"situacao":"PAV","revestimento":"CA","nome":"ENTR. SC-108 (P/ BRUSQUE) → NOVA TRENTO"},"geometry":{"type":"LineString","coordinates":[[712449.3,6982209.1],[712213.5,6982187.4],[712081.3,6982141.5],[711647.2,6981570.5],[711454.2,6981483.5],[710921.2,6981363.5],[710409.2,6980858.5],[709923.2,6980540.5],[709814.2,6980500.5],[709473.2,6980464.5],[709341.2,6980397.5],[708788.2,6979737.5],[708676.1,6979656.5],[708556.2,6979618.5],[708403.2,6979621.5],[708284.2,6979661.5],[707761.2,6980025.5],[707196.2,6980273.5],[707094.2,6980283.5],[706866.2,6980229.5],[706186.2,6980451.5],[705978.2,6980373.5],[705627.1,6980344.5],[705371.1,6980180.5],[704821.8,6980180.5]]}},{"type":"Feature","properties":{"rodovia":"SC-410","kmInicial":33.404,"kmFinal":34.782,"situacao":"PAV","revestimento":"CA","nome":"NOVA TRENTO → ENTR. ACESSO SUL DISTRITO CLARAÍBA"},"geometry":{"type":"LineString","coordinates":[[704820.9,6980180.5],[704789.1,6980177.5],[704785.1,6980279.5],[704703.1,6980290.5],[704693.1,6980439.5],[704621.1,6980601.5],[704511.1,6980647.5],[704319.2,6980614.0],[704270.1,6980651.5],[704152.3,6980845.8],[704174.1,6981060.5]]}},{"type":"Feature","properties":{"rodovia":"SC-412","kmInicial":0.0,"kmFinal":1.8,"situacao":"DUP","revestimento":"CA","nome":"ENTR. BR-101 (P/ ITAJAÍ) → FIM TRECHO DUPLICADO"},"geometry":{"type":"LineString","coordinates":[[726321.0,7023710.6],[724612.2,7024136.7]]}},{"type":"Feature","properties":{"rodovia":"SC-412","kmInicial":1.801,"kmFinal":12.275,"situacao":"PAV","revestimento":"CA","nome":"FIM TRECHO DUPLICADO → JURISDIÇÃO SIE FINAL (ILHOTA)"},"geometry":{"type":"LineString","coordinates":[[724611.2,7024136.9],[724380.0,7024205.6],[723769.9,7024186.6],[723476.9,7024135.6],[723145.9,7024023.6],[722514.9,7023627.6],[721626.9,7023556.6],[721375.9,7023576.6],[721129.9,7023691.6],[721026.9,7023786.6],[720736.9,7024870.6],[720640.9,7025061.6],[720464.9,7025286.6],[720366.9,7025393.6],[720226.9,7025478.6],[719922.9,7025598.6],[719750.9,7025606.6],[719458.9,7025527.6],[718930.8,7025050.6],[718311.8,7024591.6],[716910.8,7023989.5],[716338.7,7023560.5],[716185.7,7023381.2]]}},{"type":"Feature","properties":{"rodovia":"SC-412","kmInicial":14.167,"kmFinal":25.243,"situacao":"PAV","revestimento":"CA","nome":"JURISDIÇÃO SIE INICIAL (ILHOTA) → ENTR. ACESSO GASPAR"},"geometry":{"type":"LineString","coordinates":[[714762.5,7022330.4],[714153.7,7022050.5],[713887.7,7021898.5],[713660.7,7021873.5],[713158.6,7021739.5],[712658.6,7021676.5],[712462.6,7021623.5],[712070.6,7021653.5],[711909.0,7021620.7],[711430.6,7021290.5],[711269.6,7021136.5],[710990.6,7020961.5],[709793.6,7019978.5],[709547.6,7019851.6],[709429.6,7019820.6],[709282.6,7019841.6],[709185.6,7019901.6],[708894.6,7020277.6],[707761.6,7021231.6],[707598.6,7021331.6],[706867.6,7021642.6],[705952.5,7021741.6],[705412.6,7021900.9],[705288.5,7021901.6],[705137.9,7021857.2]]}},{"type":"Feature","properties":{"rodovia":"SC-412","kmInicial":25.244,"kmFinal":28.807,"situacao":"PAV","revestimento":"CA","nome":"ENTR. ACESSO GASPAR → CONTORNO RODOVIÁRIO GASPAR (ENTR. SC-108 P/ BRUSQUE)"},"geometry":{"type":"LineString","coordinates":[[705137.0,7021856.6],[705078.5,7021801.6],[705041.5,7021691.6],[705109.5,7021481.6],[705288.5,7020341.6],[705285.5,7019869.6],[705226.5,7019682.6],[705104.5,7019556.6],[704937.5,7019493.6],[704074.5,7019464.6],[703883.7,7019503.2]]}},{"type":"Feature","properties":{"rodovia":"SC-414","kmInicial":0.0,"kmFinal":27.804,"situacao":"PAV","revestimento":"PF","nome":"ENTR. BR-470 (P/ GASPAR) → LUIZ ALVES (ENTR. SC-413)"},"geometry":{"type":"LineString","coordinates":[[724961.5,7029996.0],[724823.0,7030497.6],[724178.0,7031899.6],[723954.0,7032793.6],[722799.0,7035362.7],[722705.0,7035523.7],[722585.0,7035605.7],[722484.0,7035631.7],[721959.0,7035654.7],[721542.0,7035713.7],[721323.0,7035780.7],[720790.0,7036025.7],[720213.9,7036105.7],[719417.9,7036476.7],[719098.9,7036664.7],[718114.9,7037690.7],[718057.9,7037836.7],[718016.9,7038215.7],[717753.9,7038815.7],[717685.9,7038897.7],[717576.9,7038946.7],[717251.9,7038994.7],[717104.9,7039193.7],[717034.9,7039240.7],[716729.9,7039320.7],[716311.8,7039503.7],[716048.8,7039541.7],[715870.8,7039672.7],[715424.8,7040190.8],[715291.8,7040302.8],[714090.8,7040716.8],[713927.8,7040823.8],[713726.8,7041103.8],[713684.8,7041206.8],[713690.8,7041303.8],[713797.8,7041558.8],[713796.8,7041696.8],[713687.8,7041961.8],[713504.8,7042154.8],[713233.8,7042255.8],[712858.8,7042310.8],[712142.8,7042087.8],[711882.8,7042063.8],[711230.7,7042275.8],[710925.7,7042525.8],[710795.0,7042595.1],[710659.7,7042616.8],[710034.7,7042609.8],[709951.7,7042648.8],[709818.7,7042791.8],[709747.7,7042825.8],[709413.7,7042819.8],[709272.7,7042852.8],[709034.7,7042940.8],[708630.7,7043163.8],[708508.7,7043355.8],[708214.7,7043541.8],[708178.7,7043628.8],[708183.7,7043872.8],[708146.7,7043970.8],[708072.7,7044025.8],[707798.7,7044120.8],[707711.6,7044100.8],[707548.6,7043931.8],[707403.6,7043888.8],[707238.6,7043656.8],[707077.7,7043524.8],[706796.6,7043414.8],[706705.6,7043246.8],[706548.6,7043106.8],[706270.6,7042927.8],[706091.6,7042857.8],[705885.6,7042634.8],[705739.6,7042600.8]]}},{"type":"Feature","properties":{"rodovia":"SC-414","kmInicial":27.805,"kmFinal":30.377,"situacao":"PAV","revestimento":"CA","nome":"LUIS ALVES (ENTR. SC-413) → FINAL DA PAVIMENTAÇÃO ASFÁLTICA (ENTR. P/ BRAÇO COMPRIDO)"},"geometry":{"type":"LineString","coordinates":[[705738.6,7042601.0],[705567.6,7042643.8],[705514.6,7042740.8],[705493.6,7042861.8],[705362.6,7042990.8],[705277.6,7042966.8],[705090.6,7042841.8],[704914.6,7042805.8],[704578.6,7043021.8],[704344.6,7043062.8],[704344.6,7043156.8],[704303.6,7043193.8],[704062.6,7043267.8],[704039.6,7043431.8],[704081.6,7043529.8],[703995.9,7043611.8]]}},{"type":"Feature","properties":{"rodovia":"SC-414","kmInicial":30.378,"kmFinal":31.18,"situacao":"EOP","revestimento":"","nome":"FINAL DA PAVIMENTAÇÃO ASFÁLTICA (ENTR. P/ BRAÇO COMPRIDO) → DIVISA DE MUNICÍPIOS DE LUIZ ALVES/MASSARANDUBA"},"geometry":{"type":"LineString","coordinates":[[703994.9,7043611.9],[703888.6,7043637.8],[703832.1,7043699.8],[703873.1,7043876.8],[703828.6,7043971.8],[703867.6,7044045.8],[703658.3,7044117.3]]}},{"type":"Feature","properties":{"rodovia":"SC-414","kmInicial":31.181,"kmFinal":43.759,"situacao":"EOP","revestimento":"","nome":"DIVISA DE MUNICÍPIOS DE LUIZ ALVES/MASSARANDUBA → ENTR. SC-108 (P/MASSARANDUBA)"},"geometry":{"type":"LineString","coordinates":[[703657.4,7044117.5],[703252.5,7044277.8],[703135.5,7044209.8],[702735.5,7044232.8],[702549.5,7044314.8],[702332.5,7044457.8],[701839.5,7044664.8],[701727.5,7044780.8],[701578.5,7044859.8],[701339.5,7044937.8],[701152.5,7044927.8],[700553.5,7044996.8],[700444.5,7045089.8],[700425.5,7045154.8],[700309.5,7045242.8],[700178.5,7045212.8],[699982.5,7045217.8],[699567.5,7045421.8],[699451.5,7045326.8],[699302.5,7045293.8],[699052.5,7045354.8],[698805.9,7045317.8],[698677.4,7045403.8],[698584.4,7045566.8],[698615.4,7046080.8],[698575.4,7046179.8],[698602.4,7046318.8],[698578.4,7046420.8],[698625.4,7046527.8],[698607.4,7046623.8],[698641.4,7046682.8],[698669.4,7046917.8],[698653.4,7047062.8],[698616.4,7047131.8],[698499.4,7047233.8],[698299.4,7047241.8],[698205.4,7047273.8],[698110.4,7047212.8],[697949.4,7047391.8],[697973.4,7047638.8],[698083.4,7047971.8],[697983.4,7048214.8],[697999.4,7048519.8],[697878.4,7048704.8],[697760.4,7049007.8],[697793.4,7049187.8],[697766.4,7049325.8],[697815.4,7049436.8],[697688.0,7049538.3],[697741.4,7049601.8],[697730.0,7049639.7],[697618.4,7049722.8],[697393.4,7049771.8],[697285.4,7050061.8],[697146.4,7050098.8],[697057.4,7050376.8],[696951.4,7050498.9],[696981.4,7050638.8],[697068.4,7050748.8],[697059.4,7050813.8],[697026.4,7050837.8],[696876.4,7050826.8]]}},{"type":"Feature","properties":{"rodovia":"SC-415","kmInicial":0.0,"kmFinal":10.046,"situacao":"PAV","revestimento":"CA","nome":"ENTR. ACESSO BALNEÁRIO CAPRI → ENTR. BR-280 (P/ SÃO FRANCISCO DO SUL)"},"geometry":{"type":"LineString","coordinates":[[745919.2,7099242.2],[745639.0,7099000.2],[745531.0,7098946.2],[745303.0,7098889.2],[744810.0,7098897.2],[744156.0,7098495.2],[742934.0,7098165.2],[742417.0,7097745.2],[742342.0,7097655.2],[742176.0,7097385.2],[742056.0,7097005.1],[741992.0,7096901.1],[738486.0,7094145.1],[738330.0,7094063.1],[738173.0,7094083.1],[738062.0,7094134.1],[737923.8,7094264.3]]}},{"type":"Feature","properties":{"rodovia":"SC-415","kmInicial":26.919,"kmFinal":37.579,"situacao":"PAV","revestimento":"CA","nome":"ENTR. BR-280 (P/ ARAQUARI) → JURISDIÇÃO SIE FINAL (BALNEÁRIO BARRA DO SUL)"},"geometry":{"type":"LineString","coordinates":[[730652.9,7081255.2],[730831.1,7080797.8],[731059.1,7080455.8],[731371.1,7080175.8],[731991.1,7079765.8],[732247.1,7079488.8],[732369.1,7079234.8],[732514.1,7078607.8],[732599.1,7078440.8],[732738.1,7078263.8],[733025.1,7078056.8],[733693.1,7077812.8],[734086.1,7077610.7],[734491.1,7077298.7],[734825.1,7076919.7],[735007.1,7076632.7],[735137.1,7076361.7],[735283.1,7075871.7],[735333.1,7075248.7],[735256.1,7074476.7],[735310.1,7074248.7],[735373.1,7074143.6],[735502.1,7074022.6],[736178.1,7073657.6],[736331.1,7073542.9],[736424.2,7073292.0]]}},{"type":"Feature","properties":{"rodovia":"SC-415","kmInicial":52.001,"kmFinal":62.42,"situacao":"PAV","revestimento":"CA","nome":"JURISDIÇÃO SIE INICIAL (BALNEÁRIO BARRA DO SUL) → ENTR. BR-101 (P/ JOINVILLE)"},"geometry":{"type":"LineString","coordinates":[[733792.3,7062048.5],[733716.2,7061899.4],[733687.2,7061767.4],[733428.2,7061229.4],[733402.2,7061107.4],[733306.2,7060977.3],[733142.2,7060848.3],[733082.2,7060625.3],[733046.2,7060280.4],[732956.2,7060173.3],[732739.2,7059736.3],[732624.2,7059412.3],[732593.2,7059155.3],[732363.2,7058926.3],[732255.2,7058459.3],[732152.2,7058374.3],[732038.2,7058350.3],[731882.2,7058364.3],[731837.2,7058397.3],[731743.2,7058570.3],[731688.2,7058790.3],[731573.2,7058908.3],[731476.2,7058916.3],[731349.2,7058825.3],[731257.2,7058704.3],[731146.2,7058675.3],[730700.2,7058943.3],[730389.2,7059033.3],[730134.2,7059046.3],[729885.2,7059330.3],[729695.1,7059462.3],[729536.1,7059708.3],[729434.1,7059811.3],[729053.1,7060027.3],[728779.1,7060090.3],[728617.1,7060187.3],[728461.1,7060182.3],[728178.1,7060276.3],[728135.1,7060346.3],[728143.1,7060665.3],[727986.1,7061130.3],[727925.1,7061282.3],[727743.0,7061456.8]]}},{"type":"Feature","properties":{"rodovia":"SC-415","kmInicial":70.387,"kmFinal":75.486,"situacao":"PAV","revestimento":"CA","nome":"ENTR. BR-101 (P/ BARRA VELHA) → SÃO JOÃO DO ITAPERIÚ"},"geometry":{"type":"LineString","coordinates":[[727089.8,7053963.4],[727059.0,7053896.2],[726833.6,7053793.3],[726540.3,7053787.7],[726310.1,7053722.2],[726130.2,7053743.4],[725939.7,7053720.9],[725730.6,7053779.8],[725352.9,7053707.0],[724888.1,7053758.1],[724761.1,7053710.1],[724529.1,7053526.0],[724327.1,7053469.0],[723583.0,7053546.0],[723018.1,7053488.0],[722603.0,7053643.0],[722213.8,7053668.9]]}},{"type":"Feature","properties":{"rodovia":"SC-415","kmInicial":75.487,"kmFinal":101.486,"situacao":"PAV","revestimento":"CA","nome":"SÃO JOÃO DO ITAPERIÚ → ENTR. SC-108 (P/ MASSARANDUBA)"},"geometry":{"type":"LineString","coordinates":[[722212.8,7053668.9],[721532.0,7053721.0],[721164.0,7053636.0],[720715.0,7053671.0],[720511.0,7053852.0],[720371.9,7054220.0],[720292.7,7054283.1],[720201.9,7054302.0],[719172.9,7054358.0],[718611.9,7054465.0],[717484.9,7054432.0],[717064.9,7054324.0],[716570.9,7054418.0],[716465.8,7054477.0],[716028.8,7054869.0],[715280.8,7055474.0],[715057.8,7055608.0],[714202.8,7055868.0],[714027.8,7055870.0],[713326.8,7055766.0],[712866.8,7055879.0],[712733.8,7055939.0],[712625.7,7056088.1],[712582.8,7056372.0],[712402.8,7056590.0],[712325.7,7056754.0],[712300.7,7057281.0],[712237.7,7057472.0],[712086.7,7057652.0],[711919.7,7057774.0],[711789.7,7057821.0],[711589.7,7057835.0],[711193.7,7057818.0],[710948.7,7057739.0],[710845.7,7057739.0],[710257.7,7058011.0],[709924.7,7057977.0],[709783.7,7057992.0],[709653.7,7058046.0],[709523.7,7058166.0],[709395.7,7058421.0],[709304.7,7058704.0],[709244.7,7058780.0],[709142.7,7058835.0],[709014.7,7058845.0],[708783.7,7058792.0],[708423.7,7058848.0],[707873.6,7058774.0],[707722.6,7058784.0],[707585.6,7058846.0],[707343.6,7059100.0],[707194.5,7059183.8],[706532.0,7059163.7],[706124.6,7059286.0],[705794.3,7059475.9],[705290.6,7059494.0],[705058.6,7059644.0],[704844.9,7059720.4],[704632.2,7059710.8],[703653.2,7059460.0],[703411.5,7059313.0],[703315.6,7059286.4],[702969.5,7059291.7],[702807.6,7059227.2],[702495.4,7058947.8],[702440.3,7058858.9],[702411.4,7058643.5],[702332.0,7058371.6],[702398.1,7058162.6],[702388.9,7058059.4],[702253.9,7057790.8],[702130.2,7057700.9],[701824.6,7057618.9],[701671.8,7057526.2],[701534.2,7057519.0],[701222.7,7057725.4],[700960.7,7057779.6],[700720.7,7058009.5]]}},{"type":"Feature","properties":{"rodovia":"SC-416","kmInicial":0.0,"kmFinal":27.44,"situacao":"PAV","revestimento":"CA","nome":"ENTR. SC-417 (P/ GARUVA) → ITAPOÁ"},"geometry":{"type":"LineString","coordinates":[[725397.7,7120558.4],[725569.4,7120400.0],[725827.0,7120346.3],[726026.2,7120195.6],[726418.0,7119969.0],[726484.7,7119853.1],[726456.1,7119635.6],[726470.6,7119441.9],[726442.9,7119347.8],[725769.8,7118365.9],[725528.4,7118146.2],[725451.5,7118002.4],[725292.2,7117346.0],[725433.6,7117041.3],[725480.8,7116671.3],[725545.6,7116490.1],[725675.2,7116312.8],[725849.1,7116188.0],[725997.4,7116135.3],[726271.4,7116099.0],[726417.6,7116016.3],[727199.7,7115032.0],[727422.3,7114868.8],[727618.7,7114825.3],[727819.9,7114846.3],[728353.8,7115040.4],[728570.3,7115178.3],[728661.2,7115199.2],[728833.3,7115172.2],[728988.3,7115046.7],[729041.6,7114931.7],[729045.8,7114813.7],[728936.3,7114543.4],[728929.7,7114413.7],[728971.6,7114311.8],[729175.5,7114046.3],[729206.3,7113913.0],[729142.6,7113775.3],[728906.9,7113586.0],[728819.9,7113396.3],[728707.0,7112245.1],[728743.4,7111839.3],[728614.3,7111538.8],[728621.0,7111365.6],[728686.4,7111247.8],[729107.6,7110837.2],[729319.1,7110508.5],[729656.9,7110106.8],[729920.1,7109880.3],[730079.2,7109571.4],[730231.4,7109512.2],[730582.4,7109533.3],[730688.8,7109489.0],[730784.2,7109407.2],[730856.1,7109220.8],[730893.5,7108649.8],[730953.4,7108524.9],[731056.2,7108425.7],[731575.0,7108264.0],[731762.0,7108260.0],[731894.9,7108225.8],[732865.2,7107750.7],[733264.0,7107735.9],[733565.0,7107519.7],[733914.0,7107562.9],[734250.2,7107477.6],[734548.1,7107609.6],[734865.0,7107630.1],[735019.7,7107680.6],[735251.9,7107840.4],[735457.7,7107900.1],[735621.6,7108080.7],[735828.0,7108122.8],[736028.9,7108260.2],[736277.0,7108319.1],[736719.2,7108654.2],[736838.8,7108661.6],[737044.9,7108591.6],[737247.0,7108680.5],[737320.4,7108686.2],[737395.6,7108647.4],[737449.4,7108563.3],[737784.0,7108643.9],[737881.0,7108698.6],[738052.2,7108880.3],[738211.4,7108968.7],[738461.1,7109346.7],[738680.9,7109422.6],[738925.6,7109650.2],[739746.7,7109743.0]]}},{"type":"Feature","properties":{"rodovia":"SC-417","kmInicial":0.0,"kmFinal":5.304,"situacao":"PAV","revestimento":"CA","nome":"DIVISA SC/PR → ENTR. SC- 416 (P/ ITAPOÁ)"},"geometry":{"type":"LineString","coordinates":[[729262.9,7124232.7],[728702.8,7123658.7],[728146.9,7123383.7],[727832.8,7122971.6],[727486.8,7122594.6],[727139.8,7122298.6],[726426.8,7121419.6],[725397.7,7120558.4]]}},{"type":"Feature","properties":{"rodovia":"SC-417","kmInicial":5.305,"kmFinal":10.636,"situacao":"PAV","revestimento":"CA","nome":"ENTR. SC- 416 (P/ ITAPOÁ) → ENTR. CONTORNO DE GARUVA"},"geometry":{"type":"LineString","coordinates":[[725396.9,7120557.8],[725077.8,7120320.2],[723868.6,7119845.5],[723318.6,7119310.5],[723138.6,7119175.5],[722455.6,7118935.5],[722038.6,7118930.5],[721032.5,7119151.5],[720616.5,7119189.9]]}},{"type":"Feature","properties":{"rodovia":"SC-417","kmInicial":10.637,"kmFinal":17.326,"situacao":"PAV","revestimento":"CA","nome":"ENTR. CONTORNO DE GARUVA → GARUVA (ENTR. BR-101)"},"geometry":{"type":"LineString","coordinates":[[720615.5,7119190.0],[716613.3,7119450.5],[714736.3,7119257.5],[714092.3,7119352.5],[714024.2,7119388.2]]}},{"type":"Feature","properties":{"rodovia":"SC-418","kmInicial":0.0,"kmFinal":13.3,"situacao":"PAV","revestimento":"CA","nome":"ENTR. BR-101 (P/ JOINVILLE) → FINAL DA PAVIMENTAÇÃO EM ASFALTO/ INÍCIO DA PAVIMENTAÇÃO EM CONCRETO CIMENTO"},"geometry":{"type":"LineString","coordinates":[[708457.9,7100168.4],[707557.3,7100918.0],[707073.3,7101271.0],[706887.3,7101481.0],[706703.3,7101592.1],[706573.3,7101737.1],[705967.2,7102272.1],[705007.2,7103051.1],[704737.2,7103185.1],[702945.1,7103761.2],[702780.1,7103993.2],[702687.1,7104038.2],[702465.1,7104055.2],[702367.1,7104090.2],[702241.1,7104176.2],[702138.1,7104320.2],[702009.1,7104379.2],[701753.1,7104370.2],[700972.1,7103972.2],[700206.1,7103567.2],[699911.1,7103291.2],[699799.1,7103271.2],[699351.1,7103318.2],[698960.1,7103156.2],[698799.1,7103058.2],[698466.1,7102939.2],[698355.1,7102839.2],[698244.1,7102649.1],[698015.1,7102581.1],[697361.9,7102112.7]]}},{"type":"Feature","properties":{"rodovia":"SC-418","kmInicial":13.301,"kmFinal":13.6,"situacao":"PAV","revestimento":"CC","nome":"FINAL DA PAVIMENTAÇÃO EM ASFALTO/ INÍCIO DA PAVIMENTAÇÃO EM CONCRETO CIMENTO → FINAL DA PAVIMENTAÇÃO EM CONCRETO CIMENTO/ INÍCIO DA PAVIMENTAÇÃO EM ASFALTO"},"geometry":{"type":"LineString","coordinates":[[697361.4,7102111.9],[697388.1,7102083.1],[697568.1,7102156.1],[697577.4,7102121.2]]}},{"type":"Feature","properties":{"rodovia":"SC-418","kmInicial":13.601,"kmFinal":14.8,"situacao":"PAV","revestimento":"CA","nome":"FINAL DA PAVIMENTAÇÃO EM CONCRETO CIMENTO/ INÍCIO DA PAVIMENTAÇÃO EM ASFALTO → FINAL DA PAVIMENTAÇÃO EM ASFALTO/ INÍCIO DA PAVIMENTAÇÃO EM CONCRETO CIMENTO"},"geometry":{"type":"LineString","coordinates":[[697576.9,7102120.3],[697435.1,7102024.2],[697250.1,7102005.1],[697115.1,7101942.1],[697037.1,7101875.1],[696872.1,7101642.1],[696619.7,7101544.3]]}},{"type":"Feature","properties":{"rodovia":"SC-418","kmInicial":14.801,"kmFinal":15.1,"situacao":"PAV","revestimento":"CC","nome":"FINAL DA PAVIMENTAÇÃO EM ASFALTO/ INÍCIO DA PAVIMENTAÇÃO EM CONCRETO CIMENTO → FINAL DA PAVIMENTAÇÃO EM CONCRETO CIMENTO/ INÍCIO DA PAVIMENTAÇÃO EM ASFALTO"},"geometry":{"type":"LineString","coordinates":[[696618.8,7101544.1],[696545.1,7101580.2],[696543.1,7101604.1],[696638.1,7101672.1],[696601.2,7101702.8]]}},{"type":"Feature","properties":{"rodovia":"SC-418","kmInicial":15.101,"kmFinal":15.4,"situacao":"PAV","revestimento":"CA","nome":"FINAL DA PAVIMENTAÇÃO EM CONCRETO CIMENTO/ INÍCIO DA PAVIMENTAÇÃO EM ASFALTO → FINAL DA PAVIMENTAÇÃO EM ASFALTO/ INÍCIO DA PAVIMENTAÇÃO EM CONCRETO CIMENTO"},"geometry":{"type":"LineString","coordinates":[[696600.2,7101702.6],[696477.1,7101637.1],[696411.9,7101497.0]]}},{"type":"Feature","properties":{"rodovia":"SC-418","kmInicial":15.401,"kmFinal":15.8,"situacao":"PAV","revestimento":"CC","nome":"FINAL DA PAVIMENTAÇÃO EM ASFALTO/ INÍCIO DA PAVIMENTAÇÃO EM CONCRETO CIMENTO → FINAL DA PAVIMENTAÇÃO EM CONCRETO CIMENTO/ INÍCIO DA PAVIMENTAÇÃO EM ASFALTO"},"geometry":{"type":"LineString","coordinates":[[696411.4,7101496.1],[696396.1,7101390.1],[696497.1,7101404.1],[696553.1,7101364.1],[696628.1,7101359.1],[696625.5,7101326.1]]}},{"type":"Feature","properties":{"rodovia":"SC-418","kmInicial":15.801,"kmFinal":16.4,"situacao":"PAV","revestimento":"CA","nome":"FINAL DA PAVIMENTAÇÃO EM CONCRETO CIMENTO/ INÍCIO DA PAVIMENTAÇÃO EM ASFALTO → FINAL DA PAVIMENTAÇÃO EM ASFALTO/ INÍCIO DA PAVIMENTAÇÃO EM CONCRETO CIMENTO"},"geometry":{"type":"LineString","coordinates":[[696624.5,7101326.2],[696175.1,7101291.1],[696056.8,7101213.7]]}},{"type":"Feature","properties":{"rodovia":"SC-418","kmInicial":16.401,"kmFinal":16.7,"situacao":"PAV","revestimento":"CC","nome":"FINAL DA PAVIMENTAÇÃO EM ASFALTO/ INÍCIO DA PAVIMENTAÇÃO EM CONCRETO CIMENTO → FINAL DA PAVIMENTAÇÃO EM CONCRETO CIMENTO/ INÍCIO DA PAVIMENTAÇÃO EM ASFALTO (ALTO DA SERRA DONA FRANCISCA)"},"geometry":{"type":"LineString","coordinates":[[696056.1,7101212.9],[696012.1,7101172.1],[695975.1,7101204.1],[696039.1,7101344.1],[696013.1,7101367.6]]}},{"type":"Feature","properties":{"rodovia":"SC-418","kmInicial":16.701,"kmFinal":44.249,"situacao":"PAV","revestimento":"CA","nome":"FINAL DA PAVIMENTAÇÃO EM CONCRETO CIMENTO/ INÍCIO DA PAVIMENTAÇÃO EM ASFALTO (ALTO DA SERRA DONA FRANCISCA) → CAMPO ALEGRE (ENTR. SC-110)"},"geometry":{"type":"LineString","coordinates":[[696012.3,7101367.0],[695871.1,7101218.1],[695529.1,7101000.1],[695275.1,7100663.1],[695022.1,7100406.1],[694760.1,7099722.1],[694644.1,7099250.0],[694343.1,7098625.0],[694213.1,7098556.0],[693270.1,7098339.0],[692989.1,7098200.0],[692753.1,7098154.0],[692621.1,7098202.0],[692449.1,7098322.0],[692130.0,7098647.0],[691706.0,7098999.0],[691544.0,7099060.0],[691170.0,7099111.0],[691080.0,7099230.0],[690772.0,7099847.0],[690683.0,7099926.0],[690425.0,7099943.0],[690276.0,7099834.1],[690223.0,7099825.0],[690096.0,7099897.0],[689829.0,7099972.0],[689760.0,7099934.0],[689695.0,7099821.1],[689610.0,7099755.1],[689092.0,7099745.0],[688997.0,7099806.0],[688908.0,7099963.0],[688577.0,7100193.0],[688479.0,7100509.1],[688371.0,7100582.1],[688166.0,7100522.1],[687972.5,7100516.1],[687686.0,7100373.1],[687402.0,7100408.1],[687085.0,7100254.0],[686688.0,7100354.0],[686588.0,7100404.0],[686427.9,7100589.1],[686312.9,7100621.1],[685984.9,7100466.0],[685344.9,7100483.0],[684907.9,7100828.1],[684727.9,7101202.1],[684449.9,7101360.1],[684307.9,7101483.1],[684124.9,7101717.1],[683936.9,7102157.1],[683821.9,7102261.1],[683671.9,7102277.1],[683224.9,7102153.1],[682911.9,7102192.1],[682802.9,7102262.1],[682428.9,7102651.1],[682227.9,7102815.1],[682023.9,7103085.1],[681882.9,7103184.1],[681743.9,7103236.1],[681239.9,7103279.1],[680870.9,7103181.1],[680022.9,7103119.1],[679858.9,7103147.1],[679755.9,7103209.1],[678646.9,7104310.2],[678505.9,7104390.2],[678215.9,7104480.2],[677624.9,7104861.2],[677509.9,7104868.2],[677424.9,7104837.2],[677256.9,7104667.2],[676988.9,7104531.2],[676787.9,7104330.1],[676546.1,7104237.9],[675932.9,7103912.1],[675438.9,7103545.1],[674555.2,7103005.5]]}},{"type":"Feature","properties":{"rodovia":"SC-418","kmInicial":44.25,"kmFinal":59.698,"situacao":"PAV","revestimento":"CA","nome":"CAMPO ALEGRE (ENTR. SC-110) → SÃO BENTO DO SUL"},"geometry":{"type":"LineString","coordinates":[[674554.4,7103005.0],[673116.9,7102123.1],[672637.0,7101747.0],[672049.0,7101570.0],[669402.0,7100308.0],[668099.0,7099342.0],[667954.0,7099323.0],[667333.0,7099445.0],[666975.0,7099631.0],[666799.0,7099667.0],[664649.0,7099240.9],[664262.0,7099072.9],[663120.0,7099151.9],[662482.0,7099284.9],[662278.0,7099286.9],[662057.0,7099210.9],[661449.0,7098853.9],[661203.1,7098631.9],[660533.9,7098555.9]]}},{"type":"Feature","properties":{"rodovia":"SC-418","kmInicial":59.699,"kmFinal":67.986,"situacao":"PAV","revestimento":"CA","nome":"SÃO BENTO DO SUL → DISTRITO DE FRAGOSOS (DIVISA SC/PR)"},"geometry":{"type":"LineString","coordinates":[[660533.4,7098556.7],[660445.0,7098747.9],[660270.0,7098935.9],[660079.0,7099348.9],[659911.0,7099509.9],[659877.0,7099681.9],[660015.0,7100065.9],[660180.0,7100388.9],[660238.0,7100710.9],[660222.0,7100946.9],[660388.1,7101211.2],[660439.0,7101590.0],[660433.0,7101647.0],[660316.0,7101855.0],[660329.0,7101994.0],[660515.0,7102373.0],[660561.0,7102631.0],[660745.0,7102892.0],[660777.0,7102980.0],[660762.0,7103324.0],[660821.0,7103814.0],[660785.0,7103926.0],[660647.0,7104156.0],[660698.0,7104685.1],[660756.0,7104803.1],[661066.5,7105143.7],[661092.0,7105230.1],[661094.0,7105562.1],[661282.0,7106107.1]]}},{"type":"Feature","properties":{"rodovia":"SC-421","kmInicial":0.0,"kmFinal":19.678,"situacao":"PAV","revestimento":"CA","nome":"POMERODE (ENTR. SC-110) → ENTR. BR-470 (P/ BLUMENAU)"},"geometry":{"type":"LineString","coordinates":[[681560.3,7041321.8],[681655.3,7041191.8],[681837.3,7040587.8],[681994.3,7040493.8],[682525.3,7040274.8],[682580.3,7040200.8],[682536.3,7040092.8],[682446.3,7039986.8],[682424.3,7039876.8],[682325.3,7039794.8],[682092.4,7039833.8],[681622.3,7039842.8],[681649.3,7039472.8],[681808.3,7039149.8],[681836.3,7038974.8],[682025.4,7038425.8],[682012.4,7038292.8],[681841.4,7037885.8],[682003.4,7037618.8],[682213.4,7036589.8],[682168.4,7036266.8],[682368.4,7034860.8],[682304.4,7034568.8],[682406.4,7034346.7],[682345.4,7033390.8],[682472.4,7032767.8],[682435.4,7032525.8],[682443.4,7032392.7],[682500.4,7032168.7],[682821.4,7031867.7],[682909.4,7031661.7],[682743.4,7031209.7],[682339.4,7030383.7],[682348.4,7030149.7],[682399.4,7029967.7],[682515.4,7029808.7],[682963.9,7029394.4],[683326.4,7029208.7],[683702.4,7028666.7],[683718.4,7028584.7],[683689.4,7028462.7],[683301.4,7027962.7],[683285.4,7027857.7],[683330.4,7027513.7],[683719.5,7027169.7],[684082.4,7027123.7],[684477.4,7026897.7],[684520.4,7026843.7],[684565.4,7026424.7],[684710.4,7026176.7],[684728.4,7026080.8],[684654.4,7025827.7],[684550.7,7025210.2]]}},{"type":"Feature","properties":{"rodovia":"SC-427","kmInicial":0.0,"kmFinal":5.163,"situacao":"PAV","revestimento":"CA","nome":"ENTR. SC-114 (P/ SALETE) → RIO DO CAMPO"},"geometry":{"type":"LineString","coordinates":[[588271.2,7022356.7],[587934.3,7022206.0],[587004.3,7021485.0],[586388.3,7020676.0],[585956.3,7019945.0],[585823.3,7019872.0],[585573.3,7019855.0],[585469.3,7019777.0],[585132.3,7019363.0],[584895.3,7019006.0],[584870.0,7018828.1]]}},{"type":"Feature","properties":{"rodovia":"SC-427","kmInicial":5.164,"kmFinal":20.812,"situacao":"PAV","revestimento":"CA","nome":"RIO DO CAMPO → ENTR. SC-350 (P/ TAIÓ)"},"geometry":{"type":"LineString","coordinates":[[584870.1,7018827.1],[584926.3,7018525.0],[584902.3,7018411.0],[584334.3,7017918.0],[584190.3,7017573.0],[584284.3,7017277.0],[584275.3,7017184.0],[584172.3,7017032.0],[583330.3,7016083.0],[583302.3,7015844.0],[583267.3,7015765.0],[583093.3,7015527.0],[582947.3,7015221.0],[582719.4,7014945.0],[582664.3,7014760.0],[582497.3,7014453.0],[582441.3,7014290.0],[582219.3,7013949.0],[582169.3,7013768.0],[582176.4,7013517.0],[582307.4,7013318.0],[582499.4,7013211.0],[582602.4,7013044.0],[582637.4,7012800.0],[582574.4,7012599.0],[582826.4,7012357.0],[582788.4,7011849.0],[582812.4,7011798.0],[583003.4,7011642.0],[583318.4,7011639.0],[583505.4,7011595.0],[583707.4,7011390.0],[583949.4,7011402.0],[584064.4,7011375.0],[584262.4,7011279.0],[584524.4,7011090.0],[584654.4,7010977.0],[584704.4,7010896.0],[584820.4,7010518.9],[585205.4,7010125.9],[585305.4,7010067.9],[585485.4,7010041.9],[585737.4,7009932.9],[585885.9,7009741.4],[586239.4,7009643.9],[586372.4,7009527.9],[586563.4,7009270.9],[586711.4,7009150.9],[586830.4,7008903.9],[587105.4,7008549.9],[587627.4,7008271.9],[588016.4,7007500.9],[588052.4,7007472.9]]}},{"type":"Feature","properties":{"rodovia":"SC-434","kmInicial":0.0,"kmFinal":15.521,"situacao":"PAV","revestimento":"CA","nome":"ENTR. BR-101 (P/ PAULO LOPES) → GAROPABA (ENTR. RUA FRANSCISCO PACHECO DE SOUZA)"},"geometry":{"type":"LineString","coordinates":[[726573.2,6886255.5],[726655.2,6886367.5],[726669.2,6886947.5],[726700.8,6887053.5],[729510.3,6890930.5],[729645.3,6891940.5],[729655.3,6892717.5],[729718.4,6893687.4],[729758.0,6893774.2],[730117.4,6894056.4],[730456.4,6894476.4],[730661.4,6894595.4],[732642.4,6895402.4],[732755.4,6895410.4],[732969.4,6895328.4],[733079.4,6895331.4],[733378.4,6895523.4],[733475.4,6895633.4],[733597.4,6896019.4],[733630.4,6896579.4],[733879.4,6897200.4],[733948.5,6897576.4],[733262.2,6897686.0]]}},{"type":"Feature","properties":{"rodovia":"SC-435","kmInicial":0.0,"kmFinal":34.564,"situacao":"PAV","revestimento":"CA","nome":"ENTR. BR-282 (P/ ÁGUAS MORNAS) → SÃO BONIFÁCIO"},"geometry":{"type":"LineString","coordinates":[[708689.5,6932206.3],[708700.1,6932155.8],[708339.6,6931943.1],[708059.6,6931975.5],[707835.7,6931902.8],[707684.1,6931906.0],[707376.5,6931590.1],[707223.2,6931338.9],[706447.9,6930886.8],[706192.6,6930806.3],[706056.1,6930795.2],[705902.7,6930620.9],[705834.6,6930426.9],[705492.7,6930086.0],[705428.0,6930051.2],[704945.4,6929955.4],[704749.3,6929771.5],[704682.3,6929628.3],[704507.6,6929546.3],[704038.8,6929022.4],[703920.8,6928946.3],[703860.7,6928943.3],[703721.5,6929026.4],[703575.8,6928983.7],[703488.3,6929006.4],[703011.5,6929355.6],[702910.7,6929360.7],[702801.6,6929291.9],[702620.7,6929478.0],[702571.3,6929567.0],[702514.8,6929594.5],[702408.7,6929567.5],[702193.9,6929191.7],[702115.3,6929164.6],[701955.9,6929290.8],[701733.3,6929641.8],[701594.2,6929742.4],[701439.7,6929658.5],[701331.3,6929537.9],[701123.5,6929489.8],[701008.6,6929247.0],[700939.8,6929203.5],[700866.3,6929218.9],[700789.8,6929328.8],[700483.9,6929404.9],[700459.9,6929459.4],[700488.9,6929544.9],[700455.1,6929587.2],[700274.8,6929560.5],[700088.2,6929460.9],[699912.1,6929482.4],[699887.1,6929439.2],[699919.8,6929294.9],[699893.0,6929158.4],[699935.4,6928797.8],[699866.6,6928670.6],[699897.1,6928489.6],[699826.9,6928145.4],[699730.7,6927903.1],[699719.1,6927714.1],[699513.7,6927549.3],[699567.5,6927325.4],[699433.3,6927180.8],[699447.5,6927075.7],[699351.0,6926971.6],[699348.3,6926630.6],[699377.7,6926583.0],[699470.5,6926537.0],[699484.9,6926486.8],[699261.6,6926320.2],[699199.3,6926027.4],[699098.9,6925949.1],[699030.3,6925605.6],[698985.1,6925587.2],[698911.3,6925608.0],[698830.6,6925722.3],[698773.3,6925695.8],[698768.0,6925555.8],[698705.8,6925477.5],[698757.6,6925346.5],[698701.4,6925240.0],[698772.1,6925143.0],[698778.0,6925082.5],[698760.2,6924980.6],[698672.3,6924895.7],[698638.0,6924777.6],[698333.9,6924576.6],[698189.1,6924538.5],[698142.2,6924436.4],[698140.1,6924335.0],[698256.4,6924315.4],[698314.0,6924244.8],[698080.1,6923998.5],[698205.1,6923766.5],[698255.9,6923739.3],[698409.3,6923749.2],[698592.4,6923650.0],[698760.1,6923425.2],[698991.8,6923372.8],[699132.8,6923103.4],[699223.2,6922696.4],[699466.9,6922538.6],[699619.7,6922510.1],[699728.7,6922285.7],[699621.3,6922031.6],[699647.4,6921992.1],[699766.7,6921956.9],[699813.6,6921747.2],[699778.3,6921624.2],[699666.7,6921568.7],[699636.9,6921488.8],[699695.7,6921371.9],[699696.5,6921187.2],[699749.5,6921096.3],[699791.3,6920907.6],[699717.5,6920707.9],[699789.8,6920613.7],[699906.1,6920623.0],[699963.9,6920592.4],[700088.0,6920365.5],[700073.7,6920029.0],[700147.2,6919621.7],[700129.8,6919359.4],[700172.6,6919091.7],[700122.8,6918761.6],[700067.4,6918586.8],[700125.2,6918080.5],[700322.2,6917973.6],[700406.4,6917844.5],[700591.7,6917700.5],[700699.5,6917663.4],[700926.5,6917518.4],[700993.5,6917401.1],[701179.0,6917221.2],[701329.7,6917136.1],[701412.2,6916903.9],[701472.0,6916863.0],[701577.7,6916855.1],[701786.7,6916745.1],[701806.1,6916711.0],[701791.7,6916600.3],[701996.9,6916453.4],[701993.4,6916395.9],[701907.7,6916234.2],[702107.9,6916064.7],[702138.0,6915892.5],[702247.0,6915697.2],[702237.9,6915583.0],[702143.7,6915315.6],[702204.8,6915265.1],[702329.5,6915304.2],[702511.7,6915253.7],[702604.9,6915110.4],[702533.8,6914875.3],[702588.2,6914787.2],[702705.5,6914692.4],[702765.4,6914429.3],[702744.5,6914245.9],[702639.0,6914026.5],[702688.0,6913670.1],[702848.2,6913508.1],[702970.8,6913465.6],[703303.2,6913199.7],[703429.1,6913153.4],[703517.2,6913082.3],[703826.6,6912533.7],[703819.0,6912224.8],[703686.3,6912090.4],[703764.5,6911906.1]]}},{"type":"Feature","properties":{"rodovia":"SC-435","kmInicial":34.565,"kmFinal":61.28,"situacao":"LEN","revestimento":"","nome":"SÃO BONIFÁCIO → DIVISA DE MUNICÍPIOS DE SÃO BONIFÁCIO/SÃO MARTINHO"},"geometry":{"type":"LineString","coordinates":[[703764.5,6911905.2],[703699.5,6911704.7],[703820.5,6911593.7],[703927.5,6910788.7],[704000.5,6910638.7],[703996.5,6910561.7],[703919.5,6910447.7],[703864.5,6910279.7],[703669.5,6910125.7],[703640.5,6909937.7],[703670.5,6909809.7],[703611.5,6909682.7],[703466.5,6909514.7],[703495.5,6909346.7],[703454.5,6909057.8],[703365.5,6908947.8],[703249.5,6908900.8],[703086.5,6908631.8],[702851.5,6908517.8],[702900.5,6908397.8],[702890.5,6908311.8],[702950.5,6908256.8],[702999.5,6908051.8],[702952.5,6907851.9],[702980.5,6907764.8],[702965.5,6907714.8],[703023.5,6907644.3],[703012.5,6907535.8],[703056.0,6907486.8],[703002.5,6907313.8],[703025.5,6907200.8],[703099.5,6907064.8],[703023.5,6906900.8],[703043.5,6906853.8],[703097.5,6906851.8],[703125.5,6906816.3],[703017.0,6906790.8],[702953.5,6906656.8],[702863.5,6906662.8],[702729.5,6906545.9],[702721.5,6906457.8],[702685.5,6906421.8],[702695.5,6906330.8],[702580.5,6906173.8],[702573.5,6906098.8],[702444.5,6906010.8],[702483.5,6905824.8],[702477.5,6905626.9],[702352.5,6905349.9],[702365.5,6905278.9],[702331.5,6905068.9],[702360.5,6904943.9],[702430.5,6904904.9],[702569.5,6904740.9],[702563.5,6904491.9],[702593.5,6904362.9],[702530.5,6904177.9],[702410.5,6903959.9],[702392.4,6903866.9],[702437.4,6903623.9],[702482.4,6903536.9],[702441.5,6903166.8],[702531.4,6902961.9],[702549.4,6902567.9],[702600.4,6902462.9],[702598.4,6902171.9],[702548.4,6902127.9],[702450.4,6902115.9],[702383.4,6902075.9],[702386.4,6902003.9],[702435.4,6901911.9],[702380.5,6901777.0],[702225.5,6901824.9],[702186.4,6901756.0],[702146.4,6901745.9],[702063.4,6901808.9],[701909.5,6901672.0],[701606.4,6901655.0],[701585.4,6901617.0],[701600.4,6901464.0],[701550.4,6901308.0],[701609.4,6901206.0],[701580.4,6901091.0],[701422.3,6901072.8],[701400.4,6900991.0],[701459.4,6900934.9],[701445.9,6900909.5],[701362.4,6900950.0],[701333.4,6901052.0],[701247.4,6901069.0],[701226.4,6900953.0],[701250.4,6900859.0],[701223.4,6900811.0],[701164.4,6900788.0],[701093.4,6900675.0],[700960.4,6900568.0],[700849.4,6900539.0],[700631.4,6900536.0],[700597.4,6900650.0],[700615.4,6900748.0],[700573.4,6900799.0],[700461.4,6900736.0],[700427.4,6900684.0],[700420.4,6900618.0],[700571.4,6900353.0],[700569.4,6900188.0],[700432.4,6899899.0],[700594.4,6899582.0],[700550.4,6899519.0],[700612.4,6899329.0],[700520.4,6899068.0],[700568.4,6898708.0],[700620.4,6898590.0],[700732.4,6898530.0],[700774.4,6898273.0],[700846.4,6898162.0],[700927.4,6898140.0],[701014.4,6898197.0],[701059.4,6898182.0],[701124.4,6897937.0],[701095.4,6897726.0],[701141.4,6897502.0],[701090.4,6897392.0],[701132.4,6897303.0],[701086.4,6897193.0],[701140.4,6897124.0],[701116.4,6897058.0],[700930.4,6896857.0],[700854.4,6896814.0],[700795.4,6896679.0],[700708.4,6896592.0],[700598.4,6896545.0],[700493.4,6896447.0],[700370.4,6896484.0],[700259.4,6896449.0],[700078.4,6896256.0],[699797.4,6896175.0],[699396.4,6895909.0],[699301.4,6895727.0],[699258.4,6895371.0],[699187.4,6895310.0],[699190.4,6895209.0],[699257.4,6895137.0],[699333.4,6895115.0],[699412.4,6895001.0],[699640.4,6894995.0],[699654.4,6894955.0],[699608.3,6894887.0],[699521.4,6894858.0],[699465.4,6894798.0],[699417.4,6894259.0],[699154.3,6894061.0],[699162.3,6893948.0],[699265.3,6893880.0],[699306.3,6893797.0],[699363.3,6893491.0],[699300.3,6893230.0],[699368.3,6893131.0],[699342.3,6892693.0],[699327.3,6892645.0],[699234.4,6892596.0],[699226.3,6892505.0],[699184.3,6892459.0],[699103.3,6892391.0],[699008.8,6892378.1]]}},{"type":"Feature","properties":{"rodovia":"SC-435","kmInicial":61.281,"kmFinal":71.184,"situacao":"LEN","revestimento":"","nome":"DIVISA DE MUNICÍPIOS DE SÃO MARTINHO/SÃO BONIFÁCIO → ENTR. SC-436 (P/ RIO FORTUNA)"},"geometry":{"type":"LineString","coordinates":[[699007.8,6892378.1],[698908.3,6892353.0],[698826.3,6892067.0],[698732.3,6892086.0],[698713.3,6892181.0],[698673.3,6892199.0],[698355.3,6892065.0],[698081.3,6892035.0],[697926.3,6892141.0],[697900.3,6892219.0],[697810.3,6892310.0],[697709.3,6892301.0],[697662.4,6892366.0],[697641.8,6892350.0],[697626.3,6892232.0],[697688.3,6892152.0],[697672.3,6892041.0],[697744.3,6891757.0],[697709.3,6891700.0],[697575.3,6891605.0],[697531.3,6891483.0],[697339.3,6891259.0],[697222.3,6891029.0],[697118.3,6890984.0],[697008.3,6891078.0],[696947.3,6891080.0],[696806.3,6890965.1],[696854.8,6890810.0],[696835.3,6890778.1],[696603.3,6890787.0],[696408.3,6890690.0],[696363.3,6890484.0],[696381.3,6890410.0],[696353.3,6890354.0],[696274.9,6890318.1],[696245.3,6890161.0],[695891.3,6890133.0],[695786.3,6889980.1],[695671.3,6889894.0],[695588.3,6889885.0],[695426.3,6889937.0],[695360.3,6889931.0],[695160.3,6889616.0],[695012.3,6889467.0],[694985.3,6889391.0],[694810.3,6889366.0],[694727.3,6889274.0],[694679.3,6889149.0],[694630.3,6889115.1],[694461.3,6889137.0],[694379.3,6889094.0],[694354.3,6889029.0],[694387.3,6888846.0],[694299.3,6888716.0],[694244.4,6888698.0],[694186.3,6888758.0],[694143.3,6888741.0],[694116.4,6888671.1],[693999.3,6888560.0],[693499.3,6888296.0],[693325.3,6888122.0],[693148.3,6888037.0],[693108.3,6887975.0],[693158.3,6887785.0]]}},{"type":"Feature","properties":{"rodovia":"SC-435","kmInicial":71.185,"kmFinal":81.678,"situacao":"LEN","revestimento":"","nome":"ENTR. SC-436 (P/ RIO FORTUNA) → SÃO MARTINHO (ENTR. SC-436)"},"geometry":{"type":"LineString","coordinates":[[693158.3,6887784.0],[692915.3,6887447.0],[692870.3,6887223.0],[692908.3,6887175.0],[693141.3,6887070.0],[693198.3,6887003.0],[693291.3,6886778.0],[693280.3,6886606.0],[693376.3,6886284.0],[693452.3,6886227.0],[693880.3,6886217.0],[693915.3,6886252.0],[693930.3,6886334.0],[694013.3,6886428.0],[694114.3,6886409.0],[694207.3,6886477.0],[694339.3,6886443.0],[694494.3,6886315.0],[694476.3,6886145.0],[694526.8,6885910.6],[694603.3,6885942.0],[694624.3,6885917.0],[694549.3,6885851.0],[694540.3,6885803.0],[694594.3,6885591.0],[694571.3,6885479.0],[694658.3,6885307.0],[694854.3,6885098.0],[694959.3,6884736.0],[695102.3,6884563.0],[695177.3,6884245.0],[695277.3,6884132.0],[695308.3,6884012.0],[695604.3,6883959.0],[695693.3,6883830.0],[695833.8,6883854.5],[695901.8,6883825.0],[695909.3,6883888.0],[695941.3,6883904.0],[696034.3,6883861.0],[696132.3,6883749.0],[696174.3,6883647.0],[696282.3,6883571.0],[696463.3,6883312.0],[696692.3,6883115.0],[696820.3,6883115.0],[696939.3,6883029.0],[697032.3,6883023.0],[697225.3,6883153.0],[697287.3,6883164.0],[697344.3,6883134.0],[697562.3,6883185.0],[698033.3,6882812.0],[698362.3,6882885.9],[698433.3,6882827.9],[698560.3,6882570.9],[698720.2,6882614.9],[698814.1,6882579.8]]}},{"type":"Feature","properties":{"rodovia":"SC-435","kmInicial":81.679,"kmFinal":95.675,"situacao":"PAV","revestimento":"CA","nome":"SÃO MARTINHO (ENTR. SC-436) → ARMAZÉM"},"geometry":{"type":"LineString","coordinates":[[698814.6,6882578.9],[698828.2,6882346.9],[698775.2,6882123.9],[698812.2,6881876.9],[698937.2,6881619.9],[698884.2,6880761.9],[698936.2,6880521.9],[698827.2,6880348.9],[698834.4,6880172.0],[698760.2,6880066.9],[698706.1,6879892.2],[698774.2,6879542.9],[698328.4,6879066.4],[698351.4,6879000.5],[698468.2,6878927.6],[698498.2,6878803.9],[698563.3,6878694.1],[698880.8,6878548.9],[698951.5,6878444.9],[698920.5,6878320.3],[698413.3,6877943.2],[698325.2,6877461.9],[698233.2,6877294.9],[698072.8,6877152.7],[698042.5,6876959.0],[698128.2,6876640.9],[698071.2,6876122.9],[698146.2,6875790.9],[698059.2,6875655.9],[697961.2,6875598.9],[697423.2,6875521.9],[697168.3,6875357.9],[696896.2,6874127.9],[696707.2,6873837.9],[696441.6,6873633.7],[696221.7,6873560.7],[696074.2,6873284.9],[695513.2,6872863.9],[695277.3,6872790.3],[694882.5,6872732.7],[694699.9,6872614.3],[694662.4,6872439.3],[694310.0,6872546.4],[694236.8,6872144.6]]}},{"type":"Feature","properties":{"rodovia":"SC-435","kmInicial":95.676,"kmFinal":104.528,"situacao":"PAV","revestimento":"CA","nome":"ARMAZÉM → GRAVATAL (ENTR. SC-370/BR-475)"},"geometry":{"type":"LineString","coordinates":[[694236.8,6872143.6],[694214.2,6871701.9],[694139.2,6871505.9],[694087.4,6870579.7],[694041.8,6870424.9],[693805.8,6870031.9],[693766.8,6869850.9],[694121.8,6868877.9],[694114.8,6868738.9],[693988.8,6868335.9],[693982.8,6868098.9],[694160.8,6867759.9],[694208.8,6867265.9],[694623.8,6866215.9],[694327.8,6865600.9],[693759.8,6865351.9],[692925.8,6864485.5],[692834.1,6864439.9]]}},{"type":"Feature","properties":{"rodovia":"SC-436","kmInicial":0.0,"kmFinal":15.151,"situacao":"EOP","revestimento":"","nome":"ENTR. SC-437 (P/ IMARUÍ) → LOCALIDADE DE SÃO LUIZ"},"geometry":{"type":"LineString","coordinates":[[708504.2,6870709.7],[708644.2,6871312.7],[708739.2,6871418.7],[708757.2,6871487.7],[708743.2,6871579.7],[708692.2,6871638.7],[708699.2,6871795.7],[708594.2,6872119.7],[708601.2,6872364.8],[708495.2,6872648.7],[708527.2,6873192.7],[708437.2,6873462.7],[708449.2,6873694.7],[708505.2,6873952.7],[708562.2,6874077.8],[708658.2,6874191.7],[708608.2,6874342.8],[708740.2,6874402.7],[708743.2,6874568.7],[708802.2,6874652.8],[708698.2,6874834.7],[708519.2,6874931.7],[708507.2,6875028.7],[708432.2,6875141.7],[708443.2,6875392.7],[708381.2,6875524.7],[708320.2,6875592.7],[708201.2,6875624.8],[708036.2,6875744.8],[708071.2,6875844.7],[708027.7,6875906.3],[708045.2,6875972.8],[708022.2,6876194.8],[707875.7,6876586.3],[707879.2,6876706.8],[707800.2,6876863.8],[707732.2,6877121.7],[707877.2,6877585.7],[707828.2,6877880.8],[707679.2,6878062.7],[707624.2,6878253.8],[707413.2,6878308.8],[707327.2,6878392.8],[707226.2,6878684.8],[706985.2,6879204.8],[706858.2,6879316.8],[706741.2,6879483.8],[706599.2,6879546.8],[706457.2,6879679.8],[706319.2,6879878.8],[706280.2,6880088.8],[706140.2,6880241.8],[706089.3,6880275.8],[705978.2,6880267.8],[705940.2,6880298.8],[705844.2,6880464.8],[705787.2,6880512.8],[705783.2,6880659.8],[705663.2,6880855.8],[705548.3,6880938.8],[705516.2,6881003.8],[705314.2,6881061.8],[705098.3,6881282.8],[705019.3,6881216.8],[705128.2,6881190.8],[705172.2,6881064.8],[705061.2,6881027.8],[705039.2,6880983.9],[705081.2,6880929.8],[705075.2,6880894.8],[704968.2,6880862.8],[704945.2,6880819.8],[704705.2,6880806.8],[704632.3,6880950.8],[704497.3,6880978.8],[704363.3,6880919.8],[704297.2,6881047.8],[704210.2,6881059.8],[704124.9,6880931.8],[704054.2,6880943.9],[704072.2,6880855.8],[704018.3,6880830.8],[704030.2,6880746.9],[703991.3,6880720.5]]}},{"type":"Feature","properties":{"rodovia":"SC-436","kmInicial":15.152,"kmFinal":22.895,"situacao":"PAV","revestimento":"CA","nome":"LOCALIDADE DE SÃO LUIZ → SÃO MARTINHO (ENTR. SC-435)"},"geometry":{"type":"LineString","coordinates":[[703990.4,6880720.1],[703917.7,6880719.1],[703685.5,6880870.8],[703514.7,6880850.6],[703133.9,6880911.6],[702991.9,6880808.3],[702827.6,6880847.8],[702740.6,6880755.9],[702629.8,6880761.2],[702386.7,6880655.3],[702285.5,6880696.9],[702321.5,6880796.7],[702304.4,6880817.0],[702133.6,6880707.7],[702022.8,6880719.4],[701780.7,6880659.2],[701729.7,6880722.1],[701726.8,6880931.9],[701596.8,6880869.7],[701538.6,6880876.7],[701490.8,6880926.6],[701455.7,6881082.7],[701344.3,6881175.6],[701203.1,6881234.4],[701123.3,6881176.0],[701077.0,6881182.5],[700953.2,6881351.1],[700784.2,6881450.5],[700715.2,6881632.0],[700466.2,6881794.1],[700319.0,6881794.0],[700129.5,6881602.0],[700034.0,6881570.6],[699913.7,6881591.3],[699730.3,6881710.4],[699680.4,6881802.8],[699670.8,6882146.7],[699742.5,6882339.4],[699806.3,6882417.8],[699807.2,6882561.5],[699759.8,6882723.3],[699705.7,6882792.2],[699363.1,6882846.2],[699231.5,6882716.6],[698922.8,6882663.7],[698815.0,6882580.1]]}},{"type":"Feature","properties":{"rodovia":"SC-436","kmInicial":33.553,"kmFinal":45.117,"situacao":"LEN","revestimento":"","nome":"ENTR. SC-435 (P/ SÃO BONIFÁCIO) → RIO FORTUNA (ENTR. SC-108)"},"geometry":{"type":"LineString","coordinates":[[693157.3,6887785.0],[692750.3,6887775.0],[692627.3,6887732.4],[692515.3,6887781.0],[692407.4,6887714.0],[692327.3,6887838.0],[692264.7,6887853.6],[692124.3,6887985.0],[692075.3,6887985.0],[691971.3,6887909.0],[691829.3,6887996.0],[691801.3,6887939.0],[691903.3,6887745.1],[691859.4,6887648.1],[691461.3,6887455.0],[691424.3,6887382.0],[691307.3,6887431.0],[691223.4,6887397.1],[691197.3,6887365.0],[691191.3,6887236.0],[691140.3,6887195.0],[690985.3,6887197.0],[690872.3,6887238.0],[690796.3,6887168.0],[690719.3,6887156.0],[690553.3,6886869.0],[690371.3,6886972.0],[690252.3,6886924.0],[690072.3,6886970.0],[690014.3,6886941.0],[689955.3,6886955.0],[689952.3,6887073.0],[689870.3,6887124.0],[689888.3,6887213.0],[689699.3,6887346.0],[689707.4,6887452.0],[689584.4,6887399.1],[689598.4,6887323.0],[689482.3,6887287.0],[689489.3,6887354.0],[689426.3,6887514.0],[689313.3,6887553.0],[689261.9,6887543.0],[689186.3,6887470.1],[688963.3,6887466.0],[688813.8,6887582.0],[688673.7,6887527.1],[688635.3,6887533.0],[688595.3,6887610.0],[688053.3,6887598.0],[687902.4,6887541.0],[687910.8,6887381.0],[687767.3,6887361.0],[687628.3,6887272.0],[687412.3,6887199.0],[687342.3,6887293.0],[687206.3,6887260.0],[687076.3,6887265.0],[686984.3,6887335.0],[686872.3,6887355.0],[686713.3,6887218.0],[686541.3,6887200.0],[686493.3,6887034.0],[686178.3,6886821.0],[686225.3,6886712.0],[686161.3,6886680.5],[686237.3,6886500.0],[684994.4,6885695.6]]}},{"type":"Feature","properties":{"rodovia":"SC-437","kmInicial":0.0,"kmFinal":4.24,"situacao":"PAV","revestimento":"CA","nome":"IMBITUBA (ENTR. BR-101) → ENTR. ACESSO RIO D'UNA"},"geometry":{"type":"LineString","coordinates":[[725720.6,6876844.4],[725588.1,6876829.6],[725086.1,6876870.6],[723162.2,6877447.6],[722235.2,6877467.6],[721629.2,6877279.6]]}},{"type":"Feature","properties":{"rodovia":"SC-437","kmInicial":4.241,"kmFinal":23.333,"situacao":"PAV","revestimento":"CA","nome":"ENTR. ACESSO RIO D'UNA → IMARUÍ"},"geometry":{"type":"LineString","coordinates":[[721628.4,6877279.0],[721590.2,6877239.6],[721587.2,6877137.6],[721404.2,6876662.6],[721400.2,6876536.6],[721467.2,6876309.6],[721465.2,6876231.6],[721403.2,6876148.6],[721279.2,6876059.6],[721217.2,6875826.6],[721057.2,6875590.7],[720927.2,6875208.6],[720836.2,6875082.6],[720549.2,6874888.6],[720201.2,6874813.6],[718557.2,6874265.6],[718363.2,6874110.6],[718305.2,6873924.6],[718348.2,6873674.6],[718425.2,6873550.6],[718746.2,6873219.6],[718801.2,6873077.6],[718815.2,6872887.6],[718740.2,6872753.6],[718533.2,6872556.6],[718352.2,6872289.6],[718321.2,6872111.6],[718339.2,6871878.6],[718011.2,6871280.6],[717866.2,6870886.6],[717789.2,6870648.6],[717558.1,6869617.6],[716916.1,6868252.6],[716789.1,6867726.6],[716897.1,6867517.6],[716842.1,6867190.6],[716873.1,6866387.6],[716610.1,6865667.6],[716581.1,6865442.6],[716481.1,6865296.6],[716294.1,6865132.6],[716277.1,6864893.6],[716063.1,6864365.6],[715521.1,6863577.6],[715369.1,6863542.6],[715300.1,6863475.6],[715285.1,6863282.6],[715221.1,6863201.6],[715180.1,6863081.6],[714960.2,6863051.3],[714776.1,6863094.6],[714526.1,6863032.6],[714329.0,6862943.6],[714019.1,6862670.6],[713786.6,6862914.6]]}},{"type":"Feature","properties":{"rodovia":"SC-437","kmInicial":23.334,"kmFinal":36.712,"situacao":"EOP","revestimento":"","nome":"IMARUÍ → ENTR. SC-436 (P/ SÃO MARTINHO)"},"geometry":{"type":"LineString","coordinates":[[713785.7,6862914.9],[713655.1,6862925.6],[713513.1,6863067.7],[713493.1,6863217.6],[713444.1,6863294.6],[713450.1,6863460.6],[713357.1,6863719.6],[713250.1,6863888.6],[713136.1,6863982.6],[713107.1,6864072.6],[713131.1,6864235.6],[713177.1,6864338.6],[713547.1,6864462.6],[713659.1,6864651.6],[713633.1,6864778.6],[713505.1,6864882.6],[713460.1,6864982.6],[713145.1,6865082.6],[713068.1,6865385.6],[713011.1,6865437.6],[712519.1,6865389.6],[712388.1,6865414.6],[712221.1,6865496.6],[712073.6,6865486.7],[712042.6,6865437.2],[711959.1,6865394.7],[711944.1,6865375.7],[711977.1,6865318.7],[711918.1,6865246.7],[711913.1,6865043.7],[711777.1,6865008.7],[711681.1,6864925.7],[711635.1,6864761.7],[711545.3,6864673.7],[711541.1,6864727.7],[711368.1,6865003.7],[711361.1,6865122.7],[711269.1,6865275.7],[711267.1,6865548.7],[711188.1,6865712.7],[710994.1,6865789.7],[710934.2,6865846.7],[710733.1,6865903.7],[710599.1,6866010.7],[710409.1,6866314.7],[710412.1,6866425.7],[710500.1,6866583.7],[710550.1,6866809.7],[710532.2,6867437.7],[710496.2,6867482.7],[710400.2,6867509.7],[710384.2,6867550.7],[710468.2,6867752.7],[710463.2,6867839.7],[710299.2,6868068.7],[710215.2,6868284.7],[710152.2,6868324.7],[710003.2,6868240.7],[709968.2,6868248.7],[709925.2,6868392.7],[709671.2,6868555.7],[709636.2,6868720.7],[709527.2,6868916.7],[709326.2,6869058.7],[709277.2,6869194.7],[709159.2,6869375.7],[709137.2,6869496.7],[709011.2,6869738.7],[708997.2,6869816.7],[709038.2,6869960.7],[708941.2,6870030.7],[708877.2,6870209.7],[708707.2,6870386.7],[708665.2,6870514.7],[708504.2,6870709.7]]}},{"type":"Feature","properties":{"rodovia":"SC-437","kmInicial":36.713,"kmFinal":51.792,"situacao":"LEN","revestimento":"","nome":"ENTR. SC-436 (P/ SÃO MARTINHO) → PONTE SOBRE O RIO SIQUEIRO"},"geometry":{"type":"LineString","coordinates":[[708503.3,6870709.3],[708380.2,6870660.7],[708203.2,6870667.7],[708099.2,6870631.7],[707982.2,6870493.7],[707751.2,6870367.7],[707692.2,6870418.7],[707599.2,6870719.7],[707463.2,6870852.7],[707098.2,6870824.7],[706744.2,6870696.7],[706430.2,6870292.7],[706396.2,6870118.7],[706157.2,6869999.7],[705914.2,6869835.7],[705807.2,6869727.8],[705776.2,6869383.7],[705540.2,6868749.7],[705544.2,6868700.7],[705641.1,6868617.8],[705608.2,6868526.7],[705708.2,6868313.7],[705718.2,6868235.7],[705685.2,6868128.7],[705718.2,6867990.7],[705803.2,6867821.7],[706066.1,6867460.7],[706177.1,6867199.8],[706134.1,6866997.7],[706170.1,6866830.7],[706088.1,6866460.7],[706006.1,6866250.8],[706148.1,6866078.7],[706516.1,6865857.7],[706714.1,6865773.7],[706837.1,6865648.7],[707128.1,6865481.7],[707590.1,6865151.7],[707565.1,6865086.7],[707411.1,6864916.7],[707121.2,6864684.8],[706930.1,6864403.7],[706828.1,6864335.7],[706792.1,6864264.7],[706731.1,6863859.7],[706869.1,6863624.7],[707094.1,6863399.7],[707136.1,6863231.7],[707095.1,6863020.7],[707161.1,6862879.7],[707300.1,6862727.7],[707381.1,6862558.7],[707489.1,6862433.7],[707575.1,6862248.7],[707622.1,6862032.7],[707532.1,6861900.7],[707480.1,6861551.7],[707440.1,6861499.7],[707262.1,6861491.7],[707163.1,6861607.7],[707119.1,6861615.7],[707002.1,6861607.7],[706700.1,6861512.7],[706654.1,6861419.7],[706669.0,6861005.3]]}},{"type":"Feature","properties":{"rodovia":"SC-437","kmInicial":51.793,"kmFinal":59.052,"situacao":"PAV","revestimento":"RP","nome":"PONTE SOBRE O RIO SIQUEIRO → PESCARIA BRAVA (FINAL DO REVESTIMENTO POLIÉDRICO)"},"geometry":{"type":"LineString","coordinates":[[706668.6,6861004.4],[706651.1,6860886.7],[706688.1,6860813.7],[706855.1,6860762.7],[706969.1,6860601.7],[707119.1,6860492.7],[707190.1,6860368.7],[707336.1,6860265.7],[707481.1,6860053.7],[707589.1,6859614.7],[707556.1,6859391.7],[707663.1,6859060.7],[707938.1,6858884.7],[708131.1,6858850.7],[708248.1,6858774.7],[708303.1,6858694.7],[708420.1,6858688.7],[708517.1,6858636.7],[708717.1,6858697.7],[708791.1,6858689.7],[708967.1,6858477.6],[709048.1,6858440.6],[709098.1,6858277.6],[709089.1,6858203.6],[709145.1,6858069.6],[709153.1,6857963.6],[709009.1,6857763.6],[708974.1,6857554.6],[708883.9,6857561.8],[708849.3,6857728.3],[708731.9,6857880.7],[708606.0,6857887.7],[708506.0,6857944.4],[708251.0,6857953.1],[708051.0,6858018.1],[708015.1,6857994.8],[708033.9,6857844.0],[708013.7,6857803.2],[707724.8,6857734.6],[707611.7,6857623.0],[707488.6,6857554.6],[707360.7,6857408.2]]}},{"type":"Feature","properties":{"rodovia":"SC-437","kmInicial":59.052,"kmFinal":63.312,"situacao":"PAV","revestimento":"CA","nome":"PESCARIA BRAVA (FINAL DO REVESTIMENTO POLIÉDRICO) → ENTR. BR-101 (P/ CAPIVARI DE BAIXO)"},"geometry":{"type":"LineString","coordinates":[[707360.7,6857408.2],[707030.1,6856992.9],[706839.0,6856827.5],[706774.3,6856646.5],[706607.9,6856612.5],[706500.9,6856413.0],[706490.0,6856331.4],[706265.4,6856091.0],[706249.8,6855963.0],[706301.2,6855774.7],[706220.5,6855686.2],[706242.4,6855439.2],[706525.5,6854711.0],[706540.0,6854547.6],[706453.5,6854258.1],[706051.6,6853980.2]]}},{"type":"Feature","properties":{"rodovia":"SC-441","kmInicial":0.0,"kmFinal":3.998,"situacao":"PAV","revestimento":"CA","nome":"JAGUARUNA (ENTR. SC-100) → ENTR. BR-101 (P/ SANGÃO)"},"geometry":{"type":"LineString","coordinates":[[693086.9,6832395.9],[693050.0,6833262.1],[693022.0,6833365.1],[691960.0,6834450.1],[691830.0,6834519.1],[690541.0,6834715.1],[690518.2,6834764.5]]}},{"type":"Feature","properties":{"rodovia":"SC-441","kmInicial":6.839,"kmFinal":19.764,"situacao":"PAV","revestimento":"CA","nome":"ENTR. BR-101 (P/ TUBARÃO) → TREZE DE MAIO (ENTR. SC-442)"},"geometry":{"type":"LineString","coordinates":[[690492.9,6837169.2],[690315.6,6837156.9],[689775.0,6837256.2],[689452.0,6837143.2],[688969.0,6837096.2],[688890.0,6837127.2],[688795.0,6837243.2],[688719.0,6837288.2],[687899.0,6837374.2],[687807.0,6837411.2],[687535.0,6837605.2],[687464.0,6837706.2],[687348.0,6838006.2],[687188.0,6838054.2],[686951.0,6837965.2],[686865.0,6837871.2],[686745.0,6837821.2],[686599.0,6837602.2],[686187.0,6837360.2],[685828.0,6837345.2],[685561.0,6837233.2],[685260.0,6837227.2],[685066.0,6837272.2],[684777.0,6837203.2],[684598.0,6837210.2],[684304.0,6837352.2],[684087.0,6837262.2],[683893.0,6837287.2],[683811.0,6837395.2],[683753.0,6837680.2],[683920.0,6838056.2],[684056.0,6838147.2],[684069.0,6838190.2],[684041.0,6838228.2],[683795.0,6838304.2],[683658.0,6838486.2],[683526.0,6838520.2],[683429.0,6838627.2],[683419.0,6838826.2],[683599.0,6839215.2],[683500.0,6839447.2],[683211.0,6839565.2],[683037.0,6839556.2],[682859.0,6839473.2],[682750.0,6839568.2],[682617.0,6839581.2],[682549.0,6839535.2],[682415.0,6839313.2],[682108.0,6839091.2],[681924.0,6839232.2],[681637.0,6839319.2],[681490.0,6839426.2],[681293.0,6839627.2]]}},{"type":"Feature","properties":{"rodovia":"SC-442","kmInicial":15.1,"kmFinal":25.383,"situacao":"PAV","revestimento":"CA","nome":"DISTRITO ESTAÇÃO COCAL (ENTR. SUL SC-445) → COCAL DO SUL (ENTR. SC-108)"},"geometry":{"type":"LineString","coordinates":[[673079.2,6833819.4],[672989.8,6833732.0],[672868.2,6833692.0],[672764.3,6833707.7],[672408.0,6833851.2],[672292.4,6833865.9],[671645.8,6833701.7],[671310.0,6833682.5],[670975.9,6833769.6],[670429.2,6834083.6],[670294.6,6834106.8],[670196.8,6834075.3],[669990.4,6833936.3],[669464.0,6833909.1],[669179.8,6833693.8],[668675.9,6833547.1],[667807.6,6833383.4],[667379.4,6833413.6],[667045.3,6833354.5],[666875.4,6833388.5],[666521.9,6833551.4],[665891.1,6834013.3],[665797.3,6834056.6],[665586.1,6834068.7],[665232.3,6834168.5],[663323.3,6834194.9]]}},{"type":"Feature","properties":{"rodovia":"SC-443","kmInicial":0.0,"kmFinal":2.5,"situacao":"PAV","revestimento":"CA","nome":"ENTR. BR-101 (P/ JAGUARUNA) → SANGÃO (CONTORNO RODOVIÁRIO)"},"geometry":{"type":"LineString","coordinates":[[685668.7,6830123.8],[685335.0,6830265.8],[684868.0,6830325.8],[684399.0,6830490.8],[684068.0,6830473.8],[683895.0,6830493.8],[683626.0,6830612.8],[683477.0,6830580.8],[683325.7,6830469.9]]}},{"type":"Feature","properties":{"rodovia":"SC-443","kmInicial":2.501,"kmFinal":10.567,"situacao":"PAV","revestimento":"CA","nome":"SANGÃO (CONTORNO RODOVIÁRIO) → MORRO DA FUMAÇA (ENTR. NORTE SC-445)"},"geometry":{"type":"LineString","coordinates":[[683325.2,6830469.0],[683230.1,6830360.4],[683070.1,6830359.7],[682802.9,6830484.8],[682568.3,6830771.8],[682229.0,6830845.8],[681306.8,6830889.8],[681206.3,6830851.6],[681079.0,6830734.8],[680825.3,6830622.0],[680542.9,6830383.4],[680323.2,6830388.4],[680121.1,6830345.1],[680024.1,6830183.7],[679939.1,6830126.7],[679708.8,6829876.4],[679590.3,6829819.8],[676440.0,6829721.7],[675950.0,6829528.2]]}},{"type":"Feature","properties":{"rodovia":"SC-443","kmInicial":10.568,"kmFinal":13.181,"situacao":"PAV","revestimento":"CA","nome":"MORRO DA FUMAÇA (ENTR. NORTE SC-445) → MORRO DA FUMAÇA (ENTR. SUL SC-445)"},"geometry":{"type":"LineString","coordinates":[[675949.0,6829528.0],[676576.0,6828814.8],[676617.0,6828723.8],[676616.0,6828625.8],[676101.0,6828037.8],[675543.9,6827735.0]]}},{"type":"Feature","properties":{"rodovia":"SC-443","kmInicial":13.182,"kmFinal":26.008,"situacao":"PAV","revestimento":"CA","nome":"MORRO DA FUMAÇA (ENTR. SUL SC-445) → CRICIÚMA (ENTR. LESTE ANEL RODOVIÁRIO)"},"geometry":{"type":"LineString","coordinates":[[675543.0,6827734.6],[675360.0,6827632.8],[675138.0,6827672.8],[674780.0,6828057.8],[674618.0,6828182.8],[674144.0,6828717.8],[673469.0,6827978.8],[673329.0,6827665.8],[673250.0,6827559.8],[672656.0,6827065.8],[672493.0,6826980.8],[672225.0,6826908.8],[671661.3,6826803.8],[670208.0,6826838.8],[669941.0,6826888.8],[669664.0,6826802.8],[669392.0,6826585.8],[669191.3,6826585.0],[668565.1,6826236.3],[668408.0,6826308.8],[668163.0,6826326.8],[667822.0,6826236.8],[667586.0,6826218.8],[667421.0,6826224.8],[667191.0,6826328.8],[666860.0,6826254.8],[666566.0,6826390.8],[665882.0,6826539.8],[665653.0,6826632.8],[665452.0,6826616.8],[665235.0,6826451.8],[665058.0,6826499.8],[664747.0,6826410.8],[664607.0,6826403.8],[664481.0,6826341.8]]}},{"type":"Feature","properties":{"rodovia":"SC-443","kmInicial":26.009,"kmFinal":28.464,"situacao":"PAV","revestimento":"CA","nome":"CRICIÚMA (ENTR. LESTE ANEL RODOVIÁRIO) → ENTR. SC-445 (P/ IÇARA)"},"geometry":{"type":"LineString","coordinates":[[664480.0,6826341.8],[664319.0,6826303.8],[664214.0,6826349.8],[664108.0,6826447.8],[664032.0,6826446.8],[663842.0,6826297.8],[663531.0,6826263.8],[663471.0,6826271.8],[663165.0,6826441.8],[662654.0,6826405.8],[662327.0,6826492.8],[662177.0,6826439.1]]}},{"type":"Feature","properties":{"rodovia":"SC-443","kmInicial":28.465,"kmFinal":31.409,"situacao":"PAV","revestimento":"CA","nome":"ENTR. SC-445 (P/ IÇARA) → ENTR. SC-108 (P/ COCAL DO SUL)"},"geometry":{"type":"LineString","coordinates":[[662176.0,6826438.8],[661796.0,6826285.8],[661267.4,6826475.0],[660584.0,6826635.8],[660491.0,6826623.8],[660293.0,6826536.8],[660067.0,6826318.8],[659926.0,6826252.8],[659739.0,6826258.8],[659458.2,6826358.2]]}},{"type":"Feature","properties":{"rodovia":"SC-443","kmInicial":35.605,"kmFinal":37.158,"situacao":"PAV","revestimento":"CA","nome":"ENTR. SC-108 (P/ FORQUILHINHA) → CRICIÚMA (ENTR. OESTE ANEL RODOVIÁRIO)"},"geometry":{"type":"LineString","coordinates":[[656332.2,6824428.3],[655966.0,6824415.8],[655583.0,6824213.8],[655531.0,6824258.8],[655461.0,6824258.8],[655381.0,6824235.8],[655293.0,6824136.8],[654878.3,6824080.3]]}},{"type":"Feature","properties":{"rodovia":"SC-443","kmInicial":37.159,"kmFinal":42.959,"situacao":"PAV","revestimento":"CA","nome":"CRICIÚMA (ENTR. OESTE ANEL RODOVIÁRIO) → ENTR. SC-446 (P/ NOVA VENEZA)"},"geometry":{"type":"LineString","coordinates":[[654877.0,6824080.2],[653287.1,6823935.8],[652433.1,6824012.8],[649029.3,6823818.2]]}},{"type":"Feature","properties":{"rodovia":"SC-443","kmInicial":42.96,"kmFinal":43.722,"situacao":"PAV","revestimento":"CA","nome":"ENTR. SC-446 (P/ NOVA VENEZA) → ENTR. SC-446 (P/ FORQUILHINHA)"},"geometry":{"type":"LineString","coordinates":[[649029.6,6823817.2],[649109.1,6823475.8],[649096.1,6823062.7]]}},{"type":"Feature","properties":{"rodovia":"SC-443","kmInicial":43.723,"kmFinal":56.1,"situacao":"PAV","revestimento":"CA","nome":"ENTR. SC-446 (P/ FORQUILHINHA) → FINAL DA PAVIMENTAÇÃO EM ASFALTO (LOCALIDADE DE SÃO BONIFÁCIO)"},"geometry":{"type":"LineString","coordinates":[[649095.2,6823062.6],[648643.1,6823050.8],[648556.1,6823081.8],[648379.1,6823277.9],[648352.1,6823462.9],[648179.1,6823521.8],[647698.1,6823485.9],[647352.1,6823359.9],[647111.1,6823434.9],[646569.1,6823428.9],[646034.1,6823329.9],[645560.1,6823280.9],[645357.1,6823350.9],[645114.1,6823337.9],[644661.1,6823245.9],[644137.1,6823341.9],[643360.1,6823304.9],[643115.1,6823329.9],[642710.8,6823284.9],[640538.1,6823211.9],[640189.1,6823161.9],[639492.1,6822970.9],[639166.2,6823073.9],[638603.1,6822973.9],[638348.1,6823035.9],[638107.1,6823029.9],[637915.1,6822973.9],[637706.1,6822828.9],[637439.4,6822441.1]]}},{"type":"Feature","properties":{"rodovia":"SC-443","kmInicial":56.101,"kmFinal":62.702,"situacao":"EOP","revestimento":"","nome":"FINAL DA PAVIMENTAÇÃO EM ASFALTO (LOCALIDADE DE SÃO BONIFÁCIO) → ENTR. ACESSO DISTRITO VILA MARIA"},"geometry":{"type":"LineString","coordinates":[[637438.7,6822440.4],[637160.1,6822316.9],[636908.1,6822317.9],[636702.1,6822166.9],[636556.1,6821939.9],[636415.1,6821826.9],[636290.1,6821605.9],[635667.1,6821204.9],[634488.1,6821221.9],[634187.1,6821275.9],[633474.1,6821533.9],[633442.1,6821603.9],[633477.1,6821667.9],[633412.1,6821780.9],[633114.1,6821923.9],[633098.1,6822062.9],[632939.1,6822259.9],[632489.1,6822422.9],[631933.1,6822437.6]]}},{"type":"Feature","properties":{"rodovia":"SC-443","kmInicial":62.703,"kmFinal":77.431,"situacao":"LEN","revestimento":"","nome":"ENTR. ACESSO DISTRITO VILA MARIA → MELEIRO (ENTR. SC-447)"},"geometry":{"type":"LineString","coordinates":[[631932.1,6822437.6],[631880.2,6822297.9],[631467.1,6821723.9],[631268.1,6821480.9],[631032.1,6821302.9],[630958.2,6821062.0],[631056.1,6820745.9],[631134.1,6819353.8],[631049.1,6819089.8],[630999.1,6818802.8],[631060.1,6818467.8],[631105.1,6818381.8],[631229.1,6818275.8],[631269.1,6818135.8],[631266.1,6817718.0],[631159.1,6817453.8],[631295.1,6817189.8],[631330.1,6816953.8],[631328.1,6816548.8],[631238.1,6816175.8],[631309.1,6815756.8],[631316.1,6814739.8],[631235.1,6814112.8],[631172.1,6813891.8],[631215.1,6813611.8],[631133.1,6813462.8],[630986.1,6813333.8],[630850.1,6813089.8],[630827.1,6812966.8],[630771.1,6812861.8],[630766.1,6812542.8],[630862.1,6812338.8],[631134.1,6812142.8],[631230.1,6812028.8],[631495.1,6811557.8],[631709.1,6811456.8],[631893.1,6811326.8],[631978.1,6810974.8],[632089.0,6810740.8],[632267.0,6810626.8],[632422.0,6810430.8],[632786.0,6810259.8],[632876.0,6809989.8],[633060.0,6809914.8],[633192.5,6809504.3]]}},{"type":"Feature","properties":{"rodovia":"SC-445","kmInicial":0.0,"kmFinal":3.955,"situacao":"PAV","revestimento":"CA","nome":"ENTR. BR-101 (P/ JAGUARUNA) → MORRO DA FUMAÇA (ENTR. SUL SC-443)"},"geometry":{"type":"LineString","coordinates":[[676832.0,6824077.5],[676642.0,6824269.8],[676580.0,6824392.8],[676094.0,6826776.8],[675536.0,6827690.8],[675552.9,6827729.8]]}},{"type":"Feature","properties":{"rodovia":"SC-445","kmInicial":6.57,"kmFinal":12.018,"situacao":"PAV","revestimento":"CA","nome":"MORRO DA FUMAÇA (ENTR. NORTE SC-443) → ENTR. SUL SC-442"},"geometry":{"type":"LineString","coordinates":[[675949.1,6829528.7],[675414.0,6830131.8],[675110.0,6830402.8],[675071.0,6830527.8],[675090.0,6830759.8],[675069.0,6830888.8],[674515.0,6831766.8],[674432.0,6831849.8],[674044.0,6832094.8],[673614.0,6832492.8],[673587.0,6832586.8],[673638.0,6833007.8],[673606.0,6833204.8],[673487.0,6833401.8],[673080.7,6833816.8]]}},{"type":"Feature","properties":{"rodovia":"SC-445","kmInicial":12.019,"kmFinal":14.117,"situacao":"PAV","revestimento":"CA","nome":"ENTR. SUL SC-442 → DISTRITO ESTAÇÃO COCAL (ENTR. NORTE SC-442)"},"geometry":{"type":"LineString","coordinates":[[673080.0,6833817.6],[671630.0,6835331.8]]}},{"type":"Feature","properties":{"rodovia":"SC-445","kmInicial":14.118,"kmFinal":25.192,"situacao":"PAV","revestimento":"CA","nome":"DISTRITO ESTAÇÃO COCAL (ENTR. SC-442) → URUSSANGA (ENTR. SUL SC-108)"},"geometry":{"type":"LineString","coordinates":[[671629.3,6835332.6],[671455.0,6835522.8],[671390.0,6835539.8],[671065.0,6835895.8],[670458.0,6836178.8],[670258.0,6836356.8],[670149.0,6836615.9],[669970.0,6837199.9],[670080.0,6837542.9],[670084.0,6837633.9],[669946.0,6837833.9],[669890.0,6838024.9],[669340.0,6838909.9],[669197.0,6839039.9],[668882.0,6839204.9],[668803.0,6839300.9],[668599.0,6839641.9],[668159.0,6840267.9],[667922.0,6840849.9],[667787.0,6841087.9],[666777.0,6841994.9],[666140.0,6842401.9],[665863.0,6842469.9],[665672.0,6842637.9],[665502.0,6842720.9],[665000.0,6842749.9],[664818.0,6842845.9],[664594.0,6842855.1]]}},{"type":"Feature","properties":{"rodovia":"SC-445","kmInicial":26.091,"kmFinal":38.889,"situacao":"LEN","revestimento":"","nome":"URUSSANGA (ENTR. NORTE SC-108) → JURISDIÇÃO SIE FINAL (SIDERÓPOLIS)"},"geometry":{"type":"LineString","coordinates":[[664623.8,6843733.9],[664296.0,6843778.9],[664301.0,6843856.9],[664005.0,6843858.9],[663582.0,6843665.9],[663568.0,6843581.9],[663273.0,6843267.9],[663130.0,6842948.9],[662965.0,6842788.9],[662817.0,6842705.9],[662670.0,6842476.9],[662548.0,6842472.9],[662383.0,6842627.9],[662364.0,6842617.9],[662399.0,6842217.9],[662192.0,6841913.9],[662050.0,6841813.9],[661916.1,6841668.0],[661649.0,6841661.9],[661440.0,6841431.9],[661003.0,6841231.9],[660788.0,6840721.9],[660607.0,6840637.9],[660518.0,6839918.9],[660366.7,6839587.2],[660241.0,6839443.9],[660152.0,6839239.9],[660079.0,6838845.9],[660112.0,6838664.9],[659976.0,6838247.9],[659864.0,6838014.9],[659486.0,6837876.9],[659337.0,6837890.9],[659130.0,6837865.9],[658812.0,6837910.9],[658383.0,6837744.9],[658150.0,6837544.9],[657935.0,6837109.9],[657781.0,6836986.9],[657654.0,6836825.9],[657491.0,6836732.9],[657155.0,6836420.9],[657033.0,6836415.9],[656861.0,6836293.9],[656767.8,6836282.9]]}},{"type":"Feature","properties":{"rodovia":"SC-445","kmInicial":42.911,"kmFinal":44.485,"situacao":"PAV","revestimento":"CA","nome":"JURISDIÇÃO SIE INICIAL (SIDERÓPOLIS)/ ENTR. NORTE SC-446 P/ TREVISO → ENTR. SUL SC-446 (P/ NOVA VENEZA)"},"geometry":{"type":"LineString","coordinates":[[653366.4,6835459.0],[653390.1,6835171.9],[653522.1,6834988.9],[653599.1,6834713.9],[653720.0,6834646.3],[654224.1,6834597.9],[654319.3,6834541.6]]}},{"type":"Feature","properties":{"rodovia":"SC-445","kmInicial":44.486,"kmFinal":44.984,"situacao":"PAV","revestimento":"CA","nome":"ENTR. SUL SC-446 (P/ NOVA VENEZA) → ENTR. SC-442 (P/ COCAL DO SUL)"},"geometry":{"type":"LineString","coordinates":[[654319.8,6834540.9],[654492.1,6834369.9],[654646.7,6834368.9]]}},{"type":"Feature","properties":{"rodovia":"SC-445","kmInicial":44.985,"kmFinal":52.132,"situacao":"PAV","revestimento":"CA","nome":"ENTR. SC-442 (P/ COCAL DO SUL) → CRICIÚMA (ENTR. NOROESTE ANEL RODOVIÁRIO)"},"geometry":{"type":"LineString","coordinates":[[654647.5,6834368.9],[654712.1,6834348.9],[654851.1,6834139.9],[654931.1,6834102.9],[655059.1,6834105.9],[655125.1,6834067.9],[655309.1,6833822.9],[655302.1,6833703.9],[655061.1,6833505.9],[655076.1,6833303.9],[655141.1,6833096.9],[655555.1,6832713.9],[655624.1,6832586.9],[655822.1,6831510.9],[655659.1,6830806.8],[655657.0,6829941.8],[655706.0,6829672.8],[655965.0,6829153.8],[656220.0,6828762.8],[656428.0,6828546.8],[656765.0,6828305.8]]}},{"type":"Feature","properties":{"rodovia":"SC-445","kmInicial":52.133,"kmFinal":54.944,"situacao":"PAV","revestimento":"CA","nome":"CRICIÚMA (ENTR. NOROESTE ANEL RODOVIÁRIO) → CRICIÚMA (ENTR. SC-108/SC-443)"},"geometry":{"type":"LineString","coordinates":[[656765.7,6828305.1],[657255.0,6827797.8],[657392.0,6827509.8],[657640.5,6827212.8],[657739.0,6827183.8],[657818.0,6827120.8],[658125.0,6826781.8],[658432.0,6826370.8],[658299.1,6826246.0]]}},{"type":"Feature","properties":{"rodovia":"SC-445","kmInicial":59.098,"kmFinal":60.994,"situacao":"PAV","revestimento":"CA","nome":"ENTR. SC-443 (P/ MORRO DA FUMAÇA) → CRICIÚMA (ENTR. SUDESTE ANEL RODOVIÁRIO)"},"geometry":{"type":"LineString","coordinates":[[662176.7,6826438.1],[662574.0,6826193.8],[663285.0,6825610.8],[663296.0,6825538.8],[663418.0,6825500.8],[663650.6,6825307.9]]}},{"type":"Feature","properties":{"rodovia":"SC-445","kmInicial":60.995,"kmFinal":64.816,"situacao":"PAV","revestimento":"CA","nome":"CRICIÚMA (ENTR. SUDESTE ANEL RODOVIÁRIO) → IÇARA"},"geometry":{"type":"LineString","coordinates":[[663651.4,6825307.2],[666297.0,6823114.8],[666358.0,6823010.8],[666371.0,6822763.9]]}},{"type":"Feature","properties":{"rodovia":"SC-445","kmInicial":64.817,"kmFinal":70.175,"situacao":"PAV","revestimento":"CA","nome":"IÇARA → ENTR. BR-101 (P/ ARARANGUÁ)"},"geometry":{"type":"LineString","coordinates":[[666371.0,6822762.9],[666401.0,6820913.8],[666440.0,6820618.8],[666563.0,6820414.8],[668118.0,6818549.8],[668374.9,6818086.1]]}},{"type":"Feature","properties":{"rodovia":"SC-445","kmInicial":70.176,"kmFinal":76.922,"situacao":"PAV","revestimento":"CA","nome":"ENTR. BR-101 (P/ ARARANGUÁ) → ENTR. SC-100 (P/ DISTRITO LAGOA DOS ESTEVES)"},"geometry":{"type":"LineString","coordinates":[[668375.5,6818085.4],[668590.0,6817823.8],[669011.0,6817175.8],[669107.0,6815146.8],[669209.0,6814793.8],[669533.0,6814392.8],[671335.2,6812367.7]]}},{"type":"Feature","properties":{"rodovia":"SC-445","kmInicial":76.923,"kmFinal":80.291,"situacao":"PAV","revestimento":"CA","nome":"ENTR. SC-100 (PARA DISTRITO LAGOA DOS ESTEVES) → BALNEÁRIO RINCÃO"},"geometry":{"type":"LineString","coordinates":[[671335.9,6812366.9],[671613.0,6812057.8],[671753.0,6811943.8],[673327.0,6810942.8],[673937.0,6810261.8]]}},{"type":"Feature","properties":{"rodovia":"SC-446","kmInicial":0.0,"kmFinal":0.237,"situacao":"PAV","revestimento":"CA","nome":"ENTR. SC-390 (LAURO MULLER) → LAURO MÜLLER (ENTR. CONTORNO RODOVIÁRIO)"},"geometry":{"type":"LineString","coordinates":[[657175.2,6857904.0],[656956.5,6857813.0]]}},{"type":"Feature","properties":{"rodovia":"SC-446","kmInicial":0.238,"kmFinal":2.721,"situacao":"PAV","revestimento":"CA","nome":"LAURO MÜLLER (ENTR. CONTORNO RODOVIÁRIO) → ENTR. SC-440 (P/ URUSSANGA)"},"geometry":{"type":"LineString","coordinates":[[656955.7,6857812.3],[656917.2,6857753.0],[656880.2,6857405.0],[656747.2,6857172.0],[656468.2,6856902.0],[656150.2,6856851.0],[656087.2,6856758.0],[656069.2,6856653.0],[656122.2,6856304.0],[655968.0,6856134.7],[656065.8,6855943.8],[656068.8,6855874.8]]}},{"type":"Feature","properties":{"rodovia":"SC-446","kmInicial":2.722,"kmFinal":20.406,"situacao":"PAV","revestimento":"CA","nome":"ENTR. SC-440 (P/ URUSSANGA) → TREVISO"},"geometry":{"type":"LineString","coordinates":[[656068.7,6855873.9],[656042.8,6855824.1],[655972.5,6855788.4],[655730.4,6855796.3],[655451.6,6855691.5],[655117.2,6855737.2],[655008.9,6855710.2],[654816.4,6855600.4],[654529.7,6855604.2],[654274.6,6855492.0],[653914.2,6855387.5],[653726.8,6855271.8],[653481.9,6855276.4],[653208.9,6855231.3],[652980.3,6855078.0],[652764.8,6854981.2],[652399.5,6854644.0],[652129.3,6854276.4],[651916.9,6854169.9],[651877.8,6854113.1],[651875.1,6853961.0],[651840.0,6853895.7],[651777.9,6853864.0],[651610.8,6853870.1],[651511.5,6853803.8],[651481.4,6853673.7],[651517.5,6853586.4],[651620.6,6853467.9],[651645.3,6853378.6],[651627.9,6853294.1],[651576.0,6853225.5],[651154.7,6852890.2],[651048.1,6852762.6],[650985.9,6852433.8],[650840.7,6852218.2],[650840.8,6852010.4],[650957.9,6851553.9],[651216.9,6851277.5],[651226.6,6851162.1],[651184.3,6850967.4],[651321.9,6850753.0],[651410.4,6850145.4],[651540.2,6849700.6],[651550.0,6849544.1],[651371.2,6848990.1],[651352.0,6848799.5],[651474.6,6848474.4],[651436.6,6848247.8],[651451.9,6848109.3],[651480.7,6848046.1],[651672.2,6847846.8],[651720.1,6847638.4],[651675.0,6847486.1],[651415.1,6847157.3],[651228.4,6846813.2],[651028.8,6846597.7],[650731.0,6846459.7],[650638.4,6846217.1],[650605.3,6845955.7],[650602.2,6844513.2],[650532.5,6844283.1],[650514.2,6844018.0],[650444.0,6843784.7],[650471.8,6843681.1],[650612.8,6843521.3]]}},{"type":"Feature","properties":{"rodovia":"SC-446","kmInicial":20.407,"kmFinal":30.986,"situacao":"PAV","revestimento":"CA","nome":"TREVISO → SIDERÓPOLIS (ENTR. NORTE SC-445 P/ URUSSANGA)"},"geometry":{"type":"LineString","coordinates":[[650613.4,6843520.6],[650689.1,6843443.9],[650726.1,6843358.9],[650734.1,6843079.9],[650623.1,6842695.9],[650653.1,6842518.9],[650877.1,6842134.9],[651222.1,6841690.9],[651291.1,6841631.9],[651497.1,6841539.9],[651676.1,6841321.9],[651738.1,6841180.9],[651805.1,6840855.9],[651764.1,6840757.9],[651468.1,6840432.9],[650826.1,6839180.9],[650813.1,6839079.9],[650879.1,6838617.9],[650965.1,6838472.9],[651058.1,6838380.9],[651751.1,6838162.9],[651905.1,6838161.9],[652150.1,6838230.9],[652589.1,6838139.9],[652960.1,6837806.9],[653030.1,6837420.9],[653137.1,6837268.9],[653263.1,6837178.9],[653312.1,6837085.9],[653392.1,6835817.9],[653366.1,6835459.9]]}},{"type":"Feature","properties":{"rodovia":"SC-446","kmInicial":42.346,"kmFinal":45.412,"situacao":"PAV","revestimento":"CA","nome":"JURISDIÇÃO SIE INICIAL (NOVA VENEZA) → ENTR. ACESSO NOSSA SENHORA DO CARAVAGGIO"},"geometry":{"type":"LineString","coordinates":[[646965.8,6830652.6],[647177.2,6830287.9],[647264.2,6830249.8],[647408.2,6830291.1],[647486.0,6830283.1],[647772.0,6830000.5],[647782.6,6829894.7],[647535.0,6829224.8],[647527.5,6829107.2],[647557.9,6829033.0],[647698.9,6828868.1],[648028.7,6828775.8],[648057.5,6828733.0],[648087.0,6828460.6]]}},{"type":"Feature","properties":{"rodovia":"SC-446","kmInicial":45.413,"kmFinal":50.283,"situacao":"PAV","revestimento":"PF","nome":"ENTR. ACESSO NOSSA SENHORA DO CARAVAGGIO → ENTR. SC-443 (P/ CRICIÚMA)"},"geometry":{"type":"LineString","coordinates":[[648086.2,6828460.0],[648061.4,6828410.6],[648070.9,6828082.5],[648211.6,6827949.5],[648384.4,6827672.0],[648467.4,6827400.5],[648483.9,6826215.6],[648577.6,6825924.7],[648900.1,6824441.1],[648963.8,6824026.1],[649029.3,6823818.2]]}},{"type":"Feature","properties":{"rodovia":"SC-446","kmInicial":51.047,"kmFinal":54.626,"situacao":"PAV","revestimento":"CA","nome":"ENTR. SC-443 (P/ DISTRITO VILA MARIA) → JURISDIÇÃO SIE FINAL (FORQUILHINHA)"},"geometry":{"type":"LineString","coordinates":[[649096.1,6823061.7],[649040.1,6821828.8],[648693.1,6820544.8],[648684.1,6819965.8],[648784.8,6819545.6]]}},{"type":"Feature","properties":{"rodovia":"SC-446","kmInicial":56.631,"kmFinal":67.205,"situacao":"PAV","revestimento":"","nome":"JURISDIÇÃO SIE INICIAL (FORQUILHINHA) → ENTR. ROD. MAR-250 (P/ BR-101)"},"geometry":{"type":"LineString","coordinates":[[649389.4,6817638.6],[649636.7,6817115.3],[650101.6,6816511.9],[650739.3,6815846.0],[650948.0,6815580.8],[651175.3,6815377.2],[651293.0,6815127.2],[651400.5,6814425.7],[651440.5,6813890.2],[651598.1,6813462.3],[651693.7,6813084.4],[651974.1,6812435.2],[652262.2,6810201.4],[652239.3,6810073.1],[652103.8,6809905.3],[651770.7,6809754.5],[651683.1,6809648.8],[651633.7,6809475.5],[651657.3,6809042.1],[651811.7,6808703.9],[652073.3,6808589.8],[652128.4,6808402.2]]}},{"type":"Feature","properties":{"rodovia":"SC-446","kmInicial":68.413,"kmFinal":70.938,"situacao":"DUP","revestimento":"CA","nome":"MARACAJÁ (ENTR. RUA NATAL NOLA) → ENTR. BR-101 (P/ ARARANGUÁ)"},"geometry":{"type":"LineString","coordinates":[[650967.4,6808173.9],[650759.3,6807921.8],[651100.4,6806181.9],[651182.9,6806023.8],[651326.4,6805875.6],[651331.0,6805839.8]]}},{"type":"Feature","properties":{"rodovia":"SC-447","kmInicial":0.0,"kmFinal":4.117,"situacao":"PAV","revestimento":"CA","nome":"BALNEÁRIO ARROIO DO SILVA → ENTR. SC-100 (P/ DISTRITO LAGOA DOS ESTEVES)"},"geometry":{"type":"LineString","coordinates":[[654581.3,6792324.8],[654263.8,6792543.0],[653503.0,6793260.8],[652218.0,6795049.8],[651994.6,6795474.3]]}},{"type":"Feature","properties":{"rodovia":"SC-447","kmInicial":4.118,"kmFinal":11.228,"situacao":"PAV","revestimento":"CA","nome":"ENTR. SC-100 (P/ DISTRITO LAGOA DOS ESTEVES) → JURISDIÇÃO SIE FINAL (ARARANGUÁ) = ENTR. BR-101"},"geometry":{"type":"LineString","coordinates":[[651994.1,6795475.2],[651788.0,6795868.8],[651372.0,6796315.8],[650731.0,6796731.8],[650683.1,6796790.7],[650621.0,6796682.8],[650569.0,6796656.8],[648292.0,6796083.7],[648083.9,6796099.8],[647968.0,6796177.7],[647072.0,6797145.7],[646865.0,6797379.7],[646889.0,6797431.2],[646793.0,6797457.7],[646490.0,6797753.8],[646483.0,6797821.3],[646436.7,6797819.8]]}},{"type":"Feature","properties":{"rodovia":"SC-447","kmInicial":11.712,"kmFinal":15.816,"situacao":"PAV","revestimento":"CA","nome":"JURISDIÇÃO SIE INICIAL (ARARANGUÁ) → ENTR. ACESSO ERMO"},"geometry":{"type":"LineString","coordinates":[[646080.4,6798129.9],[645754.0,6798312.8],[645498.0,6798539.8],[645300.0,6798819.8],[644826.0,6799610.8],[644603.0,6799847.8],[644418.0,6799948.8],[644248.0,6799993.8],[644033.0,6799997.8],[643671.0,6799941.8],[643480.0,6799966.8],[643319.0,6800043.8],[642993.6,6800291.0]]}},{"type":"Feature","properties":{"rodovia":"SC-447","kmInicial":15.817,"kmFinal":29.169,"situacao":"PAV","revestimento":"CA","nome":"ENTR. ACESSO ERMO → MELEIRO (ENTR. SC-108)"},"geometry":{"type":"LineString","coordinates":[[642992.8,6800291.6],[642736.0,6800513.8],[642535.0,6800925.8],[642437.0,6801066.8],[642387.0,6801811.8],[642269.0,6802051.8],[641856.0,6802465.8],[641545.8,6802933.0],[641352.0,6803161.8],[640854.0,6803608.8],[640624.0,6803854.8],[640339.0,6804048.8],[639536.0,6804739.8],[638958.0,6805392.8],[638809.0,6805632.8],[638589.0,6805769.8],[638192.0,6806161.8],[637790.0,6806380.8],[637668.0,6806485.8],[637378.0,6807001.8],[637228.0,6807373.8],[636969.0,6807703.8],[636861.0,6807766.8],[636766.0,6807779.8],[636551.0,6807748.8],[636414.0,6807773.8],[635834.0,6808168.8],[634400.0,6808763.8],[633896.1,6809155.4]]}},{"type":"Feature","properties":{"rodovia":"SC-447","kmInicial":29.17,"kmFinal":29.975,"situacao":"PAV","revestimento":"CA","nome":"MELEIRO (ENTR. SC-108) → MELEIRO (ENTR. SC-443)"},"geometry":{"type":"LineString","coordinates":[[633895.2,6809155.8],[633745.0,6809272.8],[633354.0,6809412.8],[633192.5,6809504.3]]}},{"type":"Feature","properties":{"rodovia":"SC-447","kmInicial":29.976,"kmFinal":41.399,"situacao":"PAV","revestimento":"CA","nome":"MELEIRO (ENTR. SC-443) → MORRO GRANDE"},"geometry":{"type":"LineString","coordinates":[[633191.4,6809503.9],[632873.0,6808862.8],[632686.0,6808731.8],[632508.0,6808703.8],[632383.0,6808753.8],[632223.0,6808906.8],[632083.0,6808988.8],[631497.0,6809148.8],[630889.0,6809390.8],[630771.0,6809410.8],[630348.0,6809381.8],[630058.0,6809468.8],[629628.0,6809375.8],[629497.0,6809429.8],[629129.0,6809749.8],[628705.0,6809890.8],[628579.0,6809901.8],[628213.0,6809819.8],[628087.0,6809840.8],[627817.0,6809948.8],[627601.0,6809954.8],[627474.0,6809992.8],[627355.0,6810085.8],[627301.0,6810169.8],[627067.1,6811008.8],[626211.1,6812481.8],[626058.1,6812915.8],[626000.1,6812966.8],[625684.1,6813102.8],[625430.1,6813155.8],[625004.1,6813478.8],[624713.8,6813623.8]]}},{"type":"Feature","properties":{"rodovia":"SC-449","kmInicial":0.0,"kmFinal":2.321,"situacao":"PAV","revestimento":"CA","nome":"DIVISA DOS MUNICÍPIOS BALNEÁRIO GAIVOTA/SOMBRIO → SOMBRIO (ENTR. BR-101)"},"geometry":{"type":"LineString","coordinates":[[634004.4,6777403.6],[633200.1,6778257.0],[632903.9,6778479.6],[632966.9,6778574.6],[632520.3,6778925.9],[632502.9,6778999.1],[632473.2,6778987.1]]}},{"type":"Feature","properties":{"rodovia":"SC-449","kmInicial":2.322,"kmFinal":21.34,"situacao":"PAV","revestimento":"CA","nome":"SOMBRIO (ENTR. BR-101) → JACINTO MACHADO (ENTR. SC-108)"},"geometry":{"type":"LineString","coordinates":[[632472.4,6778986.5],[632396.9,6779016.6],[631702.9,6779553.6],[631543.9,6779627.6],[631396.9,6779652.6],[631247.9,6779639.6],[630888.9,6779560.6],[630563.9,6779638.6],[630232.2,6779638.5],[630060.9,6779685.6],[629880.9,6779835.6],[629680.9,6780189.6],[629490.9,6780407.6],[629191.9,6780576.6],[628715.9,6780694.6],[628557.9,6780766.6],[628405.9,6780874.6],[628104.9,6781183.6],[627350.9,6781643.6],[627228.9,6781745.6],[627110.9,6781944.6],[627045.9,6782427.6],[626975.9,6782630.6],[626853.9,6782820.6],[626607.9,6783101.6],[626493.9,6783321.6],[626423.9,6783852.6],[626363.9,6784030.6],[626181.9,6784268.6],[625549.9,6784708.6],[625370.9,6784912.6],[625279.9,6785145.6],[625174.9,6785741.6],[625057.9,6785967.6],[624776.9,6786357.6],[624652.9,6786846.6],[624588.9,6786965.6],[624475.9,6787075.6],[624378.9,6787126.6],[623922.9,6787208.6],[623538.9,6787530.6],[623372.9,6787586.6],[623015.9,6787646.6],[622843.9,6787734.6],[622034.9,6788575.6],[621987.9,6788671.6],[621940.9,6788909.6],[621885.9,6789003.6],[621290.9,6789399.6],[621173.9,6789621.6],[620592.0,6791577.7]]}},{"type":"Feature","properties":{"rodovia":"SC-451","kmInicial":0.0,"kmFinal":30.25,"situacao":"PAV","revestimento":"CA","nome":"CURITIBANOS (ENTR. SC-120) → FREI ROGÉRIO"},"geometry":{"type":"LineString","coordinates":[[541683.1,6981625.2],[540553.7,6981140.2],[540213.7,6981089.5],[540070.0,6981117.8],[539192.9,6981438.2],[538754.0,6981454.2],[538402.6,6981584.7],[538053.8,6981556.2],[537798.1,6981617.4],[537553.5,6981596.3],[537271.2,6981687.1],[537012.2,6981664.4],[536796.4,6981694.7],[536218.7,6981452.1],[536071.0,6981425.0],[535923.6,6981463.6],[535750.5,6981627.8],[535565.0,6981707.0],[535394.1,6981720.0],[535022.0,6981659.1],[534775.7,6981726.1],[533845.0,6982558.4],[533511.3,6982692.3],[533394.6,6982795.2],[533198.7,6983074.6],[533157.1,6983297.8],[533052.9,6983583.1],[533036.4,6984048.2],[532997.2,6984145.9],[532901.9,6984248.2],[532581.6,6984359.6],[532262.5,6984743.1],[531726.3,6985019.6],[531385.5,6985089.1],[531184.2,6985169.2],[530855.3,6985177.8],[530291.4,6985531.9],[529890.2,6985612.1],[529763.7,6985680.2],[529614.7,6985930.7],[529453.0,6986075.5],[529396.2,6986207.7],[529368.8,6986660.5],[529495.2,6987017.5],[529479.1,6987203.9],[529353.5,6987360.8],[529062.6,6987488.6],[528837.7,6987848.2],[528649.0,6987918.3],[528266.4,6987824.6],[527690.7,6987855.7],[527422.7,6987910.3],[526981.1,6987837.6],[526833.7,6987937.6],[526750.0,6988139.2],[526690.0,6988200.9],[526539.0,6988275.3],[526352.4,6988465.4],[526026.7,6988614.7],[525887.7,6988724.4],[525762.9,6988892.0],[525710.4,6989030.1],[525705.7,6989178.0],[525752.6,6989360.6],[525742.0,6989477.2],[525432.0,6989949.8],[525294.9,6990399.4],[525074.2,6990639.4],[525032.5,6990722.5],[525026.4,6990883.0],[525116.9,6991174.6],[525079.3,6991365.8],[524992.2,6991484.8],[524408.8,6991907.0],[524251.8,6992104.5],[524009.6,6992290.6],[523973.0,6992370.6],[523977.9,6992490.7],[523937.0,6992547.4],[523800.4,6992577.1],[523633.5,6992682.0],[522741.1,6993035.0],[522660.7,6993098.8],[522576.9,6993310.9],[522496.3,6993400.8],[522248.6,6993510.7],[522031.6,6993655.3],[521637.0,6993741.2],[521263.0,6994030.8],[520731.8,6994086.6],[520635.7,6994067.9],[520389.9,6993945.5],[520135.8,6993949.7],[520002.7,6994014.2],[519866.7,6994146.3],[519716.7,6994512.7],[519605.2,6994535.6],[519529.5,6994472.7]]}},{"type":"Feature","properties":{"rodovia":"SC-451","kmInicial":30.251,"kmFinal":47.831,"situacao":"EOP","revestimento":"","nome":"FREI ROGÉRIO → ENTR. SC-452 (P/ FRAIBURGO)"},"geometry":{"type":"LineString","coordinates":[[519528.9,6994472.0],[519461.8,6994454.6],[519414.3,6994490.2],[519390.4,6994564.5],[519406.9,6994641.6],[519816.6,6994912.9],[520098.6,6994990.9],[520180.6,6995078.3],[520169.4,6995381.7],[520137.9,6995456.3],[520072.6,6995536.1],[519908.9,6995597.8],[519844.7,6995673.8],[519745.4,6995722.3],[519668.2,6995721.1],[519375.7,6995623.5],[519299.7,6995626.3],[519216.8,6995729.7],[519235.8,6995923.2],[519121.5,6996129.9],[519066.6,6996179.7],[518429.4,6996312.7],[518347.6,6996356.0],[518256.6,6996490.8],[518124.6,6996579.9],[517912.0,6996823.4],[517898.1,6996922.8],[517856.1,6996983.0],[517793.0,6997013.1],[517744.0,6997102.1],[517772.2,6997192.3],[517888.2,6997304.6],[517912.8,6997372.5],[517918.2,6997830.1],[517875.1,6997946.5],[517712.7,6998090.6],[517687.0,6998150.8],[517722.5,6998443.6],[517523.0,6998830.9],[517412.4,6999185.4],[517402.1,6999356.7],[517281.8,6999487.6],[517249.2,6999617.1],[517190.8,6999682.5],[516794.4,6999798.1],[516703.4,6999998.3],[516657.8,7000029.7],[516496.4,7000041.1],[516026.4,7000253.5],[515909.7,7000499.4],[515768.9,7000644.1],[515700.7,7000859.2],[515585.7,7001000.6],[515420.3,7001119.8],[515283.0,7001314.1],[515062.7,7001515.7],[514937.6,7001587.1],[514755.1,7001587.4],[514694.3,7001639.1],[514609.3,7001974.5],[514393.1,7002255.2],[514338.8,7002289.3],[514094.2,7002323.6],[513964.0,7002497.0],[513824.8,7002530.4],[513744.1,7002635.8],[513636.0,7002712.4],[513499.7,7002740.6],[513419.7,7002876.7],[513281.7,7002949.4],[513230.4,7003133.8],[513108.8,7003286.9],[512855.0,7003375.4],[512742.7,7003445.5],[512568.4,7003488.8],[512493.0,7003598.1],[512310.6,7003740.1],[512251.1,7003922.6],[512201.4,7003980.8],[512138.9,7004026.0],[511872.1,7004093.6],[511707.2,7004233.6],[511277.8,7004324.9],[510920.9,7004305.6],[510530.8,7004557.6],[510246.1,7004933.1],[510048.2,7005116.0],[509978.4,7005134.3]]}},{"type":"Feature","properties":{"rodovia":"SC-452","kmInicial":0.0,"kmFinal":4.022,"situacao":"PAV","revestimento":"CA","nome":"ENTR. SC-355 (P/ FRAIBURGO) → ENTR. SC-451 (P/ FREI ROGÉRIO)"},"geometry":{"type":"LineString","coordinates":[[509577.8,7008974.3],[509584.8,7008923.3],[509760.8,7008666.3],[509792.8,7008154.3],[510448.8,7006463.2],[510234.8,7005947.2],[509978.9,7005592.3],[509972.8,7005261.2]]}},{"type":"Feature","properties":{"rodovia":"SC-452","kmInicial":4.023,"kmFinal":21.0,"situacao":"PAV","revestimento":"CA","nome":"ENTR. SC-451 (P/ FREI ROGÉRIO) → ENTR. SC-453 (P/ TANGARÁ)"},"geometry":{"type":"LineString","coordinates":[[509972.9,7005260.2],[509968.8,7004911.2],[509682.8,7004167.2],[509575.8,7004033.2],[509230.9,7003875.2],[509122.9,7003752.2],[509084.9,7003036.2],[508948.9,7002752.2],[508751.9,7002645.2],[508692.9,7002585.2],[508519.9,7002178.2],[508512.9,7002069.2],[508616.9,7001575.2],[508402.9,7001184.2],[508269.9,7001091.2],[506853.9,7000761.2],[506440.9,7000520.2],[506336.9,6999830.2],[506009.9,6999013.2],[505902.9,6998907.2],[505660.9,6998850.2],[505558.9,6998796.2],[505445.9,6998638.2],[505194.9,6997631.2],[504928.8,6996242.2],[504864.8,6996184.2],[504019.8,6995800.2],[503765.9,6995563.2],[503287.8,6995286.2],[503156.8,6995170.2],[502309.8,6993439.2],[502048.8,6993078.2],[501814.8,6992871.2],[501670.1,6992312.5]]}},{"type":"Feature","properties":{"rodovia":"SC-452","kmInicial":21.001,"kmFinal":24.79,"situacao":"PAV","revestimento":"CA","nome":"ENTR. SC-453 (P/ TANGARÁ) → MONTE CARLO"},"geometry":{"type":"LineString","coordinates":[[501669.9,6992311.5],[501395.8,6991247.1],[501429.8,6991157.1],[502047.9,6990231.1],[502034.9,6990003.1],[501752.9,6989782.1],[501713.9,6989710.1],[501735.9,6989633.1],[501819.9,6989547.1],[501921.9,6989353.1],[502043.9,6989201.1],[502073.9,6989029.9]]}},{"type":"Feature","properties":{"rodovia":"SC-452","kmInicial":24.791,"kmFinal":39.608,"situacao":"PAV","revestimento":"CA","nome":"MONTE CARLO → ENTR. BR-470 (P/ BRUNÓPOLIS)"},"geometry":{"type":"LineString","coordinates":[[502074.1,6989028.9],[502145.9,6988758.6],[502024.9,6988736.1],[501957.9,6988686.1],[501850.9,6988528.1],[501795.9,6988343.1],[501801.9,6988133.1],[501866.9,6987733.1],[501798.9,6987476.0],[501841.9,6987282.0],[502134.9,6987007.0],[502198.9,6986826.0],[502172.9,6986771.0],[502029.9,6986651.0],[501252.9,6986214.0],[501149.9,6986127.0],[501023.9,6985738.0],[501076.9,6985224.0],[501110.9,6985153.0],[501422.9,6984862.0],[501582.9,6984454.0],[501684.9,6983522.0],[501838.9,6982953.0],[502046.9,6982557.9],[502213.9,6982096.9],[502305.9,6981712.9],[502449.0,6981434.9],[502402.0,6981151.9],[502423.0,6981046.9],[502622.0,6980798.9],[503325.0,6980336.9],[503514.0,6980057.9],[503680.0,6979885.8],[503803.0,6979365.8],[503977.0,6978882.8],[503975.0,6978793.8],[503915.0,6978629.8],[503923.0,6978522.8],[504417.0,6977678.8],[504404.0,6977506.8],[503981.0,6976489.8],[503919.0,6976412.8]]}},{"type":"Feature","properties":{"rodovia":"SC-452","kmInicial":69.686,"kmFinal":89.59,"situacao":"EOP","revestimento":"LN","nome":"JURISDIÇÃO SIE INICIAL (VARGEM) → ABDON BATISTA (ENTR. SC-284)"},"geometry":{"type":"LineString","coordinates":[[502143.3,6958622.7],[501990.2,6958425.5],[501886.2,6958374.5],[501827.2,6958264.5],[501734.2,6958244.5],[501745.2,6958159.5],[501687.2,6958017.5],[501736.2,6957832.4],[501661.2,6957714.4],[501542.2,6957594.4],[501333.2,6957539.4],[501308.2,6957490.5],[501307.2,6957392.4],[501365.2,6957223.4],[501553.2,6957091.4],[501686.2,6956961.4],[501715.2,6956886.4],[501715.2,6956696.4],[501675.2,6956511.4],[501390.2,6956392.4],[501363.2,6956348.4],[501363.2,6956214.4],[501440.2,6955893.4],[501559.2,6955714.4],[501615.2,6955505.4],[501509.5,6955405.1],[501341.2,6955354.4],[501263.2,6955366.4],[501187.2,6955278.4],[501167.2,6955151.4],[501195.2,6955033.3],[501051.2,6954877.4],[501097.7,6954823.3],[501089.2,6954738.3],[501015.3,6954475.3],[500916.3,6954313.3],[500980.2,6954228.4],[500898.3,6954164.3],[500654.3,6954113.3],[500561.3,6953966.3],[500387.3,6953844.3],[500305.5,6953848.6],[500203.2,6954056.3],[500110.2,6954174.4],[499975.2,6954234.4],[499805.2,6954247.4],[499373.2,6954172.4],[499245.3,6954076.4],[499237.2,6953930.4],[499185.2,6953868.4],[499121.2,6953901.4],[499089.2,6953973.4],[498991.2,6954066.4],[498836.2,6954140.4],[498514.2,6954218.4],[497903.2,6954093.4],[497804.6,6953965.9],[497647.2,6953885.4],[497246.2,6953810.4],[497192.2,6953744.4],[497175.2,6953664.4],[497214.2,6953538.4],[497211.2,6953280.4],[497122.2,6953003.4],[497017.2,6952855.4],[496995.2,6952612.4],[496928.2,6952580.4],[496736.2,6952606.4],[496633.2,6952426.4],[496501.2,6952561.4],[496411.2,6952555.4],[496364.2,6952508.4],[496272.2,6952229.4],[496280.2,6952037.4],[496203.2,6951849.4],[496237.2,6951595.4],[496303.2,6951498.4],[496249.2,6951328.3],[496270.2,6951207.3],[496186.2,6951165.3],[495937.2,6950749.3],[495560.2,6950307.3],[495574.2,6950091.3],[495494.2,6949968.3],[495528.3,6949870.3],[495631.3,6949891.3],[495733.3,6949811.3],[495788.3,6949800.3],[495770.3,6949634.3],[495824.3,6949552.3],[495879.3,6949611.3],[495973.3,6949650.3],[495993.3,6949635.3],[495927.3,6949473.3],[495950.3,6949404.3],[496121.3,6949536.3],[496171.3,6949517.3],[496179.3,6949364.3],[496291.3,6949019.3],[496291.3,6948813.2],[496236.3,6948499.2],[496380.3,6948072.2],[496304.3,6947818.2],[496375.3,6947535.2],[496520.3,6947417.2],[496619.4,6947073.2],[496693.4,6946930.2],[497084.4,6946617.1],[497160.4,6946414.1],[497328.4,6946119.1],[497780.9,6945705.4]]}},{"type":"Feature","properties":{"rodovia":"SC-452","kmInicial":89.591,"kmFinal":109.425,"situacao":"LEN","revestimento":"LN","nome":"ABDON BATISTA (ENTR. SC-284) → ENTR. SC-390 (PARA ANITA GARIBALDI)"},"geometry":{"type":"LineString","coordinates":[[497781.6,6945704.8],[498042.4,6945447.1],[498254.5,6945096.0],[498383.4,6944969.1],[498404.5,6944882.0],[498485.5,6944859.0],[498424.5,6944641.0],[498430.5,6944536.0],[498372.5,6944389.0],[498298.5,6944315.0],[498214.5,6944311.0],[498081.5,6944255.0],[498035.5,6944084.0],[497982.5,6944002.0],[497982.5,6943892.0],[497859.5,6943711.0],[498053.5,6943424.0],[498067.5,6943302.0],[498027.5,6943198.0],[498126.5,6943042.0],[498075.5,6942853.0],[498001.5,6942788.9],[497848.5,6942731.0],[497785.5,6942612.9],[498058.5,6942162.9],[498096.5,6941855.9],[497740.6,6941047.9],[497552.6,6941036.9],[497496.6,6941064.9],[497393.5,6941154.9],[497396.5,6941283.9],[497325.5,6941322.9],[497090.5,6941357.9],[496786.5,6941355.9],[496285.5,6941599.0],[496127.5,6941519.0],[496026.5,6941415.0],[495833.5,6940992.0],[495680.5,6940866.0],[495420.5,6940963.0],[495126.5,6940929.0],[494693.5,6940963.0],[494376.4,6941137.0],[494161.5,6941095.0],[493905.4,6940737.0],[493531.4,6940319.0],[493180.4,6940142.0],[492892.4,6940033.0],[492668.4,6940025.0],[492294.4,6939906.1],[492293.4,6939632.0],[492222.4,6939304.0],[492253.4,6939013.0],[492120.4,6938718.0],[491821.4,6938240.0],[491698.4,6938149.0],[491648.4,6938046.0],[491554.4,6937958.0],[491466.4,6937813.0],[491438.4,6937687.1],[491251.4,6937713.0],[491114.4,6937582.0],[490980.4,6937360.0],[490996.4,6937179.0],[490700.4,6937047.0],[490621.4,6936952.0],[490454.4,6936846.0],[489992.0,6936688.1],[489860.4,6936806.1],[489680.4,6936884.1],[489535.4,6937025.1],[489381.4,6936818.6],[489278.4,6936810.1],[489218.4,6936765.1],[489173.4,6936621.1],[489095.4,6936573.1],[489031.7,6936568.8]]}},{"type":"Feature","properties":{"rodovia":"SC-452","kmInicial":109.426,"kmFinal":126.965,"situacao":"PAV","revestimento":"CA","nome":"ENTR. SC-390 (PARA ANITA GARIBALDI) → USINA BARRA GRANDE (DIVISA SC/RS)"},"geometry":{"type":"LineString","coordinates":[[489030.7,6936568.9],[488862.6,6936693.6],[488749.8,6936691.9],[488616.2,6936595.7],[488382.4,6936711.4],[488051.6,6936789.2],[488031.4,6936905.9],[487912.0,6936974.7],[487745.7,6937126.9],[487444.1,6937120.9],[487294.2,6937062.1],[487371.3,6936854.4],[487472.7,6936358.7],[487836.5,6935838.8],[487866.4,6935703.9],[487972.2,6935599.4],[488029.1,6935497.2],[488044.9,6935342.0],[487924.0,6935088.4],[487914.4,6935005.4],[487974.4,6934913.7],[488160.0,6934774.5],[488221.6,6934607.8],[488151.4,6934439.8],[488091.8,6934163.4],[487814.6,6933858.3],[487748.1,6933708.7],[487633.4,6933638.1],[487551.3,6933541.5],[487391.9,6933482.9],[487343.3,6933364.2],[487254.3,6933291.2],[487171.7,6933119.9],[487197.7,6933042.4],[487356.4,6932961.0],[487402.7,6932800.2],[487361.8,6932683.6],[487367.5,6932616.3],[487559.8,6932415.1],[487539.3,6932283.8],[487571.8,6932165.7],[487511.1,6932021.5],[487608.7,6931879.8],[487591.4,6931784.0],[487505.8,6931754.4],[487346.6,6931836.7],[487229.8,6931860.3],[487081.2,6932004.0],[486964.5,6932190.9],[486761.2,6932349.7],[486609.4,6932289.3],[486446.8,6932345.2],[486248.1,6932265.4],[486074.7,6932295.6],[485983.1,6932269.6],[485677.3,6931909.9],[485291.8,6931695.4],[485143.5,6931658.6],[484983.5,6931417.6],[484803.6,6931334.5],[484680.0,6931110.8],[484424.2,6931076.3],[484269.0,6930889.5],[483666.0,6930729.3],[483563.0,6930603.9],[483129.8,6930323.5],[483081.4,6930208.2],[483138.0,6930041.9],[483124.8,6929980.6],[483038.0,6929924.3],[482765.7,6929866.8],[482494.6,6929665.7],[482363.7,6929303.2],[482013.5,6928851.5],[481983.9,6928090.6],[481908.5,6927945.2],[481878.0,6927794.5],[481847.5,6927753.2],[481750.6,6927711.9],[481495.1,6927810.6]]}},{"type":"Feature","properties":{"rodovia":"SC-453","kmInicial":38.385,"kmFinal":54.455,"situacao":"PAV","revestimento":"CA","nome":"JURISDIÇÃO SIE INICIAL (TANGARÁ) → IBICARÉ (ENTR. SC-465)"},"geometry":{"type":"LineString","coordinates":[[474328.5,7003356.4],[474321.3,7003413.6],[474269.6,7003470.9],[473856.4,7003625.9],[473318.5,7004109.5],[473016.0,7004192.5],[472754.6,7004052.5],[472541.7,7004101.4],[472383.1,7004068.4],[472302.4,7004098.6],[472014.6,7004420.3],[471965.2,7004571.1],[471943.3,7004930.3],[471893.9,7004984.9],[471819.9,7005008.3],[471730.2,7004952.9],[471689.8,7004821.2],[471565.7,7004601.0],[471539.7,7004485.5],[471453.3,7004405.6],[471346.2,7004409.7],[471069.6,7004543.2],[470764.9,7004620.5],[470660.0,7004636.0],[470597.4,7004611.1],[470559.3,7004543.5],[470579.7,7004342.5],[470544.2,7004250.5],[470046.7,7003973.2],[469962.6,7003888.4],[469869.4,7003302.2],[469724.2,7003129.7],[469544.3,7003135.3],[469412.3,7003210.4],[469255.4,7003219.8],[469201.8,7003249.2],[469070.9,7003568.7],[469055.1,7003658.5],[469080.0,7003778.8],[469026.4,7003856.5],[468829.5,7003862.9],[468521.0,7003932.3],[468212.4,7003900.2],[468031.0,7004060.2],[467979.0,7004071.9],[467900.5,7004024.7],[467839.8,7003863.1],[467695.7,7003775.8],[467611.9,7003660.4],[467662.1,7003575.5],[467791.1,7003555.1],[467838.6,7003519.7],[467848.8,7003401.2],[467709.3,7003299.4],[467607.2,7003149.6],[467490.1,7003131.9],[467419.6,7003203.8],[467304.0,7003753.5],[467090.1,7004096.0],[467003.7,7004142.0],[466681.2,7004114.9],[466559.8,7003985.9],[466530.0,7003707.1],[466374.2,7003481.6],[466390.8,7003227.0],[466316.9,7003141.3],[466210.1,7003171.1],[465918.9,7003428.0],[465757.5,7003473.3],[465636.0,7003550.2],[465506.7,7003548.3],[465414.6,7003591.0],[465341.1,7003579.6],[465197.8,7003491.8],[464772.7,7003379.0],[464079.4,7003325.4],[463898.9,7003348.3]]}},{"type":"Feature","properties":{"rodovia":"SC-453","kmInicial":54.456,"kmFinal":68.158,"situacao":"PAV","revestimento":"CA","nome":"IBICARÉ (ENTR. SC-465) → LUZERNA (ENTR. SC-150)"},"geometry":{"type":"LineString","coordinates":[[463899.1,7003347.2],[463904.4,7003286.9],[463851.6,7003182.5],[463683.3,7003162.5],[463427.2,7002849.8],[463297.1,7002528.8],[463234.1,7002441.3],[463131.1,7002103.3],[462964.1,7001910.6],[462668.1,7001729.2],[462522.6,7001684.6],[461406.8,7001539.1],[461178.6,7001563.9],[461107.7,7001545.5],[460933.8,7001450.6],[460865.2,7001368.3],[460785.8,7001237.5],[460680.4,7000831.2],[460444.6,7000591.8],[460290.7,7000560.8],[459997.6,7000615.5],[459809.4,7000612.6],[459701.6,7000556.9],[459571.7,7000343.7],[459471.9,7000313.9],[459094.9,7000519.6],[458809.9,7000830.6],[458638.5,7000948.8],[458292.6,7001054.4],[458012.1,7001020.4],[457364.3,7000688.0],[457162.5,7000669.3],[457046.7,7000594.6],[456865.7,7000273.2],[456771.8,6999864.7],[456534.9,6999249.9],[456438.7,6999148.8],[455363.3,6999082.4],[455299.2,6999126.6],[455246.0,6999279.3],[455168.7,6999308.4],[455122.7,6999279.3],[455055.6,6999150.3],[454942.8,6999064.3],[454560.3,6998929.7],[454042.8,6998836.1],[453515.5,6998849.3]]}},{"type":"Feature","properties":{"rodovia":"SC-459","kmInicial":0.0,"kmFinal":25.34,"situacao":"LEN","revestimento":"","nome":"ENTR. SC-340 (P/ TIMBÓ GRANDE) → ENTR. SC-135 (P/ CAÇADOR)"},"geometry":{"type":"LineString","coordinates":[[519586.4,7062679.0],[519576.7,7062575.6],[519389.7,7062213.6],[519363.7,7062042.6],[519401.7,7061923.6],[519284.7,7061733.6],[519200.7,7061508.6],[519223.7,7061119.6],[519052.7,7060902.6],[519018.7,7060744.6],[518799.7,7060721.6],[518307.7,7060746.6],[518115.7,7060803.6],[517987.7,7060900.6],[517721.7,7061024.6],[517095.7,7060974.6],[517004.7,7061002.6],[516935.7,7061067.6],[516852.7,7061083.6],[516762.7,7061063.6],[516609.7,7060971.6],[516520.7,7060966.6],[516466.7,7060984.6],[516388.7,7061074.6],[516159.7,7061111.6],[515759.7,7060915.6],[515533.8,7060906.6],[515380.7,7060797.6],[515069.7,7060195.6],[514703.8,7059750.1],[514676.7,7059600.6],[514472.7,7059505.6],[514324.8,7059196.6],[513725.8,7058592.6],[513672.8,7058508.6],[513637.8,7058186.6],[513593.8,7058080.6],[513459.8,7057955.6],[513250.8,7057683.6],[512859.8,7057444.6],[512187.8,7057354.6],[511808.8,7057130.6],[511476.8,7057208.6],[511096.8,7057193.6],[510809.8,7057046.6],[510534.8,7056781.6],[510223.8,7056683.6],[509716.8,7056833.6],[509555.8,7056814.6],[509356.8,7056658.6],[509049.8,7056334.6],[508781.8,7056179.6],[508572.8,7055787.6],[508268.8,7055574.6],[507858.8,7055059.6],[507813.8,7054896.6],[507751.8,7054809.6],[507526.8,7054709.6],[507388.9,7054689.6],[507011.8,7054804.6],[506860.8,7054763.6],[506786.8,7054640.6],[506518.8,7054369.6],[506334.8,7054285.6],[506015.8,7053805.6],[505861.8,7053662.6],[505751.8,7053649.6],[505604.8,7053721.6],[505133.8,7053770.6],[504880.8,7053659.6],[504470.8,7053609.6],[504048.8,7053699.6],[503498.8,7053688.6],[503380.8,7053468.6],[503074.8,7053115.6],[503069.8,7052780.6],[503178.8,7052471.6],[503061.8,7052174.6],[502880.8,7051935.6],[502761.8,7051668.6],[502800.8,7051477.6],[502865.8,7051368.6],[502868.8,7051128.6],[502738.8,7050999.6],[502464.8,7050850.6],[502395.8,7050859.6],[502262.2,7050977.4],[502187.3,7050968.6]]}},{"type":"Feature","properties":{"rodovia":"SC-462","kmInicial":0.0,"kmFinal":16.244,"situacao":"EOP","revestimento":"","nome":"DIVISA SC/PR (ENTR. BR-153) → MATOS COSTA (ENTR. SC-135)"},"geometry":{"type":"LineString","coordinates":[[471563.8,7078389.9],[471899.8,7078154.9],[472624.8,7077928.9],[472787.8,7077939.9],[472925.8,7078000.9],[473004.8,7078068.9],[473269.8,7077915.9],[473382.8,7077947.9],[473518.8,7077918.9],[473922.8,7078009.9],[474133.8,7077825.9],[474203.8,7077792.9],[474309.8,7077793.9],[474530.8,7077680.8],[475148.8,7077666.8],[475682.8,7077307.8],[476054.8,7076901.8],[476602.7,7076206.8],[476978.7,7075839.8],[477183.7,7075677.8],[477349.7,7075594.8],[478327.8,7075433.8],[478629.7,7075233.8],[479263.7,7074920.8],[479930.7,7074741.8],[480156.7,7074615.8],[480655.7,7074168.8],[481122.7,7073830.8],[481129.7,7073705.8],[481335.7,7073300.8],[482014.6,7072797.9],[482060.7,7072419.8],[482115.7,7072336.8],[482318.7,7072184.8],[482423.7,7072161.8],[482935.7,7072206.8],[483365.7,7072051.8],[483630.7,7072014.8],[484598.7,7072119.8],[484761.7,7072110.8],[484821.7,7072038.8],[484871.7,7071870.9]]}},{"type":"Feature","properties":{"rodovia":"SC-464","kmInicial":0.0,"kmFinal":16.698,"situacao":"PAV","revestimento":"CA","nome":"IOMERÊ (ENTR. SC-355) → JURISDIÇÃO SIE FINAL (ARROIO TRINTA)"},"geometry":{"type":"LineString","coordinates":[[475407.9,7013817.3],[475380.8,7013844.1],[475338.9,7014235.3],[475203.4,7014352.3],[475190.9,7014396.3],[475354.9,7014721.3],[475272.9,7014885.3],[475152.9,7015037.3],[475204.9,7015276.3],[475170.9,7015359.3],[475104.9,7015391.3],[474818.9,7015303.3],[474773.9,7015314.3],[474554.9,7015604.3],[474446.9,7015927.3],[474360.9,7015920.3],[474106.9,7015756.3],[474054.1,7015762.3],[474015.9,7015813.3],[474212.9,7016262.5],[474185.9,7016374.3],[474223.9,7016508.3],[474196.9,7016784.3],[474129.9,7016906.3],[473770.8,7017130.4],[473716.9,7017228.3],[473749.9,7017320.3],[474070.9,7017445.3],[474100.9,7017519.3],[473945.9,7017630.3],[473833.9,7017827.3],[473787.9,7017995.3],[473783.9,7018298.3],[473619.9,7018580.3],[473597.9,7018664.3],[473778.9,7019073.4],[473835.9,7019431.3],[473889.9,7019533.3],[474094.9,7019738.3],[474147.9,7019947.4],[474118.9,7020018.4],[473613.9,7020608.4],[473524.9,7021122.4],[473469.9,7021216.4],[473398.9,7021264.3],[473302.9,7021281.4],[472976.9,7021187.4],[472850.9,7021209.4],[472142.9,7021587.4],[471683.9,7022107.4],[470921.9,7022481.4],[470422.9,7022472.4],[470294.9,7022371.4],[470179.9,7022211.4],[470132.9,7022195.4],[470096.9,7022223.4],[470024.8,7022444.4],[469732.9,7022551.4],[469502.9,7022596.4],[469167.9,7022792.4],[469021.9,7022757.4],[468844.9,7022660.4],[468476.9,7022211.4],[467966.6,7021706.2]]}},{"type":"Feature","properties":{"rodovia":"SC-464","kmInicial":19.103,"kmFinal":24.582,"situacao":"PAV","revestimento":"CA","nome":"JURISDIÇÃO SIE INICIAL (ARROIO TRINTA) → ENTR. SC-465 (P/ MACIEIRA)"},"geometry":{"type":"LineString","coordinates":[[466340.8,7022057.5],[466325.9,7022119.4],[466369.9,7022324.4],[466366.9,7022472.4],[466269.9,7022795.4],[466183.9,7022867.4],[465745.9,7023055.4],[465696.9,7023112.4],[465691.9,7023189.4],[465739.9,7023313.4],[465696.9,7023456.4],[465761.9,7023734.4],[465593.9,7023863.4],[465557.9,7023922.4],[465563.9,7024002.4],[465652.9,7024167.4],[465495.9,7024320.4],[465537.9,7024624.4],[465493.9,7024701.4],[465406.9,7024718.4],[465350.9,7024676.4],[465212.9,7024350.4],[465016.9,7024175.4],[464285.9,7024079.4],[463979.9,7024002.4],[463622.8,7024086.8]]}},{"type":"Feature","properties":{"rodovia":"SC-464","kmInicial":24.583,"kmFinal":29.656,"situacao":"PAV","revestimento":"CA","nome":"ENTR. SC-465 (P/ MACIEIRA) → SALTO VELOSO (ENTR. SC-465)"},"geometry":{"type":"LineString","coordinates":[[463621.8,7024087.0],[463504.9,7024108.4],[463248.9,7024066.4],[463177.9,7023915.4],[463113.0,7023891.4],[462589.9,7024139.4],[462299.9,7024231.5],[461699.9,7024628.5],[461628.9,7024598.5],[461485.9,7024267.5],[461380.9,7024261.5],[461144.9,7024345.5],[461071.9,7024346.5],[460455.9,7023892.5],[460239.9,7023777.5],[460043.6,7023752.1],[459944.9,7023851.5],[459942.9,7024120.5],[459626.9,7024097.5]]}},{"type":"Feature","properties":{"rodovia":"SC-464","kmInicial":29.657,"kmFinal":48.972,"situacao":"PAV","revestimento":"CA","nome":"SALTO VELOSO (ENTR. SC-465) → DISTRITO HERCILIÓPOLIS (ENTR. SC-150)"},"geometry":{"type":"LineString","coordinates":[[459625.9,7024097.3],[459327.2,7024063.1],[459308.7,7024305.4],[459183.6,7024660.1],[458787.2,7024998.6],[458713.9,7025038.3],[458425.7,7025099.3],[458127.6,7025125.9],[458087.6,7025195.0],[458140.1,7025358.1],[458117.6,7025431.8],[457808.7,7025417.0],[457556.9,7025559.1],[457481.9,7025822.9],[457147.8,7026033.9],[456994.0,7026220.9],[456826.3,7026326.8],[456667.5,7026687.9],[456459.4,7026802.2],[456393.9,7026876.6],[456229.5,7027499.5],[456106.9,7027702.8],[455787.9,7028033.7],[455675.7,7028214.7],[455647.6,7028319.4],[455664.6,7028429.5],[455785.0,7028689.2],[455794.1,7028789.6],[455691.5,7029356.7],[455530.1,7029584.8],[455518.1,7029647.0],[455590.3,7029773.8],[455642.0,7029987.4],[455855.1,7030044.6],[455912.1,7030116.8],[455898.3,7030189.7],[455803.2,7030315.4],[455829.1,7030357.3],[455943.5,7030388.5],[455978.3,7030431.4],[455872.6,7030657.1],[455917.4,7030826.0],[455744.9,7030953.7],[455734.7,7031172.7],[455687.7,7031277.1],[455367.4,7031513.5],[455240.3,7031670.2],[455156.8,7031880.1],[455176.8,7032093.1],[455117.9,7032200.3],[454965.7,7032264.4],[454693.1,7032210.0],[454351.4,7032248.4],[454241.6,7032315.8],[454148.2,7032515.1],[454028.3,7032606.0],[453931.9,7032638.3],[453677.4,7032647.9],[453429.5,7032787.7],[453159.5,7032817.8],[452938.4,7032903.9],[452796.4,7032903.9],[452558.4,7032758.3],[452489.6,7032758.3],[452390.4,7032902.1],[452411.1,7033049.9],[452354.6,7033240.9],[452212.5,7033433.9],[452005.8,7033432.8],[451926.3,7033606.3],[450933.4,7033834.5],[449982.7,7033965.9],[449387.3,7033860.7],[448554.4,7033500.2],[448438.7,7033486.3],[448241.6,7033529.7]]}},{"type":"Feature","properties":{"rodovia":"SC-465","kmInicial":0.0,"kmFinal":18.08,"situacao":"PAV","revestimento":"CA","nome":"ENTR. SC-350 (P/ CAÇADOR) → MACIEIRA"},"geometry":{"type":"LineString","coordinates":[[473934.5,7038713.0],[473914.1,7038668.8],[473948.4,7038420.7],[473851.1,7038295.6],[473759.3,7038076.4],[473543.6,7037910.0],[473312.1,7037630.2],[472997.2,7037494.3],[472871.7,7037385.8],[472726.0,7037365.0],[472419.9,7037217.9],[472220.1,7037083.6],[471889.4,7036994.9],[471818.0,7036949.3],[471803.4,7036680.7],[471880.8,7036467.1],[471869.4,7036333.3],[471762.4,7036201.3],[471648.2,7035921.8],[471397.0,7035734.2],[471287.2,7035721.6],[471190.3,7035755.5],[470740.1,7036222.9],[470606.6,7036239.5],[470389.4,7036053.3],[470262.2,7035795.6],[470189.5,7035737.5],[470043.5,7035746.6],[469766.1,7035921.7],[469690.2,7035929.1],[469294.4,7035733.4],[469070.8,7035583.2],[468853.6,7035635.9],[468771.1,7035616.5],[468725.7,7035560.2],[468613.3,7035141.0],[468595.7,7034935.3],[468501.5,7034814.0],[468413.5,7034785.8],[467918.9,7034852.5],[467505.8,7034621.0],[467125.1,7034456.8],[466918.1,7034191.5],[466915.9,7034014.8],[466968.3,7033845.0],[466874.4,7033741.6],[466894.9,7033624.2],[466791.8,7033442.1],[466501.2,7033376.5],[466387.8,7033159.1],[466231.4,7033183.8],[466133.7,7033058.2],[466020.3,7033016.8],[465645.1,7032550.6],[465429.1,7032124.5],[465370.0,7032059.4],[465170.3,7032083.2],[464988.1,7031964.3],[464588.6,7031771.5],[464510.8,7031693.4],[464511.8,7031430.9],[464440.6,7031303.4],[464453.8,7031115.8],[464291.7,7030948.1],[464070.3,7030555.3],[464083.3,7030467.4],[464181.1,7030314.5],[464201.5,7030111.8],[464173.2,7030040.2],[464102.6,7030000.4],[463905.3,7030003.5],[463585.5,7030064.4],[463384.8,7030026.7],[463122.5,7029919.3],[463046.2,7029848.7],[462978.4,7029703.8],[462642.3,7029403.4]]}},{"type":"Feature","properties":{"rodovia":"SC-465","kmInicial":18.081,"kmFinal":26.031,"situacao":"EOP","revestimento":"","nome":"MACIEIRA → ENTR. SC-464 (P/ ARROIO TRINTA)"},"geometry":{"type":"LineString","coordinates":[[462642.8,7029402.5],[462712.9,7029265.5],[462714.9,7029198.5],[462667.9,7029153.5],[462585.9,7029151.5],[462554.5,7029123.6],[462595.9,7029025.5],[462579.9,7028855.5],[462634.9,7028682.5],[463026.9,7028560.5],[463211.9,7028556.5],[463271.9,7028467.5],[463323.9,7028247.5],[463362.9,7028190.5],[463478.9,7028127.5],[463605.9,7028119.5],[463756.9,7028045.5],[463677.9,7027847.5],[463716.9,7027645.5],[463903.9,7027481.5],[463873.9,7027347.5],[463715.9,7027277.5],[463609.9,7027174.5],[463443.9,7026928.5],[463416.9,7026797.5],[463477.9,7026594.5],[463380.9,7026286.5],[463502.9,7026189.5],[463630.9,7026154.5],[463748.9,7026160.5],[464106.9,7026015.5],[464087.9,7025881.5],[463819.9,7025700.5],[463722.9,7025353.5],[463761.9,7025285.5],[464060.9,7025058.5],[464117.9,7024965.5],[464119.9,7024838.4],[463991.9,7024536.5],[463890.9,7024373.4],[463675.0,7024250.5],[463622.8,7024086.8]]}},{"type":"Feature","properties":{"rodovia":"SC-465","kmInicial":31.106,"kmFinal":45.391,"situacao":"LEN","revestimento":"","nome":"SALTO VELOSO (ENTR. SC-464) → TREZE TÍLIAS (ENTR. SC-355 P/ ÁGUA DOCE)"},"geometry":{"type":"LineString","coordinates":[[459626.9,7024096.5],[459671.9,7023719.5],[459659.9,7023479.5],[459211.9,7023398.5],[458899.9,7023405.5],[458700.5,7023361.4],[458888.9,7023210.5],[458927.9,7023091.5],[458886.9,7022970.5],[458775.9,7022837.5],[458721.9,7022697.5],[458682.9,7022513.5],[458712.9,7022371.0],[458622.9,7022231.4],[458557.9,7021932.5],[458559.9,7021765.4],[458642.9,7021563.4],[458603.9,7021456.4],[458489.9,7021299.4],[458449.9,7021153.4],[458453.9,7021024.5],[458402.9,7020892.5],[458378.9,7020663.4],[458407.9,7020389.4],[458350.0,7020309.5],[458221.9,7020277.4],[458156.9,7019994.4],[457911.9,7019966.4],[457848.9,7019898.4],[457609.9,7019857.4],[457576.0,7019826.9],[457784.9,7019649.4],[457900.9,7019602.4],[457945.9,7019515.4],[457943.9,7019254.9],[457866.9,7019167.4],[457700.9,7019114.4],[457486.9,7018986.4],[457371.9,7018979.4],[457332.9,7018945.4],[457258.9,7018806.4],[457065.9,7018246.4],[457084.9,7018188.4],[457205.9,7018099.4],[457250.9,7018004.4],[457311.0,7018012.4],[457538.9,7017948.4],[457580.9,7017916.4],[457612.9,7017826.4],[457591.9,7017674.4],[457505.9,7017565.4],[457370.9,7017486.4],[457083.9,7017112.4],[457069.9,7017058.4],[457119.7,7016879.8],[457374.9,7016702.4],[457706.9,7016568.4],[458061.9,7016274.4],[458105.9,7016015.4],[458338.9,7015283.4],[458346.9,7015068.4],[458488.9,7014834.4],[458671.9,7014745.4],[458608.9,7014407.4],[458661.0,7014360.4],[458795.9,7014474.4],[458957.9,7014066.4],[458947.0,7014000.4]]}},{"type":"Feature","properties":{"rodovia":"SC-465","kmInicial":46.208,"kmFinal":60.757,"situacao":"PAV","revestimento":"CA","nome":"TREZE TÍLIAS (ENTR. SC-355 P/ IOMERÊ) → IBICARÉ (ENTR. SC-453)"},"geometry":{"type":"LineString","coordinates":[[459622.1,7013578.0],[459874.0,7013515.4],[460254.0,7013017.3],[460572.0,7012815.3],[460679.0,7012629.3],[460765.0,7012558.3],[461439.9,7012499.3],[461554.9,7012464.3],[461915.9,7011959.3],[461982.9,7011825.3],[461923.9,7011465.3],[461868.9,7011419.3],[461673.9,7011360.3],[461608.9,7011273.3],[461609.9,7011220.3],[461761.9,7010924.3],[461777.9,7010823.3],[461600.9,7010524.3],[461602.9,7010162.3],[461547.9,7009934.3],[461410.9,7009644.3],[461327.9,7009239.3],[461051.9,7009084.3],[460882.9,7008918.3],[460805.9,7008822.3],[460719.9,7008554.3],[460483.9,7008349.3],[460449.9,7008285.3],[460457.9,7008193.3],[460677.9,7007713.3],[460653.9,7007299.3],[460719.9,7006854.3],[460689.9,7006578.3],[460581.9,7006359.3],[460687.9,7006132.3],[460954.9,7005925.3],[460999.9,7005825.3],[460981.9,7005642.3],[461018.9,7005551.3],[461202.9,7005465.3],[461454.9,7005229.3],[461663.9,7004960.3],[461678.9,7004852.3],[461901.9,7004802.3],[462015.9,7004744.3],[462568.9,7004313.3],[462621.9,7004125.3],[462608.9,7004072.3],[462528.9,7003995.3],[462546.9,7003935.3],[462755.9,7003874.3],[462914.9,7003740.3],[463088.9,7003643.3],[463277.9,7003661.3],[463747.9,7003565.3],[463818.9,7003514.3],[463898.9,7003348.3]]}},{"type":"Feature","properties":{"rodovia":"SC-467","kmInicial":0.0,"kmFinal":7.06,"situacao":"PAV","revestimento":"RP","nome":"ENTR. BR-282 (P/ JOAÇABA) → KM 7,1 (DISTRITO DE SANTA HELENA)"},"geometry":{"type":"LineString","coordinates":[[439289.2,6997179.2],[438965.9,6997451.3],[438754.1,6997519.1],[438485.2,6997482.9],[438254.6,6997576.2],[438032.8,6997555.5],[437999.6,6997687.5],[437748.2,6997777.3],[437577.5,6997767.6],[437445.0,6997705.8],[437174.3,6997726.4],[436986.6,6997864.0],[436911.8,6997968.4],[436876.8,6997973.1],[436642.7,6997863.2],[436540.8,6997570.0],[436703.7,6997173.0],[436726.1,6996839.8],[436798.6,6996714.9],[436734.7,6996594.2],[436514.9,6996565.2],[436343.2,6996475.7],[436242.4,6996653.3],[436058.9,6996852.5],[435944.7,6996848.0],[435888.0,6996781.7],[435865.1,6996653.3],[435725.9,6996446.1],[435706.7,6996257.6],[435552.1,6996089.4],[435335.0,6996122.1],[435265.1,6996224.5],[435201.5,6996244.2],[434970.5,6996202.9],[434894.0,6996059.1],[434908.0,6995700.2]]}},{"type":"Feature","properties":{"rodovia":"SC-467","kmInicial":7.061,"kmFinal":11.08,"situacao":"PAV","revestimento":"CA","nome":"DISTRITO DE SANTA HELENA → ENTR. ACESSO JABORÁ"},"geometry":{"type":"LineString","coordinates":[[434907.8,6995699.3],[434867.6,6995550.5],[434826.0,6995505.7],[434505.6,6995268.7],[434236.4,6995189.5],[434079.9,6995008.1],[433678.5,6994919.8],[433586.2,6994967.8],[433507.0,6995069.6],[433273.6,6995108.0],[433116.0,6995228.0],[433056.4,6995235.5],[432928.8,6995188.3],[432736.7,6994962.5],[432677.1,6994554.3],[432586.1,6994465.2],[432437.2,6994442.2],[432360.9,6994400.1],[432296.7,6994269.9],[432198.5,6994176.5],[432148.2,6994008.6],[432059.6,6993852.6],[432054.4,6993780.1]]}},{"type":"Feature","properties":{"rodovia":"SC-467","kmInicial":11.081,"kmFinal":32.57,"situacao":"PAV","revestimento":"CA","nome":"ENTR. ACESSO JABORÁ → ENTR. SC-150 (P/ OURO)"},"geometry":{"type":"LineString","coordinates":[[432055.3,6993779.8],[432192.7,6993728.2],[432249.5,6993631.9],[432247.7,6993554.8],[431994.3,6993120.2],[431954.5,6992985.2],[431878.4,6992293.7],[431925.1,6991841.2],[431790.5,6991045.8],[431798.9,6990950.0],[431843.4,6990829.4],[432049.3,6990498.1],[432004.0,6990090.2],[432017.7,6989971.9],[432225.7,6989394.4],[432360.2,6989259.6],[432635.9,6989142.5],[433060.8,6988820.8],[433122.7,6988729.2],[433146.9,6988624.6],[433106.8,6988496.8],[433020.3,6988387.7],[432952.1,6988001.5],[432891.3,6987884.8],[432971.5,6987683.2],[432969.0,6987607.9],[432919.2,6987550.9],[432748.4,6987492.7],[432669.9,6987363.2],[432776.0,6987025.9],[432988.3,6986856.8],[433021.5,6986800.3],[433088.5,6986509.2],[433058.6,6986219.1],[433093.0,6986045.7],[432970.6,6985852.3],[432931.2,6985605.2],[432939.4,6985360.8],[432788.5,6985090.0],[432629.5,6984940.5],[432490.4,6984937.3],[432361.4,6984893.1],[432310.9,6984771.1],[432362.0,6984700.5],[432555.8,6984580.3],[432691.3,6984429.9],[432719.8,6984336.7],[432668.2,6984062.2],[432678.4,6983988.4],[433330.4,6983527.7],[433549.5,6983324.8],[433678.0,6982969.1],[433956.3,6982654.5],[434270.1,6982385.4],[434452.8,6982044.4],[434791.6,6981861.4],[434984.6,6981825.5],[435276.5,6981638.9],[435608.8,6981616.9],[435998.4,6981547.8],[436248.1,6981636.1],[436335.6,6981624.8],[436441.8,6981557.7],[436591.7,6981269.8],[436727.3,6980895.6],[436795.9,6980833.1],[436987.1,6980779.6],[437279.9,6980505.4],[437329.4,6980388.1],[437353.6,6980169.6],[437421.2,6980063.8],[437771.9,6979786.3],[438137.7,6979594.4],[438186.1,6979542.3],[438230.2,6979469.2],[438244.7,6979370.8],[438164.2,6979047.1],[438197.2,6978940.0],[438318.4,6978820.2],[438615.1,6978774.0],[438949.1,6978459.7],[439087.6,6978111.5],[439268.9,6977809.9]]}},{"type":"Feature","properties":{"rodovia":"SC-467","kmInicial":32.571,"kmFinal":42.699,"situacao":"PAV","revestimento":"CA","nome":"ENTR. SC-150 (P/ OURO) → ENTR. ACESSO CIDADE ALTA/CAPINZAL (CONTORNO RODOVIÁRIO OURO/CAPINZAL)"},"geometry":{"type":"LineString","coordinates":[[439269.4,6977809.1],[439432.2,6977582.2],[439803.1,6977215.2],[439964.2,6977202.1],[440340.3,6977389.7],[440539.6,6977408.2],[440871.5,6977333.7],[441187.8,6977216.2],[441382.4,6977052.8],[441466.8,6976927.6],[441587.1,6976618.9],[441370.5,6976294.4],[441393.1,6976112.3],[441331.8,6975824.2],[441365.6,6975604.2],[441465.7,6975438.1],[441641.1,6975350.7],[441784.2,6975220.8],[442057.3,6975157.4],[442178.5,6975049.9],[442248.9,6974932.1],[442273.1,6974745.8],[442154.9,6974427.8],[442189.2,6974170.0],[442116.6,6973896.8],[442237.6,6973629.9],[442238.0,6973357.8],[442288.4,6973286.0],[442421.6,6973202.5],[442511.6,6973057.4],[442677.3,6973016.1],[443064.2,6972814.2],[443131.7,6972747.3],[443160.0,6972664.9],[443064.1,6972279.7],[443011.1,6972209.0],[442905.4,6972192.4],[442776.0,6972270.4],[442687.4,6972289.5],[442586.6,6972266.9],[442506.4,6972201.8],[442452.4,6972002.2],[442489.1,6971604.4],[442430.9,6971529.0],[442211.4,6971403.5]]}},{"type":"Feature","properties":{"rodovia":"SC-467","kmInicial":44.717,"kmFinal":51.74,"situacao":"PAV","revestimento":"CA","nome":"JURISDIÇÃO SIE INICIAL (CAPINZAL) → ENTR. SC-390 (P/ ZORTÉA)"},"geometry":{"type":"LineString","coordinates":[[442551.1,6971006.0],[442802.9,6970689.9],[442992.0,6970545.9],[443083.9,6970391.0],[443174.6,6969995.6],[443286.7,6969662.8],[443265.8,6968820.9],[443454.8,6968394.9],[443544.8,6968291.9],[443841.8,6968124.9],[444046.3,6967854.7],[444119.3,6967807.9],[444617.8,6967645.9],[444731.8,6967549.9],[444868.8,6967253.9],[445114.1,6967022.2],[445135.8,6966714.9],[445309.8,6966353.9],[445324.8,6966028.9],[445356.8,6965924.9],[445617.8,6965667.9],[445707.8,6965467.9],[445820.5,6965381.4]]}},{"type":"Feature","properties":{"rodovia":"SC-468","kmInicial":0.0,"kmFinal":2.08,"situacao":"PAV","revestimento":"CA","nome":"ENTR. SC-355 (P/ JABORÁ) → DIVISA DE MUNICÍPIOS DE PRESIDENTE CASTELO BRANCO/JABORÁ"},"geometry":{"type":"LineString","coordinates":[[420231.5,6994880.0],[420358.4,6994452.0],[420237.5,6994242.0],[420218.5,6993968.0],[420104.5,6993626.0],[420107.4,6993457.0],[420064.5,6993366.0],[420041.5,6993160.0],[420090.5,6992988.0],[420070.7,6992900.0]]}},{"type":"Feature","properties":{"rodovia":"SC-468","kmInicial":2.081,"kmFinal":6.819,"situacao":"PAV","revestimento":"CA","nome":"DIVISA DE MUNICÍPIOS DE PRESIDENTE CASTELO BRANCO/JABORÁ → PRESIDENTE CASTELO BRANCO"},"geometry":{"type":"LineString","coordinates":[[420069.9,6992899.3],[419926.5,6992836.0],[419699.5,6992573.0],[419455.5,6992407.9],[419434.5,6992167.9],[419501.5,6992019.9],[419402.5,6991713.9],[419201.5,6991420.9],[419256.5,6991071.9],[419187.5,6990917.9],[419214.5,6990557.5],[419336.5,6990419.9],[419397.5,6990271.9],[419372.5,6989963.9],[419559.5,6989760.9],[419524.5,6989599.0],[419623.5,6989390.9],[419679.5,6989176.9],[419689.5,6989074.9],[419649.5,6988948.9],[419681.6,6988789.9]]}},{"type":"Feature","properties":{"rodovia":"SC-469","kmInicial":0.0,"kmFinal":16.36,"situacao":"PAV","revestimento":"CA","nome":"ENTR. SC-390 (P/ PERITIBA) → ALTO BELA VISTA"},"geometry":{"type":"LineString","coordinates":[[406065.7,6973988.1],[406179.6,6973793.7],[406166.6,6973691.7],[405834.6,6973508.7],[405600.6,6973247.7],[405551.6,6973068.7],[405381.3,6972854.0],[405400.6,6972753.7],[405461.6,6972672.7],[405866.5,6972531.3],[405960.6,6972447.7],[405973.6,6972353.7],[406052.6,6972182.7],[406048.1,6972056.7],[405865.6,6972034.7],[405685.6,6972058.7],[405653.6,6972036.7],[405823.6,6971741.7],[406312.6,6971428.7],[406395.6,6971302.7],[406599.6,6971153.7],[406735.6,6970852.7],[406977.6,6970762.7],[407243.6,6970505.7],[407967.6,6970619.7],[408187.6,6970515.7],[408286.6,6970641.7],[408313.7,6970869.7],[408359.1,6970883.2],[408411.6,6970816.7],[408453.6,6970535.7],[408309.6,6970226.7],[408125.6,6970133.7],[407883.6,6970233.7],[407744.6,6970189.7],[407655.6,6969948.7],[407492.6,6969813.7],[407522.6,6969571.7],[407351.6,6969350.7],[407351.6,6969057.7],[407409.6,6968934.6],[407485.6,6968857.6],[407813.6,6968715.7],[407865.6,6968581.7],[407971.6,6968469.6],[407868.6,6968300.6],[407616.6,6968354.6],[407530.6,6968313.6],[407474.6,6968236.7],[407482.6,6968092.6],[407646.6,6967868.6],[407648.6,6967754.6],[407692.6,6967671.6],[407705.6,6967555.6],[407641.6,6967307.6],[407556.7,6967207.7],[407546.6,6967157.6],[407746.6,6966995.6],[407981.6,6966597.6],[408247.6,6966517.6],[408375.6,6966450.6],[408515.6,6966102.6],[408781.6,6965787.6],[408859.6,6965771.6],[409205.6,6965865.6],[409913.6,6965387.6],[410643.6,6965414.6]]}},{"type":"Feature","properties":{"rodovia":"SC-469","kmInicial":16.361,"kmFinal":20.176,"situacao":"LEN","revestimento":"","nome":"ALTO BELA VISTA → DIVISA SC/RS (BALSA)"},"geometry":{"type":"LineString","coordinates":[[410644.4,6965414.0],[410739.6,6965281.6],[410920.2,6965162.6],[411007.2,6965043.6],[411137.2,6964982.6],[411175.2,6964867.6],[411179.2,6964777.6],[411106.2,6964668.6],[410989.2,6964367.6],[411002.2,6964262.6],[410974.2,6964169.6],[411017.2,6964086.6],[411056.2,6963808.6],[411029.2,6963696.6],[411058.2,6963468.6],[411037.2,6963337.6],[411129.2,6963263.6],[411297.2,6962984.6],[411424.2,6962868.5],[411973.2,6962503.5],[412022.2,6962489.5],[412041.4,6962537.6]]}},{"type":"Feature","properties":{"rodovia":"SC-473","kmInicial":0.0,"kmFinal":27.48,"situacao":"PAV","revestimento":"CA","nome":"IRANI (ENTR. BR-153) → INÍCIO DE TRECHO DELEGADO A LINDÓIA DO SUL"},"geometry":{"type":"LineString","coordinates":[[412136.6,7010572.6],[411957.1,7010532.4],[411328.2,7010629.2],[410974.6,7010585.8],[410851.1,7010526.7],[410364.9,7010786.8],[410438.9,7010930.3],[410441.5,7011099.1],[410421.9,7011255.7],[410290.7,7011626.7],[409988.0,7011960.6],[409729.2,7012508.3],[409458.5,7012747.3],[409461.5,7012860.3],[409584.5,7013022.5],[409567.3,7013113.8],[409096.5,7013532.9],[408991.2,7013576.1],[408617.0,7013608.5],[408360.6,7013837.4],[408121.9,7013927.3],[408031.1,7013919.3],[407817.9,7013828.0],[407493.9,7013894.8],[407003.0,7013824.5],[406664.3,7013857.3],[406538.6,7013899.5],[405671.4,7014341.9],[405560.3,7014491.9],[405600.5,7014719.1],[405581.7,7014886.2],[405526.1,7014947.7],[405383.2,7015024.3],[405231.4,7015179.5],[404703.3,7015048.3],[404274.6,7015059.4],[404034.0,7015170.1],[403920.9,7015183.7],[403659.6,7015006.6],[403338.5,7015000.5],[403182.9,7014925.0],[402964.5,7014868.7],[402433.6,7014930.2],[402081.2,7015144.6],[401819.7,7015177.4],[400124.0,7014877.7],[399811.1,7014725.0],[399668.2,7014711.2],[399124.3,7014878.2],[398902.2,7014821.6],[398177.6,7014785.5],[397713.8,7014688.2],[397554.0,7014771.0],[397345.4,7014946.0],[397256.5,7014967.4],[397179.0,7014930.7],[396769.8,7014590.4],[396697.1,7014581.0],[396435.9,7014650.6],[396310.8,7014601.1],[396135.6,7014340.3],[396025.3,7014272.4],[395558.9,7013767.6],[395445.3,7013677.1],[395364.3,7013321.7],[395010.4,7012778.8],[394874.6,7012649.9],[394748.1,7012605.8],[394387.5,7012620.9],[394297.8,7012600.6],[394188.5,7012519.7],[394055.7,7012475.9],[393703.5,7012139.3],[393675.3,7012078.2],[393684.4,7012017.0],[393903.8,7011745.1],[393953.1,7011612.1],[393903.7,7011299.7],[393938.0,7010960.2],[393876.7,7010704.0],[393987.0,7010107.0],[393912.4,7009586.8],[393861.6,7009428.1],[393642.5,7009082.9],[393520.9,7008750.7],[393516.4,7008610.6],[393400.8,7008476.5],[393352.1,7008305.3]]}},{"type":"Feature","properties":{"rodovia":"SC-473","kmInicial":27.481,"kmFinal":31.113,"situacao":"PAV","revestimento":"CA","nome":"CONVÊNIO DE COPERAÇÃO TÉCNICA N° 001: INÍCIO DE TRECHO DELEGADO A LINDÓIA DO SUL → FINAL DE TRECHO DELEGADO A LINDÓIA DO SUL"},"geometry":{"type":"LineString","coordinates":[[393351.9,7008304.3],[393189.8,7007744.7],[393199.3,7007508.7],[393171.2,7007463.6],[393018.1,7007438.8],[392784.9,7007457.7],[392637.6,7007399.2],[392347.6,7007402.2],[392162.6,7006923.2],[392114.6,7006869.2],[392060.6,7006858.2],[391851.6,7007005.2],[391500.6,7007456.3],[391362.6,7007508.3],[391085.7,7007490.3]]}},{"type":"Feature","properties":{"rodovia":"SC-473","kmInicial":31.114,"kmFinal":37.945,"situacao":"PAV","revestimento":"CA","nome":"FINAL DE TRECHO DELEGADO A LINDÓIA DO SUL → IPUMIRIM (ENTR. SC-154)"},"geometry":{"type":"LineString","coordinates":[[391084.7,7007490.5],[390871.7,7007599.3],[390769.6,7007525.3],[390730.6,7007244.3],[390753.4,7007034.9],[390578.6,7006877.3],[390372.6,7006809.3],[390304.6,7006651.3],[390254.6,7006599.3],[390212.6,7006617.3],[390107.6,7006805.3],[389918.6,7006899.3],[389475.6,7006945.3],[389234.6,7006834.3],[389110.6,7006734.3],[388892.6,7006622.3],[388763.6,7006672.3],[388705.6,7006662.3],[388697.6,7006598.3],[388761.6,7006441.3],[388735.7,7006355.3],[388688.6,7006327.3],[388581.6,7006324.3],[388174.7,7006440.3],[387965.6,7006388.3],[387932.6,7006339.3],[387975.6,7006217.3],[387975.6,7006118.3],[387775.6,7005931.3],[387752.6,7005829.3],[387633.6,7005613.3],[387565.7,7005574.3],[387328.6,7005529.3],[387167.6,7005560.3],[387055.6,7005499.8],[387275.6,7005094.3],[387498.6,7004910.3]]}},{"type":"Feature","properties":{"rodovia":"SC-477","kmInicial":0.0,"kmFinal":22.2,"situacao":"PAV","revestimento":"CA","nome":"CANOINHAS (ENTR. BR-280) → MAJOR VIEIRA"},"geometry":{"type":"LineString","coordinates":[[562373.8,7103164.2],[563211.8,7102449.2],[563307.8,7102324.2],[563339.8,7100906.2],[563361.8,7100813.2],[563863.8,7100309.1],[564660.8,7099259.1],[564965.8,7098759.1],[565167.8,7098606.1],[565553.8,7098463.1],[565968.8,7098054.1],[566013.8,7097975.1],[566001.8,7097580.1],[565887.8,7097384.1],[565856.8,7096816.1],[565722.8,7096582.1],[565737.8,7096132.1],[565613.8,7095663.1],[565603.8,7094769.1],[565492.8,7094373.1],[565565.8,7093958.0],[565525.8,7093469.0],[565525.8,7092969.0],[565680.8,7092418.0],[565800.8,7092108.0],[566147.8,7091803.0],[566184.8,7091508.0],[566353.8,7090975.0],[566675.8,7090424.0],[566897.8,7090119.0],[566952.8,7089779.0],[566845.8,7089474.0],[566713.8,7088759.0],[566392.8,7088365.0],[566179.8,7087981.0],[566072.8,7087529.0],[565701.8,7086628.0],[565677.8,7086460.0],[565738.8,7085984.0],[565776.7,7085909.1],[566121.8,7085575.0],[566743.8,7085182.0],[566987.8,7084778.0],[567157.8,7084565.9],[567653.6,7084354.3]]}},{"type":"Feature","properties":{"rodovia":"SC-477","kmInicial":22.201,"kmFinal":34.479,"situacao":"PAV","revestimento":"CA","nome":"MAJOR VIEIRA → ENTR. BR-116 (P/ MONTE CASTELO)"},"geometry":{"type":"LineString","coordinates":[[567654.5,7084354.0],[567968.8,7084507.9],[568356.8,7084651.9],[568478.8,7084650.9],[569748.8,7083767.9],[570002.8,7083703.8],[570141.8,7083588.8],[570658.8,7083416.8],[570735.8,7083334.9],[570823.8,7083089.8],[571149.8,7082946.8],[571242.8,7082953.8],[571935.8,7083183.8],[572796.8,7083408.8],[573256.9,7083284.7],[574087.9,7083170.7],[574575.9,7083210.7],[574993.9,7083553.7],[575062.9,7083582.7],[575798.9,7083546.6],[576133.9,7083316.6],[576472.9,7082770.6],[576987.9,7082382.6],[577059.9,7082347.6],[577586.9,7082315.6],[577706.9,7082274.6],[578144.9,7082063.6],[578287.9,7081788.3]]}},{"type":"Feature","properties":{"rodovia":"SC-477","kmInicial":40.446,"kmFinal":47.033,"situacao":"PAV","revestimento":"CA","nome":"PAPANDUVA (ENTR. BR-116) → ENTR. ACESSO A SÃO JOÃO DO MIRADOR"},"geometry":{"type":"LineString","coordinates":[[583516.6,7080328.7],[583509.8,7080254.8],[583542.5,7080177.6],[585137.0,7079121.0],[586797.6,7078434.6],[587083.3,7078069.4],[587330.4,7077821.7],[587709.6,7077593.3],[588011.0,7077253.0],[588167.0,7076877.5],[588267.8,7076453.5],[588384.5,7076302.3]]}},{"type":"Feature","properties":{"rodovia":"SC-477","kmInicial":47.034,"kmFinal":70.974,"situacao":"PAV","revestimento":"CA","nome":"ACESSO A SÃO JOÃO DO MIRADOR → ENTR. SC-114 (P/ ITAIÓPOLIS)"},"geometry":{"type":"LineString","coordinates":[[588385.2,7076301.6],[588599.7,7076125.7],[588954.2,7076085.6],[589131.2,7075954.1],[589450.3,7075942.7],[589898.4,7075786.5],[590214.2,7075730.4],[590348.4,7075753.8],[590676.2,7075626.9],[591292.5,7075541.4],[591822.7,7075334.5],[592129.2,7075300.4],[592613.9,7075158.9],[592780.8,7075143.5],[593339.0,7075185.6],[593881.9,7075169.5],[594665.1,7075206.9],[594781.9,7075182.2],[595065.4,7075040.3],[595332.5,7074950.9],[595541.5,7074976.2],[595763.1,7074842.0],[595996.8,7074790.6],[596183.8,7074695.1],[596348.9,7074722.9],[596550.7,7074891.0],[596730.7,7074897.0],[597022.1,7074672.7],[597444.7,7074525.1],[597631.0,7074405.6],[597753.2,7074389.6],[598040.3,7074452.3],[598356.1,7074306.1],[598459.0,7074187.3],[598611.9,7073865.4],[598663.3,7073824.0],[598979.1,7073725.2],[599202.1,7073737.9],[599715.6,7073506.9],[600006.7,7073481.5],[600518.8,7073193.1],[600673.1,7073187.0],[600808.6,7073147.0],[600950.2,7073036.1],[601222.6,7072642.9],[601378.2,7072568.8],[601514.4,7072580.8],[601625.2,7072625.5],[602033.8,7073131.0],[602175.4,7073253.2],[602596.0,7073405.4],[602933.2,7073428.8],[603458.6,7073300.9],[603850.8,7073385.7],[603968.3,7073383.0],[604544.2,7073209.8],[604917.5,7073189.7],[604994.6,7073139.6],[605126.5,7072962.4],[605230.0,7072919.0],[605317.4,7072917.0],[605732.7,7073160.0],[606036.9,7073208.1],[606278.9,7073445.1],[606576.7,7073500.5],[606901.9,7073687.5],[607025.4,7073704.2],[607536.9,7073643.4],[607844.0,7073724.2],[608133.1,7073662.1],[608240.0,7073690.2],[608402.9,7073840.4],[608542.4,7073908.5],[609544.7,7073919.9],[609671.5,7073947.9],[609859.8,7074041.4],[610075.4,7074065.8]]}},{"type":"Feature","properties":{"rodovia":"SC-477","kmInicial":74.009,"kmFinal":83.749,"situacao":"PAV","revestimento":"CA","nome":"ENTR. SC-114 (P/ ITAIÓPOLIS) → ENTR. SC-114 (P/ SANTA TEREZINHA)"},"geometry":{"type":"LineString","coordinates":[[610076.3,7074065.1],[610391.8,7073892.1],[610478.2,7073889.7],[610685.5,7073969.8],[610779.2,7073975.4],[610925.0,7073940.6],[611032.7,7073871.6],[611110.9,7073778.8],[611583.9,7072958.8],[611761.9,7072502.8],[611751.9,7072265.8],[611828.9,7072089.8],[611917.1,7071987.7],[612154.9,7071847.8],[612613.9,7071195.8],[612773.9,7071096.8],[613156.2,7070708.0],[613216.9,7070531.8],[613223.9,7068825.8],[613450.9,7068559.8],[614053.9,7068147.7],[614144.9,7068027.7],[614282.9,7067432.7],[614410.9,7067289.7],[614514.9,7067055.7],[614489.1,7066520.0]]}},{"type":"Feature","properties":{"rodovia":"SC-477","kmInicial":83.75,"kmFinal":89.768,"situacao":"PAV","revestimento":"CA","nome":"ENTR. SC-114 (P/ SANTA TEREZINHA) → DISTRITO MOEMA"},"geometry":{"type":"LineString","coordinates":[[614488.9,7066519.0],[614313.3,7066069.8],[614327.2,7065974.3],[614397.7,7065907.1],[615083.6,7065608.9],[616710.9,7065068.2],[617007.5,7064837.9],[617312.1,7064800.7],[617807.3,7064526.0],[618077.6,7064490.8],[618194.3,7064435.1],[618285.3,7064306.7],[618343.3,7064017.8],[618553.1,7063673.3],[618609.9,7063329.1]]}},{"type":"Feature","properties":{"rodovia":"SC-477","kmInicial":89.769,"kmFinal":120.664,"situacao":"PAV","revestimento":"CA","nome":"DISTRITO MOEMA → ENTR. SC-112 (P/ VITOR MEIRELES)"},"geometry":{"type":"LineString","coordinates":[[618610.1,7063328.1],[618666.8,7063157.9],[618850.3,7062999.6],[618953.3,7062677.9],[619056.7,7062513.3],[619076.0,7062360.9],[619235.6,7062196.7],[619255.7,7061889.3],[619598.5,7061315.4],[619653.4,7061134.4],[619813.4,7060837.1],[620182.1,7060345.1],[620399.4,7060202.7],[620705.1,7059592.8],[620865.5,7059450.0],[621004.1,7059248.1],[621019.2,7059161.5],[620981.6,7059014.3],[621103.7,7058263.7],[621318.5,7058036.9],[621759.0,7057838.6],[621887.4,7057648.6],[622280.6,7057337.5],[622398.5,7057274.4],[622493.2,7057261.5],[622635.7,7057300.3],[622759.8,7057428.6],[622929.0,7057993.7],[623025.9,7058124.3],[623172.4,7058195.0],[623420.0,7058188.4],[623547.2,7058232.7],[623839.6,7058571.1],[623983.0,7058675.0],[624206.1,7058729.2],[624364.1,7058707.2],[624656.7,7058533.4],[624813.9,7058484.8],[625238.1,7058572.6],[625538.4,7058462.0],[625673.7,7058478.1],[625800.6,7058596.0],[626080.1,7059213.9],[626192.0,7059327.4],[627237.2,7059492.1],[627320.4,7059472.4],[627647.1,7059285.3],[627824.7,7059287.3],[628084.9,7059368.2],[628237.2,7059456.1],[628459.5,7059843.3],[628536.3,7059913.3],[628784.2,7059957.4],[629200.4,7059929.4],[629290.0,7059952.6],[629386.4,7060033.2],[629431.6,7060150.4],[629355.4,7060445.3],[629364.2,7060537.2],[629416.2,7060632.7],[629535.7,7060708.3],[629868.8,7060684.8],[630262.3,7060783.4],[630379.8,7060788.4],[630493.5,7060758.6],[630711.1,7060625.8],[630837.9,7060613.1],[631406.8,7060842.7],[631822.5,7060901.3],[632564.2,7060834.7],[633253.9,7060674.7],[633435.8,7060700.7],[633591.9,7060818.3],[633730.1,7061017.0],[633887.7,7061358.3],[633983.1,7061775.4],[634252.1,7062116.8],[634333.2,7062324.5],[634540.8,7062529.3],[634911.4,7062989.8],[635059.2,7063099.1],[635205.1,7063132.6],[635414.0,7063134.5],[635938.6,7063321.8],[636244.5,7063319.7],[637323.3,7063493.1],[638000.5,7063801.2],[638258.8,7063854.9],[638370.0,7063927.4],[638518.0,7064117.3],[638617.4,7064183.0],[638814.3,7064221.9],[639027.3,7064306.0],[639283.5,7064258.8],[639385.2,7064268.2],[639476.4,7064314.0],[639692.9,7064513.0],[639857.9,7064573.8],[640910.1,7064493.6],[641229.8,7064415.1],[641457.9,7064320.7]]}},{"type":"Feature","properties":{"rodovia":"SC-477","kmInicial":120.665,"kmFinal":123.283,"situacao":"PAV","revestimento":"CA","nome":"ENTR. SC-112 (P/ VITOR MEIRELES) → DIVISA DE MUNICÍPIOS DE RIO NEGRINHO/RIO DOS CEDROS"},"geometry":{"type":"LineString","coordinates":[[641458.8,7064320.2],[641916.3,7064067.0],[642030.9,7063973.9],[642265.1,7063604.3],[642486.6,7063464.2],[642587.6,7063239.6],[642801.6,7063098.6],[642929.5,7062873.4],[643160.6,7062757.1],[643196.2,7062673.8],[643173.7,7062563.4]]}},{"type":"Feature","properties":{"rodovia":"SC-477","kmInicial":123.284,"kmFinal":149.981,"situacao":"PAV","revestimento":"CA","nome":"DIVISA DE MUNICÍPIOS DE RIO NEGRINHO/RIO DOS CEDROS → DOUTOR PEDRINHO"},"geometry":{"type":"LineString","coordinates":[[643173.2,7062562.6],[643138.9,7062415.6],[643211.4,7062311.6],[643329.9,7062285.8],[643531.9,7062400.3],[643704.6,7062399.9],[643783.3,7062352.5],[643910.3,7062189.9],[644058.6,7062092.7],[644154.6,7061962.4],[644184.0,7061790.8],[644024.7,7061055.7],[644031.4,7060870.5],[644096.7,7060736.4],[644315.0,7060527.2],[644335.6,7060404.3],[644293.3,7060206.4],[644324.8,7060101.8],[644547.2,7059882.5],[644836.4,7059690.8],[644944.9,7059563.2],[645003.4,7059358.9],[644983.0,7058958.3],[645058.9,7058747.2],[645168.7,7058604.9],[645579.5,7058268.6],[645670.6,7058130.5],[645694.0,7057927.1],[645628.6,7057700.9],[645594.7,7057299.3],[645652.7,7057157.9],[645912.9,7056859.5],[645955.1,7056749.4],[645916.4,7056594.9],[645773.4,7056472.3],[645735.3,7056389.8],[645745.2,7056299.6],[645868.3,7056031.3],[645939.2,7055956.2],[646164.9,7055877.8],[646248.3,7055814.2],[646287.3,7055722.1],[646314.4,7055479.8],[646366.1,7055400.3],[646421.6,7055379.4],[646608.7,7055396.3],[647044.6,7055315.5],[647113.8,7055199.2],[647258.2,7055144.4],[647279.4,7055056.6],[647241.1,7054821.8],[647290.8,7054658.3],[647447.4,7054565.5],[647499.4,7054419.7],[647693.9,7054200.9],[647736.6,7054049.7],[647746.3,7053738.7],[647901.3,7053525.1],[647900.6,7053439.2],[647866.3,7053372.7],[647613.3,7053159.8],[647572.9,7052948.1],[647460.4,7052805.7],[647451.5,7052720.3],[647617.8,7052478.1],[647926.9,7052440.2],[648123.5,7052338.0],[648174.6,7052263.5],[648278.8,7051935.0],[648242.5,7051868.5],[648102.1,7051790.4],[648042.7,7051719.4],[648012.2,7051607.2],[648040.0,7051435.0],[647994.8,7051356.1],[647937.6,7051331.8],[647760.2,7051333.7],[647546.6,7051165.1],[647278.9,7051174.3],[647172.5,7051121.9],[647056.7,7051125.3],[647024.0,7051082.1],[647025.0,7051000.4],[646972.6,7050948.0],[646987.9,7050903.7],[647115.2,7050822.7],[647188.1,7050831.3],[647255.9,7050802.2],[647274.0,7050705.4],[647353.9,7050619.9],[647325.1,7050561.5],[647178.8,7050532.8],[647131.3,7050441.4],[647232.0,7050210.3],[647219.8,7049847.9],[647332.5,7049723.3],[647358.9,7049652.4],[647326.3,7049488.6],[647380.1,7049276.8],[647259.0,7049014.0],[647239.9,7048899.8],[647281.8,7048693.8],[647247.1,7048532.1],[647331.0,7048377.2],[647296.6,7048237.1],[647332.5,7048039.6],[647235.7,7047799.9],[647114.1,7047673.1],[647077.7,7047520.8],[647251.1,7047342.0],[647297.9,7047165.0],[647479.2,7046940.5],[647569.1,7046778.0],[647810.5,7046653.7],[647912.6,7046530.5],[648048.4,7046500.3],[648251.4,7046594.4],[648342.0,7046605.2],[648691.9,7046499.7],[648812.4,7046502.1],[648883.9,7046455.6],[648930.4,7046290.2],[649045.1,7046134.8],[649557.9,7045898.2],[649661.3,7045670.5],[649802.6,7045502.0],[649840.5,7045249.6],[649806.1,7045134.8],[649818.5,7045062.7],[649938.2,7044808.5],[650105.1,7044610.1],[650073.9,7044353.1],[650096.6,7044135.9],[650005.9,7044022.7],[650017.5,7043958.9],[650646.7,7044309.8]]}},{"type":"Feature","properties":{"rodovia":"SC-477","kmInicial":154.897,"kmFinal":175.868,"situacao":"PAV","revestimento":"CA","nome":"DOUTOR PEDRINHO → JURISDIÇÃO SIE FINAL (BENEDITO NOVO)"},"geometry":{"type":"LineString","coordinates":[[650647.0,7044308.8],[650626.5,7044152.2],[650771.5,7043616.1],[650692.5,7043445.1],[650688.5,7043371.1],[650762.5,7042946.1],[650818.5,7042861.1],[650993.5,7042754.1],[651097.5,7042619.1],[651145.5,7042542.1],[651180.5,7042368.1],[651294.5,7042145.1],[651441.5,7042015.1],[651527.5,7041884.1],[651685.5,7041806.1],[651714.5,7041762.1],[651718.5,7041696.1],[651628.5,7041420.1],[651388.5,7041146.1],[651352.5,7040995.1],[651446.5,7040769.1],[651573.5,7040693.1],[651799.5,7040351.1],[651792.5,7040161.1],[651840.5,7039871.1],[652007.7,7039567.1],[652457.7,7039465.1],[652854.7,7039483.1],[653435.7,7039448.1],[653586.7,7039371.1],[653689.7,7039372.1],[653969.7,7039284.1],[654136.7,7039291.1],[654231.7,7039334.1],[654438.7,7039293.1],[654520.7,7039161.0],[654731.7,7039080.0],[654863.7,7038994.0],[655076.7,7038657.0],[655222.7,7038579.0],[655248.7,7038509.0],[655574.7,7038172.0],[655611.7,7037963.0],[655754.7,7037743.0],[655988.7,7037636.0],[656535.7,7037629.0],[656650.7,7037531.0],[656691.7,7037461.0],[656712.7,7037257.0],[656683.7,7037108.0],[656584.7,7037017.0],[656603.7,7036768.0],[656765.7,7036690.0],[656884.7,7036734.0],[657088.7,7036720.0],[657166.8,7036745.0],[657240.7,7036924.0],[657190.8,7037056.0],[657268.7,7037197.0],[657401.7,7037290.0],[657568.8,7037270.0],[657644.7,7037299.0],[657823.7,7037288.0],[657927.2,7037098.0],[658069.7,7037142.0],[658251.7,7037255.0],[658330.7,7037250.0],[658451.7,7037088.0],[658752.7,7036802.0],[658912.7,7036743.0],[659170.7,7036436.0],[659243.7,7036398.0],[659395.7,7036410.9],[659448.7,7036458.9],[659489.2,7036542.9],[659464.8,7036671.0],[659571.2,7036797.9],[659762.7,7036872.9],[660044.8,7036879.0],[660265.7,7037027.9],[660594.7,7036884.9],[660769.7,7036860.9],[660909.7,7036881.9],[661123.7,7036651.9],[661296.7,7036550.4],[661417.7,7036646.9],[661465.7,7036723.9],[661560.7,7036727.9],[661601.7,7036767.9],[661569.7,7036959.9],[661594.7,7037302.9],[661979.8,7037497.9],[662248.7,7037422.9],[662435.7,7037559.9],[662567.7,7037549.9],[662601.7,7037460.9],[662593.7,7037376.9],[662412.7,7037185.9],[662400.6,7037013.7]]}},{"type":"Feature","properties":{"rodovia":"SC-477","kmInicial":177.411,"kmFinal":189.44,"situacao":"PAV","revestimento":"CA","nome":"JURISDIÇÃO SIE INICIAL (BENEDITO NOVO) → ENTR. ACESSO RIO DOS CEDROS"},"geometry":{"type":"LineString","coordinates":[[662894.5,7035665.9],[663000.7,7035505.9],[662935.7,7035244.9],[663150.7,7034511.9],[663199.7,7034450.9],[663365.7,7034346.9],[663484.7,7034206.9],[663517.7,7034141.9],[663537.7,7033884.9],[663749.7,7033632.6],[663824.7,7033500.6],[664279.7,7033042.6],[664360.7,7032754.6],[664556.7,7032588.6],[664572.7,7032357.6],[664755.7,7032239.6],[665034.7,7032312.6],[665439.7,7032232.6],[665549.7,7032090.6],[665540.7,7032015.6],[665435.7,7031869.6],[665496.7,7031677.6],[665571.7,7031593.5],[665887.7,7031383.5],[666575.7,7031281.5],[666796.7,7031528.5],[666961.7,7031892.5],[667035.7,7031940.5],[667203.7,7031981.5],[667298.7,7031990.5],[667380.7,7031954.5],[667663.7,7031680.5],[667974.7,7031710.5],[668067.7,7031858.5],[668136.7,7031891.5],[668452.7,7031788.5],[669045.7,7031695.5],[669371.7,7031774.5],[669629.7,7031873.5],[670124.7,7031963.5],[670374.7,7032227.5],[670536.7,7032303.5],[670646.7,7032306.5],[670814.7,7032217.5],[671019.4,7032327.8]]}},{"type":"Feature","properties":{"rodovia":"SC-477","kmInicial":189.441,"kmFinal":190.484,"situacao":"PAV","revestimento":"CA","nome":"ENTR. ACESSO RIO DOS CEDROS → ENTR. SC-110 (P/ RODEIO)"},"geometry":{"type":"LineString","coordinates":[[671019.8,7032326.9],[671395.9,7031599.3],[671425.4,7031499.8],[671420.9,7031371.9]]}},{"type":"Feature","properties":{"rodovia":"SC-477","kmInicial":190.485,"kmFinal":191.696,"situacao":"PAV","revestimento":"CA","nome":"ENTR. SC-110 (P/ RODEIO) → TIMBÓ (ENTR. SC-110 P/ POMERODE)"},"geometry":{"type":"LineString","coordinates":[[671421.5,7031371.2],[671476.4,7031290.8],[671526.4,7031129.8],[671600.4,7031027.8],[671630.4,7030900.8],[671756.4,7030758.3],[671573.3,7030366.7]]}},{"type":"Feature","properties":{"rodovia":"SC-477","kmInicial":191.697,"kmFinal":198.058,"situacao":"PAV","revestimento":"CA","nome":"TIMBÓ (ENTR. SC-110 P/ POMERODE) → INDAIAL (ENTR. BR-470)"},"geometry":{"type":"LineString","coordinates":[[671573.0,7030365.7],[671531.4,7030198.8],[671540.4,7029728.8],[671342.4,7029372.7],[671346.4,7029204.8],[671567.4,7028949.8],[671931.4,7028678.8],[672182.4,7028272.8],[672949.4,7027741.8],[673138.4,7027305.8],[673128.4,7026985.8],[673210.4,7026638.8],[673397.4,7026374.8],[673774.4,7026110.8],[674086.4,7025758.8],[674116.4,7025658.8],[674111.6,7025286.0]]}},{"type":"Feature","properties":{"rodovia":"SC-479","kmInicial":0.0,"kmFinal":11.888,"situacao":"IMP","revestimento":"","nome":"ENTR. SC-155 (P/ ABELARDO LUZ) → IPUAÇU (ENTR. SUL SC-480)"},"geometry":{"type":"LineString","coordinates":[[365768.2,7056148.9],[365538.5,7056265.6],[365319.5,7056291.6],[365220.5,7056251.6],[365109.5,7056155.6],[365057.5,7056062.6],[365018.5,7055884.6],[364905.5,7055784.6],[364769.5,7055782.6],[364461.5,7055901.6],[364352.5,7055887.6],[363926.5,7055458.6],[363709.5,7055300.6],[362884.6,7054903.6],[362173.6,7054661.6],[361854.6,7054285.6],[361660.6,7053931.6],[361484.6,7053806.6],[360787.6,7053700.6],[359777.6,7053774.6],[359298.6,7053696.6],[358893.7,7053850.6],[357623.6,7054065.6],[356634.7,7053749.6],[356085.7,7053509.6],[355607.7,7053416.6],[355298.5,7053208.1]]}},{"type":"Feature","properties":{"rodovia":"SC-479","kmInicial":12.124,"kmFinal":30.835,"situacao":"PAV","revestimento":"CA","nome":"IPUAÇU (ENTR. NORTE SC-480) → ENTR. SC-156 (P/ ENTRE RIOS)"},"geometry":{"type":"LineString","coordinates":[[355184.9,7053413.6],[354839.7,7053225.6],[354471.0,7052791.5],[354321.7,7052708.2],[354137.6,7052541.5],[353580.4,7052396.2],[353497.8,7052175.5],[353416.7,7052069.6],[353261.3,7051962.8],[353021.7,7051707.6],[352715.2,7051488.1],[352673.9,7051189.7],[352619.2,7051106.3],[352385.7,7051025.5],[352290.4,7050956.9],[351814.2,7050745.8],[351734.8,7050720.8],[351440.5,7050715.8],[350774.0,7050418.5],[350027.9,7050169.3],[350023.1,7049964.9],[349984.3,7049849.9],[349884.8,7049670.5],[349739.4,7049593.8],[349542.8,7049597.5],[349368.8,7049563.5],[349002.8,7049457.5],[348826.2,7049358.8],[348623.8,7049379.1],[348274.5,7049309.2],[347878.8,7049273.5],[347296.8,7049136.5],[347103.2,7049002.7],[346985.2,7048956.7],[346961.9,7048892.6],[347027.0,7048506.9],[347018.0,7048133.3],[347057.7,7048080.9],[347439.2,7047943.8],[347719.7,7047712.0],[347729.8,7047637.4],[347667.8,7047396.1],[347869.5,7046991.8],[347767.9,7046788.1],[347537.8,7046915.5],[347211.8,7047183.0],[346974.9,7047136.6],[346787.8,7047162.8],[346529.0,7047250.5],[345809.2,7047329.5],[345549.7,7047514.0],[345344.1,7047601.7],[345090.8,7047811.6],[344993.5,7047904.8],[344851.0,7048132.1],[344603.6,7048157.2],[344470.0,7048120.1],[344285.4,7047798.0],[344193.8,7047707.4],[343801.0,7047616.5],[343239.5,7047385.4],[343063.1,7047354.1],[342950.6,7047051.7],[342930.9,7046926.8]]}},{"type":"Feature","properties":{"rodovia":"SC-480","kmInicial":0.0,"kmFinal":16.518,"situacao":"PAV","revestimento":"CA","nome":"SÃO LOURENÇO DO OESTE (ENTR. SC-157/BR-158/ DIVISA SC/PR) → JURISDIÇÃO SIE FINAL (JUPIÁ)"},"geometry":{"type":"LineString","coordinates":[[315092.6,7084542.7],[315478.1,7083947.0],[316099.0,7084323.1],[316406.0,7083842.0],[316769.0,7083633.0],[317250.0,7083130.0],[318082.9,7081679.9],[318089.9,7081312.9],[318120.9,7081240.9],[318693.9,7080884.9],[319034.9,7080884.9],[319574.9,7080770.9],[319701.9,7080707.9],[319907.9,7080411.9],[320298.9,7080130.9],[320532.9,7079858.9],[320776.9,7079331.9],[320788.9,7079108.9],[320866.9,7078946.9],[321155.9,7078665.9],[321536.9,7078507.9],[321605.9,7078242.9],[321648.9,7078197.9],[322203.9,7078270.9],[322266.9,7078323.0],[322403.9,7078962.9],[322530.9,7079109.9],[322597.9,7079330.9],[322758.9,7079589.9],[322849.9,7079642.9],[323401.9,7079690.9],[323548.9,7079500.9],[323926.9,7079395.9],[324104.9,7079251.9],[324265.9,7079186.9],[324355.9,7079095.9],[324512.9,7079014.9],[324647.9,7078904.9],[324806.8,7078842.9],[325053.8,7078814.9],[325167.8,7078822.9],[325414.8,7079052.9],[325751.8,7079074.9],[325980.8,7079161.9],[326171.9,7079189.9],[326408.2,7079324.1]]}},{"type":"Feature","properties":{"rodovia":"SC-480","kmInicial":19.802,"kmFinal":27.456,"situacao":"PAV","revestimento":"CA","nome":"JURISDIÇÃO SIE INICIAL (JUPIÁ) → GALVÃO (ENTR. SC-482)"},"geometry":{"type":"LineString","coordinates":[[329184.1,7078264.7],[329498.8,7077907.9],[329558.8,7077802.9],[329760.8,7076522.9],[329928.8,7075855.9],[330210.8,7075271.9],[330531.8,7074372.9],[330657.8,7074276.9],[331055.8,7074222.9],[331248.8,7074058.9],[331613.8,7074010.8],[331823.8,7073897.9],[331850.8,7073789.9],[331362.8,7072818.9],[331600.2,7072599.8],[332074.3,7072636.6]]}},{"type":"Feature","properties":{"rodovia":"SC-480","kmInicial":27.457,"kmFinal":33.62,"situacao":"PAV","revestimento":"CA","nome":"GALVÃO (ENTR. SC-482) → ENTR. SC-482 (P/ CORONEL MARTINS)"},"geometry":{"type":"LineString","coordinates":[[332075.3,7072636.6],[332173.8,7072606.9],[332259.8,7072516.9],[332285.8,7072426.9],[332288.8,7072142.9],[332324.8,7072068.9],[332586.8,7071806.8],[332843.8,7071688.8],[333576.8,7071926.8],[334509.7,7072182.8],[335192.7,7072229.8],[335552.7,7072470.8],[335650.7,7072476.8],[335813.7,7072362.8],[336030.7,7072061.8],[336152.7,7071834.8],[336169.7,7071683.8],[336136.7,7071233.8],[336171.7,7070993.9],[336238.7,7070857.0]]}},{"type":"Feature","properties":{"rodovia":"SC-480","kmInicial":33.621,"kmFinal":37.627,"situacao":"PAV","revestimento":"CA","nome":"ENTR. SC-482 (P/ CORONEL MARTINS) → DIVISA DE MUNICÍPIOS DE GALVÃO/ SÃO DOMINGOS"},"geometry":{"type":"LineString","coordinates":[[336239.3,7070856.2],[336419.7,7070622.8],[336983.7,7070399.8],[337257.7,7070026.8],[337553.7,7069793.8],[337754.7,7069698.8],[338114.7,7069441.8],[338266.7,7069404.8],[338616.7,7069421.8],[338730.7,7069457.8],[339018.7,7069400.8],[339150.7,7069424.8],[339360.7,7069302.8],[339629.2,7069288.6]]}},{"type":"Feature","properties":{"rodovia":"SC-480","kmInicial":37.628,"kmFinal":48.914,"situacao":"PAV","revestimento":"CA","nome":"DIVISA DE MUNICÍPIOS DE GALVÃO/ SÃO DOMINGOS → SÃO DOMINGOS (ENTR. SC-156)"},"geometry":{"type":"LineString","coordinates":[[339630.2,7069288.5],[340160.7,7069179.8],[340536.7,7069003.8],[340729.7,7068951.8],[341035.7,7068767.8],[341118.7,7068663.8],[341578.7,7067521.8],[341933.7,7067061.8],[342046.7,7066976.8],[342237.7,7066948.8],[342811.7,7066762.8],[343055.7,7066602.8],[344222.7,7065393.8],[345104.7,7064130.7],[346664.7,7062438.7],[346867.7,7062013.7],[347075.7,7061707.7],[347265.7,7061694.7]]}},{"type":"Feature","properties":{"rodovia":"SC-480","kmInicial":48.915,"kmFinal":52.951,"situacao":"PAV","revestimento":"CA","nome":"SÃO DOMINGOS (ENTR. SC-156 P/ ENTRE RIOS) → ENTR. SC-156 (P/ DISTRITO VILA MILANI)"},"geometry":{"type":"LineString","coordinates":[[347265.9,7061693.7],[347459.7,7060618.7],[347798.7,7060634.7],[348696.7,7060569.7],[350014.7,7059929.7],[350200.5,7059807.3]]}},{"type":"Feature","properties":{"rodovia":"SC-480","kmInicial":52.952,"kmFinal":62.259,"situacao":"PAV","revestimento":"CA","nome":"ENTR. SC-156 (P/ DISTRITO VILA MILANI) → IPUAÇU (ENTR. NORTE SC-479)"},"geometry":{"type":"LineString","coordinates":[[350201.2,7059806.7],[351035.7,7058670.6],[351709.7,7058262.6],[351834.7,7058084.6],[351846.7,7057577.6],[351466.7,7056666.6],[351311.7,7056525.6],[351319.7,7056454.6],[352282.7,7055608.6],[353984.7,7054721.6],[354807.7,7054072.6],[355156.7,7053757.6],[355199.7,7053669.6],[355185.9,7053413.8]]}},{"type":"Feature","properties":{"rodovia":"SC-480","kmInicial":62.26,"kmFinal":62.494,"situacao":"PAV","revestimento":"CA","nome":"IPUAÇU (ENTR. NORTE SC-479) → IPUAÇU (ENTR. SUL SC-479)"},"geometry":{"type":"LineString","coordinates":[[355186.3,7053412.9],[355297.7,7053207.6]]}},{"type":"Feature","properties":{"rodovia":"SC-480","kmInicial":62.495,"kmFinal":76.736,"situacao":"PAV","revestimento":"CA","nome":"IPUAÇU (ENTR. SUL SC-479) → BOM JESUS (ENTR. SC-155)"},"geometry":{"type":"LineString","coordinates":[[355298.2,7053206.7],[355872.7,7052209.6],[356760.7,7051128.5],[357142.7,7050355.5],[357198.7,7049643.5],[357175.7,7049344.5],[357095.7,7049077.5],[356999.7,7048294.5],[357045.7,7048160.5],[357268.7,7047833.5],[357553.7,7047154.5],[357632.7,7046813.5],[357609.7,7046647.5],[357644.7,7046421.5],[357966.7,7046027.5],[358085.7,7045942.5],[358312.7,7045835.5],[358654.7,7045788.5],[358784.7,7045711.5],[358774.7,7045588.5],[358595.7,7045201.5],[358612.7,7045006.5],[358786.7,7044721.5],[358867.7,7044644.1],[359397.7,7044293.5],[359581.7,7044138.5],[359620.7,7044035.4],[359642.7,7043738.4],[359691.7,7043601.4],[360053.7,7043152.4],[360333.7,7042908.4],[360454.7,7042844.4],[360933.7,7042838.4],[361124.7,7042762.4],[361481.7,7042533.4],[361615.7,7042227.4],[361684.9,7042154.3]]}},{"type":"Feature","properties":{"rodovia":"SC-480","kmInicial":76.737,"kmFinal":90.52,"situacao":"PAV","revestimento":"CA","nome":"BOM JESUS (ENTR. SC-155) → ENTR. ACESSO XANXERÊ"},"geometry":{"type":"LineString","coordinates":[[361684.0,7042153.8],[361469.7,7041998.4],[361108.7,7041174.4],[360794.7,7040783.4],[360561.7,7040276.4],[360541.7,7040031.4],[360157.8,7037847.4],[360107.8,7037180.4],[359916.8,7036043.4],[360025.5,7034753.4],[360001.8,7034612.3],[359781.8,7033987.3],[359881.8,7033691.3],[359889.8,7033588.3],[359467.8,7032339.3],[359393.9,7031368.3],[359403.9,7031222.3],[359548.9,7030747.3],[360013.8,7030472.3],[360081.8,7030377.3],[360208.8,7029636.3],[360294.8,7029331.3],[360284.1,7029265.4]]}},{"type":"Feature","properties":{"rodovia":"SC-480","kmInicial":90.521,"kmFinal":95.875,"situacao":"PAV","revestimento":"CA","nome":"ENTR. ACESSO XANXERÊ → ENTR. BR-282 (P/ XANXERÊ)"},"geometry":{"type":"LineString","coordinates":[[360283.7,7029264.4],[360101.9,7029081.3],[360022.9,7028775.3],[359806.9,7028650.3],[359626.9,7028462.3],[359124.9,7028301.3],[358727.9,7027967.8],[358566.9,7027967.8],[358412.9,7027901.8],[357980.0,7027697.9],[357860.9,7027587.8],[357531.9,7027100.8],[357374.9,7026667.8],[357341.9,7026163.7],[357431.7,7025499.4]]}},{"type":"Feature","properties":{"rodovia":"SC-480","kmInicial":142.834,"kmFinal":166.167,"situacao":"PAV","revestimento":"CA","nome":"CHAPECÓ (ENTR. SC-283) → DISTRITO GOIO-EN (DIVISA SC/RS)"},"geometry":{"type":"LineString","coordinates":[[339576.0,7000490.3],[339798.1,6999617.0],[339763.1,6999437.0],[339591.1,6999096.0],[339622.1,6998663.0],[339906.1,6998201.0],[339972.1,6997877.0],[339814.1,6997316.0],[339332.6,6995914.9],[338367.1,6994307.0],[337681.2,6992997.9],[337256.2,6992540.0],[336787.2,6990848.9],[336719.2,6990722.9],[336428.2,6990400.9],[336185.2,6990205.9],[334985.2,6988536.8],[334374.2,6987385.8],[334190.2,6987238.8],[334065.2,6987190.8],[333458.3,6987231.8],[333212.2,6987086.8],[333132.2,6986978.8],[333135.2,6986803.8],[333192.2,6986720.8],[333373.2,6986574.8],[333523.2,6986288.8],[333563.2,6986008.8],[333491.2,6985864.7],[333161.2,6985643.7],[333079.2,6985491.7],[333086.2,6985330.7],[333214.2,6984951.7],[333189.2,6984828.7],[333080.2,6984651.7],[333133.2,6984324.7],[333244.2,6984160.7],[333239.2,6984014.7],[333193.2,6983848.7],[333243.2,6983239.7],[333041.2,6982453.7],[333082.2,6982192.6],[333001.2,6981927.6],[332732.2,6981540.6],[332464.2,6981380.6],[332445.2,6981344.6],[332588.1,6980725.0]]}},{"type":"Feature","properties":{"rodovia":"SC-482","kmInicial":16.189,"kmFinal":21.982,"situacao":"PAV","revestimento":"CA","nome":"ENTR. SC-480 (P/ SÃO DOMINGOS) → CORONEL MARTINS"},"geometry":{"type":"LineString","coordinates":[[336238.2,7070856.2],[336162.7,7070531.8],[336166.7,7069894.8],[335990.7,7069353.8],[335637.7,7069126.8],[335494.7,7068926.8],[335475.7,7068830.8],[335536.7,7068638.8],[335493.2,7068539.3],[335235.7,7068605.8],[334980.7,7068582.8],[335043.7,7068341.8],[335040.7,7068215.8],[334769.8,7067918.8],[334817.8,7067697.8],[334706.8,7067589.8],[334645.8,7067214.8],[334510.8,7066818.8],[334286.8,7066762.8],[334160.8,7066632.8],[333974.7,7066741.5]]}},{"type":"Feature","properties":{"rodovia":"SC-482","kmInicial":21.983,"kmFinal":41.48,"situacao":"LEN","revestimento":"","nome":"CORONEL MARTINS → SANTIAGO DO SUL"},"geometry":{"type":"LineString","coordinates":[[333974.1,7066740.7],[333589.8,7066162.9],[333558.8,7065658.8],[333486.8,7065376.8],[333482.8,7065230.8],[333522.8,7065149.8],[333679.8,7065077.8],[333764.8,7064867.8],[334024.8,7064688.8],[334232.8,7064402.8],[334196.8,7063961.8],[334266.8,7063523.8],[334343.8,7063355.8],[334365.8,7062677.8],[334570.8,7062132.8],[334565.0,7061916.6],[334507.8,7061797.8],[334463.8,7061569.8],[334474.8,7061092.7],[334539.8,7060748.7],[334694.8,7060531.7],[334792.8,7060171.7],[335090.8,7060135.7],[335251.8,7060010.7],[335332.8,7060182.7],[335370.8,7060203.7],[335483.8,7060057.7],[335718.8,7059544.7],[335801.8,7059533.7],[335940.8,7059441.7],[336027.8,7059423.7],[336282.8,7059187.7],[336404.8,7059196.7],[336483.8,7059140.7],[336589.2,7058817.1],[336606.8,7058640.2],[336501.8,7058667.7],[336377.3,7058646.7],[336377.3,7058586.7],[336269.9,7058560.7],[336300.8,7058372.2],[336182.8,7058309.7],[336102.8,7058227.7],[336079.8,7058073.7],[336106.3,7057905.2],[336449.8,7057849.7],[336583.8,7057798.7],[336710.8,7057695.7],[336781.8,7057524.7],[336831.8,7057129.7],[336746.8,7056740.7],[336926.8,7056717.7],[336851.8,7056446.7],[336833.8,7056269.7],[336731.8,7056040.7],[336439.8,7055772.7],[336229.8,7055701.7],[335973.8,7055666.7],[335880.8,7055594.7],[335642.8,7055144.7],[335611.8,7055029.7],[335392.8,7054920.7],[335343.8,7054725.7],[335188.9,7054443.7],[335049.9,7054343.7],[334819.9,7054244.7],[334732.9,7054135.7],[334652.9,7053989.7],[334672.9,7053749.7],[334773.9,7053614.2],[334760.9,7053529.7],[334679.9,7053484.6],[334589.9,7053363.7],[334260.9,7053189.7],[334005.9,7053137.7],[333896.9,7053179.7],[333686.9,7053170.7],[333391.9,7053215.7],[333202.8,7052925.5]]}},{"type":"Feature","properties":{"rodovia":"SC-482","kmInicial":41.481,"kmFinal":54.83,"situacao":"PAV","revestimento":"CA","nome":"SANTIAGO DO SUL → QUILOMBO"},"geometry":{"type":"LineString","coordinates":[[333202.3,7052924.6],[333074.3,7052747.0],[333106.5,7052424.2],[332996.3,7052188.2],[333049.3,7052055.3],[333020.1,7051817.4],[333114.1,7051596.0],[332997.4,7051363.0],[333008.1,7051105.4],[332946.6,7051055.0],[332764.4,7051056.5],[332539.4,7050969.7],[332452.4,7050900.3],[332416.0,7050812.8],[332398.1,7050603.3],[332146.1,7050339.4],[332089.9,7050105.6],[331948.1,7049798.6],[331923.4,7049659.2],[331866.4,7049581.0],[331944.5,7049367.5],[331933.0,7049314.7],[331810.4,7049272.6],[331723.5,7049183.3],[331530.2,7049118.7],[331436.0,7049027.4],[331396.1,7048815.0],[331309.5,7048644.8],[331294.1,7048540.8],[331395.3,7048187.2],[331383.0,7048112.6],[331290.9,7048048.3],[331011.5,7048059.4],[330926.2,7047982.8],[330921.8,7047914.5],[330953.2,7047859.3],[331325.8,7047568.0],[331384.6,7047456.5],[331403.6,7047324.3],[331305.2,7047033.4],[331276.2,7046847.7],[331096.9,7046461.7],[330954.8,7046230.9],[330789.7,7046055.2],[330672.8,7045990.2],[330596.1,7045768.2],[330233.7,7045688.8],[330125.1,7045599.6],[330132.5,7045408.6],[330368.0,7044912.6],[330155.4,7044617.2],[330140.1,7044488.4],[330085.1,7044382.0],[330135.3,7044248.4],[330129.0,7044143.6],[330044.8,7044065.8],[330008.1,7043968.1],[329777.9,7043953.4],[329477.0,7043837.5],[329319.1,7043618.5],[329392.9,7043243.8],[329337.7,7043183.1],[329120.7,7043104.9],[329177.4,7042922.0],[329063.5,7042881.0]]}},{"type":"Feature","properties":{"rodovia":"SC-482","kmInicial":54.831,"kmFinal":57.866,"situacao":"PAV","revestimento":"CA","nome":"QUILOMBO → ENTR. SC-157 (P/ FORMOSA DO SUL)"},"geometry":{"type":"LineString","coordinates":[[329062.5,7042880.6],[328865.6,7042804.5],[328690.1,7043306.8],[328644.1,7043328.9],[328558.2,7043300.8],[328569.1,7043189.4],[328439.2,7043123.6],[328254.3,7043081.5],[328031.1,7043209.6],[327686.9,7043284.5],[327562.9,7043367.9],[327324.0,7043450.3],[327083.8,7043378.2],[326674.5,7043325.8]]}},{"type":"Feature","properties":{"rodovia":"SC-482","kmInicial":70.299,"kmFinal":85.24,"situacao":"LEN","revestimento":"","nome":"ENTR. SC-157 (P/ CORONEL FREITAS) → ENTR. SC-159 (P/ UNIÃO DO OESTE)"},"geometry":{"type":"LineString","coordinates":[[328919.1,7032546.6],[328644.1,7032641.3],[328428.1,7032648.3],[328106.1,7032718.3],[327747.1,7032726.3],[327639.1,7032791.4],[326952.1,7032526.4],[326886.1,7032431.4],[326689.1,7032258.4],[326611.1,7032090.3],[326598.1,7031708.3],[326739.1,7031113.3],[326713.1,7030707.3],[326640.1,7030319.3],[326567.1,7030225.3],[326356.1,7030220.3],[326129.1,7030006.3],[325979.1,7029954.3],[325621.1,7030049.3],[325502.1,7030173.3],[325362.1,7030249.3],[325059.1,7030297.3],[324892.1,7030281.3],[324782.1,7030187.3],[324574.1,7030166.3],[324279.1,7029970.3],[323968.1,7029933.3],[323888.1,7029985.3],[323707.1,7030012.3],[323594.1,7030092.3],[323484.1,7030044.3],[323277.1,7030237.4],[322990.1,7030344.4],[322823.1,7030504.4],[322802.1,7030583.4],[322914.1,7030838.4],[322886.1,7031063.4],[322243.1,7031403.4],[321989.1,7031645.4],[321906.1,7031788.4],[321827.1,7031772.4],[321698.1,7031580.4],[321511.1,7031557.4],[321397.1,7031711.4],[321200.1,7031742.4],[321187.1,7032017.4],[320969.1,7032234.4],[320854.1,7032276.4],[320093.1,7032209.4],[319777.1,7032045.4],[319681.1,7032025.4],[319518.0,7032147.4],[319215.0,7032201.4],[319070.0,7032203.4],[318915.0,7032144.4],[318837.0,7032277.4],[318730.0,7032350.4],[318520.5,7032424.3]]}},{"type":"Feature","properties":{"rodovia":"SC-483","kmInicial":0.0,"kmFinal":24.575,"situacao":"PAV","revestimento":"CA","nome":"ENTR. SC-283 (P/ CHAPECÓ) → ENTR. RUA MARANHÃO (PAIAL)"},"geometry":{"type":"LineString","coordinates":[[346093.6,7000746.1],[346180.5,7000686.4],[346452.5,7000661.7],[346456.3,7000453.7],[346525.3,7000379.4],[346928.6,7000225.4],[347125.7,7000234.1],[347210.5,7000055.3],[347436.4,6999722.6],[347481.6,6999498.4],[347612.3,6999315.2],[347773.3,6999202.4],[347774.8,6999097.2],[347629.0,6998884.9],[347486.7,6998467.5],[347522.6,6998328.6],[347830.0,6997878.8],[348049.0,6997259.9],[348119.7,6996584.5],[348073.7,6996324.6],[348136.4,6996113.2],[348024.8,6995780.6],[348024.5,6995439.2],[348058.0,6995312.5],[348165.2,6995212.5],[348187.5,6995146.6],[348475.9,6994993.8],[348532.2,6994899.2],[348643.5,6994830.6],[348647.3,6994737.9],[348735.6,6994645.8],[348780.3,6994489.1],[348767.4,6994278.7],[348806.4,6994108.0],[348766.7,6993965.8],[348902.8,6993864.3],[348992.0,6993710.4],[349077.4,6993417.2],[349137.7,6993319.9],[349127.0,6993115.7],[349300.8,6992981.3],[349393.3,6993072.5],[349669.6,6993180.5],[349782.9,6993305.9],[349956.7,6993367.7],[350035.1,6993293.2],[350010.6,6993229.6],[349822.5,6993185.7],[349711.8,6992969.4],[349576.9,6992934.0],[349519.0,6992785.9],[349349.3,6992691.5],[349143.4,6992630.0],[349123.6,6992558.6],[349239.2,6992276.9],[349331.0,6992137.8],[349480.3,6992106.2],[349566.5,6991976.9],[349694.2,6991929.9],[349962.1,6991934.8],[350078.6,6991908.0],[350262.8,6992005.0],[350531.7,6992042.4],[350641.4,6991993.7],[350793.3,6991981.4],[350865.8,6991945.6],[350928.2,6991867.8],[351007.7,6991837.1],[350925.2,6991657.8],[350883.9,6991628.6],[350827.1,6991629.9],[350714.3,6991708.9],[350499.0,6991632.3],[350296.7,6991627.6],[350197.1,6991385.7],[350124.5,6991299.9],[349915.1,6991162.4],[349613.1,6991014.9],[349543.3,6990932.7],[349534.4,6990803.5],[349577.2,6990742.8],[349742.5,6990741.1],[349810.8,6990689.8],[349797.4,6990618.8],[349664.1,6990491.0],[349644.7,6990435.1],[349693.2,6990266.2],[349638.5,6990126.2],[349640.5,6990042.1],[349727.6,6989909.4],[350463.5,6989775.3],[351156.8,6989891.7],[351290.3,6989836.8],[351355.0,6989748.0],[351371.6,6989609.4],[351278.7,6989418.1],[351273.1,6989200.1],[351382.2,6989078.7],[351423.9,6988964.1],[351440.8,6988789.8],[351354.9,6988623.5],[351394.1,6988369.7],[351507.3,6988090.9],[351558.1,6987666.2],[351796.8,6987377.7],[351818.7,6987284.2],[351800.0,6987116.7],[351836.2,6986928.1],[351751.6,6986641.4],[351762.1,6986360.4],[351712.0,6986298.5],[351596.8,6986264.9],[351522.0,6986170.4],[351533.4,6985983.4],[351639.2,6985584.4],[351636.9,6985330.5],[351700.0,6984811.3]]}},{"type":"Feature","properties":{"rodovia":"SC-484","kmInicial":0.0,"kmFinal":11.345,"situacao":"PAV","revestimento":"CA","nome":"ENTR. SC-283 (P/ CHAPECÓ) → GUATAMBU"},"geometry":{"type":"LineString","coordinates":[[332287.1,7001957.4],[332311.2,7001812.0],[332237.2,7001706.0],[331526.2,7001134.0],[330778.2,7000812.0],[330316.2,7000015.0],[330244.2,6999963.9],[329965.2,6999872.9],[329066.2,6999164.9],[328755.2,6998810.9],[328523.2,6998646.9],[328364.2,6998484.9],[328187.2,6998160.9],[328065.2,6998023.9],[327059.2,6997829.8],[326435.2,6997880.8],[325528.2,6997782.8],[324625.2,6997934.8],[324523.4,6997904.4],[324200.2,6997716.8],[324044.2,6997681.8],[323641.2,6997733.8],[323415.2,6997726.8],[323221.7,6997645.5],[323257.4,6997527.7],[323052.5,6997455.2]]}},{"type":"Feature","properties":{"rodovia":"SC-484","kmInicial":11.346,"kmFinal":23.77,"situacao":"PAV","revestimento":"CA","nome":"GUATAMBU → CAXAMBU DO SUL (ENTR. SC-159/SC-160)"},"geometry":{"type":"LineString","coordinates":[[323051.6,6997454.8],[322273.2,6997138.7],[321839.2,6997015.7],[321605.2,6996897.7],[321089.2,6996802.7],[320820.2,6996675.7],[320493.2,6996456.7],[320194.2,6996389.7],[319919.3,6996402.6],[319766.2,6996472.7],[319664.2,6996481.6],[319344.2,6996371.6],[318888.2,6996139.6],[318749.2,6995943.6],[318640.2,6995857.6],[318251.2,6995729.6],[317938.3,6995586.6],[317603.2,6995682.6],[317275.2,6995888.6],[317210.2,6995893.6],[317167.3,6995846.6],[317191.2,6995774.6],[317546.2,6995377.6],[317579.2,6995241.6],[317488.3,6995171.6],[317327.3,6995104.6],[317124.3,6995106.6],[316841.3,6994966.5],[316820.3,6994894.5],[316842.3,6994617.5],[316590.3,6994411.5],[316413.3,6994133.5],[316364.3,6994099.5],[316236.3,6994133.5],[316167.3,6994184.5],[315900.3,6994443.5],[315208.3,6994786.5],[315059.3,6994724.5],[315058.3,6994575.5],[315008.3,6994511.5],[314531.3,6994226.5],[314471.3,6994219.5],[314240.3,6994314.5],[313642.9,6994279.5]]}},{"type":"Feature","properties":{"rodovia":"SC-486","kmInicial":0.0,"kmFinal":23.858,"situacao":"DUP","revestimento":"CA","nome":"ITAJAÍ (ENTR. BR-101) → JURISDIÇÃO SIE FINAL (BRUSQUE)"},"geometry":{"type":"LineString","coordinates":[[728544.0,7018433.6],[728451.0,7018377.6],[727739.0,7018189.6],[727313.0,7017998.6],[726640.9,7017637.6],[726415.9,7017554.6],[725233.9,7017537.6],[723713.9,7017380.6],[722599.8,7017000.5],[722275.8,7016795.5],[719208.7,7014485.5],[718817.6,7014101.5],[718655.6,7014000.5],[718235.6,7013817.5],[718018.6,7013473.5],[716921.6,7012596.4],[716851.5,7012475.4],[716820.5,7012030.4],[716724.5,7011805.4],[715443.5,7010601.4],[715346.5,7010469.4],[715168.5,7010071.4],[714707.5,7009846.4],[714199.5,7009546.4],[713665.5,7009082.4],[713027.4,7008354.5],[711338.4,7007013.5],[711178.4,7006669.5],[711224.4,7006356.5],[711198.4,7006216.5],[710795.4,7005554.5],[710529.1,7004985.8]]}},{"type":"Feature","properties":{"rodovia":"SC-486","kmInicial":30.175,"kmFinal":32.0,"situacao":"PAV","revestimento":"CA","nome":"JURISDIÇÃO SIE INICIAL (BRUSQUE (ENTR. SC-108)) → KM 32,0"},"geometry":{"type":"LineString","coordinates":[[706640.4,7000378.8],[705798.4,6999981.6],[705419.4,6999877.6],[705003.5,6999612.6]]}},{"type":"Feature","properties":{"rodovia":"SC-486","kmInicial":32.001,"kmFinal":35.7,"situacao":"PAV","revestimento":"CA","nome":"ENTR. R. BRUNO FURBRINGER (DISTRITO JD. MALUCHE) → ENTR. RUA BEIRA RIO - (DISTRITO DOM JOAQUIM)"},"geometry":{"type":"LineString","coordinates":[[705002.5,6999611.9],[704892.4,6999511.6],[704783.1,6999261.3],[704546.3,6998159.6],[704420.3,6997823.6],[704128.3,6997560.6],[704036.3,6997386.6],[703481.4,6997134.6],[703339.4,6996932.6],[703299.3,6996743.6],[703256.3,6996673.6],[702784.3,6996463.6],[702626.1,6996312.4]]}},{"type":"Feature","properties":{"rodovia":"SC-486","kmInicial":35.701,"kmFinal":36.0,"situacao":"PAV","revestimento":"CA","nome":"ENTR. RUA BEIRA RIO - (DISTRITO DOM JOAQUIM) → KM 36,0"},"geometry":{"type":"LineString","coordinates":[[702625.3,6996311.7],[702394.9,6996082.7]]}},{"type":"Feature","properties":{"rodovia":"SC-486","kmInicial":36.001,"kmFinal":38.3,"situacao":"PAV","revestimento":"CA","nome":"KM 36,0 → ENTR. R. DJ-039 (DISTRITO BEIRA RIO)"},"geometry":{"type":"LineString","coordinates":[[702394.4,6996082.2],[702282.3,6995989.6],[701945.3,6995980.6],[701577.3,6995928.6],[700880.6,6995722.1]]}},{"type":"Feature","properties":{"rodovia":"SC-486","kmInicial":38.301,"kmFinal":51.695,"situacao":"PAV","revestimento":"CA","nome":"ENTR. R. DJ-039 (DISTRITO BEIRA RIO) → BOTUVERÁ"},"geometry":{"type":"LineString","coordinates":[[700879.6,6995721.8],[700468.3,6995631.6],[700217.3,6995309.6],[700002.3,6994894.6],[699551.3,6994716.6],[698451.3,6993840.6],[698223.3,6993733.6],[698138.3,6993532.6],[697637.3,6993241.6],[697459.2,6993059.6],[697373.2,6992901.6],[697117.2,6992665.6],[696822.2,6992633.6],[696627.2,6992504.6],[696357.2,6992422.6],[695946.2,6992585.6],[695486.2,6992540.6],[695011.2,6992445.6],[694634.3,6992286.6],[694321.2,6992044.6],[694276.2,6992064.6],[694239.2,6992148.6],[694139.2,6992099.6],[694004.2,6992159.6],[693872.2,6992118.6],[693782.2,6992162.6],[693728.2,6992256.6],[693654.2,6992259.6],[693575.2,6992190.6],[693449.3,6992156.7],[693465.2,6991973.7],[693381.2,6991832.6],[693321.2,6991810.6],[693103.2,6991818.6],[692896.2,6991648.6],[692282.1,6991361.5],[692147.2,6991112.6],[691747.2,6991023.6],[691522.2,6990855.6],[691279.2,6990798.6],[690936.2,6990892.6],[690903.2,6990841.6],[690871.2,6990173.6],[690818.2,6990033.6],[690717.9,6989950.8]]}},{"type":"Feature","properties":{"rodovia":"SC-486","kmInicial":51.696,"kmFinal":54.099,"situacao":"PAV","revestimento":"CA","nome":"BOTUVERÁ → JURISDIÇÃO SIE FINAL (BOTUVERÁ)"},"geometry":{"type":"LineString","coordinates":[[690716.9,6989950.9],[690657.2,6989983.6],[690502.2,6990275.6],[690415.2,6990347.6],[690372.2,6990458.6],[690285.2,6990429.6],[690172.2,6990325.6],[690027.2,6990304.1],[689897.2,6990085.6],[689691.2,6989959.6],[689604.2,6989998.6],[689456.2,6990218.6],[689237.2,6990440.6],[689172.2,6990440.6],[689117.6,6990345.1]]}},{"type":"Feature","properties":{"rodovia":"SC-486","kmInicial":65.351,"kmFinal":82.365,"situacao":"LEN","revestimento":"","nome":"JURISDIÇÃO SIE INICIAL (BOTUVERÁ) → DIVISA DE MUNICÍPIOS DE BOTUVERÁ/VIDAL RAMOS"},"geometry":{"type":"LineString","coordinates":[[682819.1,6989025.1],[682876.1,6988965.6],[682889.1,6988899.6],[682783.1,6988743.6],[682798.1,6988579.6],[682720.1,6988528.6],[682665.2,6988440.6],[682696.1,6988359.6],[682634.1,6988184.6],[682658.1,6988018.6],[682571.1,6987779.6],[682486.1,6987700.6],[682323.1,6987666.6],[682271.1,6987544.6],[682078.1,6987383.6],[682048.1,6987189.6],[681901.1,6987022.6],[681757.6,6986986.1],[681732.1,6986918.6],[681618.1,6986889.6],[681573.6,6986752.1],[681435.1,6986642.6],[681430.1,6986519.6],[681298.1,6986237.6],[681236.6,6986180.1],[681186.1,6985938.7],[680932.1,6985631.6],[680781.1,6985501.6],[680597.1,6985478.6],[680308.1,6985236.6],[680003.1,6984899.6],[679912.1,6984687.6],[679761.1,6984583.6],[679674.1,6984568.1],[679637.1,6984466.7],[679638.1,6984369.6],[679805.6,6984292.6],[679837.1,6984214.6],[679967.1,6984071.6],[679703.1,6984061.6],[679528.1,6984128.6],[679418.1,6984131.6],[679369.1,6984086.6],[679240.1,6984048.6],[679270.1,6983737.6],[679230.1,6983649.6],[679193.2,6983625.6],[679114.1,6983654.6],[679032.1,6983617.6],[678974.1,6983531.6],[678869.1,6983466.6],[678831.1,6983365.6],[678853.1,6983252.7],[678819.1,6983164.6],[678680.1,6983115.6],[678607.1,6983035.6],[678516.1,6982995.7],[678441.1,6982736.7],[678341.1,6982616.6],[678330.1,6982475.6],[678197.1,6982570.6],[678198.6,6982626.6],[678054.1,6982653.6],[677991.1,6982630.6],[677917.2,6982661.6],[677929.1,6982763.6],[677888.8,6982791.3],[677915.1,6982638.6],[677951.1,6982581.6],[677819.1,6982480.6],[677692.1,6982443.6],[677553.1,6982459.6],[677510.1,6982422.6],[677370.1,6982393.6],[677356.6,6982360.6],[677306.1,6982389.6],[677144.1,6982372.6],[677031.1,6982276.6],[676976.1,6982287.6],[676928.1,6982364.6],[676768.1,6982330.6],[676700.1,6982235.6],[676646.0,6982026.6],[676570.1,6982054.6],[676568.1,6981965.6],[676536.1,6981943.6],[676398.1,6981967.6],[676344.1,6981907.6],[676344.1,6981785.6],[676161.1,6981694.6],[676134.1,6981648.6],[676142.1,6981585.6],[676053.1,6981537.6],[675988.1,6981583.6],[675784.1,6981482.6],[675621.1,6981505.6],[675533.1,6981387.6],[675424.1,6981390.6],[675403.1,6981329.2],[675333.6,6981374.6],[675183.1,6981222.6],[675057.1,6981194.6],[674989.1,6981217.6],[674926.7,6981203.6],[674885.1,6981284.6],[674571.1,6981413.0],[674559.1,6981302.6],[674441.1,6981281.6],[674418.1,6981243.6],[674522.1,6981076.6],[674448.1,6981104.6],[674365.1,6981222.6],[674327.1,6981231.6],[674194.1,6981202.6],[674011.1,6981057.6],[673956.1,6980967.6],[673961.1,6980900.1],[673904.1,6980870.6],[673812.6,6980756.2],[673878.1,6980651.6],[673863.0,6980544.3]]}},{"type":"Feature","properties":{"rodovia":"SC-486","kmInicial":82.366,"kmFinal":97.77,"situacao":"LEN","revestimento":"","nome":"DIVISA DE MUNICÍPIOS DE BOTUVERÁ/VIDAL RAMOS → ENTR. SC-110 (P/ PRESIDENTE NEREU)"},"geometry":{"type":"LineString","coordinates":[[673862.5,6980543.5],[673764.1,6980383.6],[673750.1,6980291.6],[673872.1,6980033.6],[673780.1,6979806.6],[673819.1,6979652.6],[673740.1,6979609.6],[673675.6,6979628.6],[673671.6,6979559.1],[673721.1,6979507.6],[673697.6,6979372.1],[673629.2,6979336.9],[673681.1,6979308.6],[673678.1,6979259.6],[673616.1,6979184.6],[673503.1,6979134.6],[673439.1,6979063.6],[673486.1,6978903.6],[673453.1,6978800.6],[673542.1,6978574.6],[673445.1,6978381.6],[673339.1,6978332.6],[673391.1,6978208.6],[673269.1,6978024.6],[673335.1,6977917.6],[673339.1,6977806.6],[673283.6,6977702.1],[673294.1,6977640.6],[673214.1,6977485.6],[673169.1,6977411.6],[672885.1,6977184.6],[672774.1,6976998.6],[672570.1,6976883.6],[672229.1,6976782.6],[672114.1,6976660.6],[671950.1,6976576.6],[671863.1,6976473.6],[671781.4,6976429.0],[671730.1,6976345.6],[671695.1,6976170.6],[671605.1,6976163.6],[671450.1,6976085.6],[671299.1,6976119.6],[671223.1,6976092.6],[671040.1,6975693.6],[670977.1,6975636.6],[670897.1,6975616.6],[670808.1,6975635.6],[670715.1,6975582.6],[670551.1,6975703.6],[670381.1,6975887.6],[670252.1,6975945.6],[670115.1,6975926.6],[670012.1,6975949.6],[669899.1,6975903.6],[669512.1,6975937.6],[669321.1,6975905.6],[669075.1,6975817.6],[668998.1,6975829.6],[668687.1,6975951.6],[668598.1,6976028.6],[668549.1,6976032.6],[668514.6,6975990.1],[668385.1,6976266.6],[668245.1,6976174.6],[668189.1,6976182.6],[668115.6,6976259.1],[668051.7,6976210.1],[667993.1,6976277.6],[668003.1,6976357.6],[667982.1,6976381.1],[667864.1,6976365.6],[667840.2,6976280.7],[667686.1,6976209.6],[667496.1,6976213.6],[667402.1,6976249.6],[667229.1,6976203.6],[667120.1,6976213.6],[667021.1,6976290.6],[666916.1,6976190.6],[666908.1,6976037.6],[666948.1,6976004.6],[666883.1,6975895.6],[666713.1,6975925.6],[666538.1,6975915.6],[666494.1,6975867.6],[666508.6,6975824.6],[666707.1,6975771.6],[666667.1,6975696.6],[666773.1,6975601.6],[666841.1,6975449.6],[666833.1,6975395.2],[666774.1,6975444.6],[666699.1,6975441.6],[666601.1,6975511.6],[666451.1,6975553.6],[666383.1,6975503.6],[666205.1,6975533.6],[666120.1,6975628.6],[666109.1,6975695.6],[665981.1,6975674.6],[665767.1,6975849.6],[665740.1,6975838.6],[665715.1,6975652.6],[665589.1,6975562.7],[665596.6,6975461.6],[665442.7,6975452.4]]}},{"type":"Feature","properties":{"rodovia":"SC-486","kmInicial":97.771,"kmFinal":101.777,"situacao":"LEN","revestimento":"","nome":"ENTR. SC-110 (P/ PRESIDENTE NEREU) → DISTRITO SALSEIRO"},"geometry":{"type":"LineString","coordinates":[[665442.6,6975451.4],[665435.1,6975381.7],[665201.1,6975161.6],[665208.1,6975108.6],[665276.6,6975112.1],[665394.1,6975007.6],[665416.1,6974951.6],[665378.1,6974825.6],[665249.1,6974769.6],[665172.1,6974819.6],[665120.1,6974762.6],[664987.1,6974776.6],[664948.1,6974748.6],[664936.1,6974522.6],[664966.1,6974311.1],[664676.1,6973998.6],[664594.1,6973754.6],[664612.1,6973635.6],[664526.1,6973519.6],[664518.5,6973342.6],[664416.1,6973334.6],[664374.1,6973287.6],[664085.2,6973177.4],[664084.1,6973141.6],[664261.1,6972859.6],[664270.6,6972717.5]]}},{"type":"Feature","properties":{"rodovia":"SC-486","kmInicial":101.778,"kmFinal":106.28,"situacao":"PAV","revestimento":"CA","nome":"DISTRITO SALSEIRO → VIDAL RAMOS"},"geometry":{"type":"LineString","coordinates":[[664270.4,6972716.5],[664189.1,6972391.6],[664133.1,6972278.6],[663747.1,6971974.6],[663384.1,6971886.6],[662847.1,6971194.6],[662761.1,6970816.6],[662367.1,6970419.6],[661742.6,6969276.3]]}},{"type":"Feature","properties":{"rodovia":"SC-486","kmInicial":106.281,"kmFinal":107.824,"situacao":"PAV","revestimento":"CA","nome":"VIDAL RAMOS → SC-486/BR-486"},"geometry":{"type":"LineString","coordinates":[[661742.2,6969275.5],[661574.2,6969028.7],[660862.1,6968604.7],[660728.1,6968551.7],[660475.1,6968547.7]]}},{"type":"Feature","properties":{"rodovia":"SC-492","kmInicial":0.0,"kmFinal":12.59,"situacao":"PAV","revestimento":"CA","nome":"SANTA TEREZINHA DO PROGRESSO → ENTR.  ACESSO  BOM JESUS DO OESTE"},"geometry":{"type":"LineString","coordinates":[[280669.3,7053685.5],[280596.3,7053668.5],[280622.7,7053277.0],[280723.2,7053066.0],[280672.6,7052905.2],[280690.2,7052693.9],[280795.3,7052594.3],[280992.8,7052554.3],[281074.8,7052466.7],[281427.4,7052470.0],[281700.9,7052390.6],[281816.0,7052305.3],[281900.6,7052289.7],[282021.3,7052317.5],[282285.9,7052506.4],[282372.2,7052515.6],[282715.9,7052317.9],[283010.2,7052303.0],[283236.7,7052416.9],[283285.9,7052484.4],[283328.1,7052664.9],[283397.6,7052696.7],[283684.5,7052477.1],[283894.3,7052190.0],[284235.6,7052158.9],[284395.7,7052229.7],[284782.6,7052121.9],[284894.4,7052047.1],[285051.8,7051871.9],[285250.3,7051762.0],[285497.7,7051551.7],[285663.0,7051077.4],[285543.3,7050716.9],[285552.6,7050625.6],[285653.8,7050376.9],[285554.8,7050087.7],[285685.5,7049947.6],[285662.4,7049818.0],[285702.1,7049674.4],[285667.9,7049621.3],[285399.1,7049508.4],[285323.8,7049363.4],[285376.2,7049228.5],[285500.6,7049235.4],[285603.7,7049200.5],[285619.1,7049148.6],[285546.0,7049046.0],[285529.5,7048852.1],[285743.1,7048671.0],[285846.6,7048495.3],[285966.4,7048421.9],[286058.3,7048301.5],[286213.7,7048044.9],[286277.9,7047656.6],[286761.1,7047215.3],[286774.3,7047106.1],[286852.5,7046978.0]]}},{"type":"Feature","properties":{"rodovia":"SC-492","kmInicial":12.591,"kmFinal":14.86,"situacao":"PAV","revestimento":"CA","nome":"ENTR.  ACESSO  BOM JESUS DO OESTE → TIGRINHOS"},"geometry":{"type":"LineString","coordinates":[[286852.7,7046977.0],[286877.7,7046867.7],[286864.0,7046786.2],[286761.8,7046613.9],[286745.8,7046416.1],[286619.2,7046107.2],[286388.1,7046085.1],[286044.8,7046119.5],[285943.9,7046159.5],[285773.6,7046293.1],[285372.8,7046437.2]]}},{"type":"Feature","properties":{"rodovia":"SC-492","kmInicial":14.861,"kmFinal":25.06,"situacao":"PAV","revestimento":"CA","nome":"TIGRINHOS → MARAVILHA"},"geometry":{"type":"LineString","coordinates":[[285372.7,7046436.2],[285284.3,7045787.5],[285146.4,7045638.8],[284774.4,7045124.2],[284638.7,7045077.0],[284599.4,7045027.8],[284591.4,7044871.8],[284518.0,7044695.2],[284565.6,7044393.2],[284537.8,7044226.3],[284631.7,7044057.2],[284731.9,7043970.1],[284984.7,7043609.3],[285168.5,7043483.5],[285321.7,7043304.5],[285378.8,7043199.7],[285434.4,7042968.8],[285543.5,7042795.7],[285539.6,7042724.7],[285418.5,7042483.8],[285535.2,7041963.4],[285509.6,7041704.9],[285403.2,7041427.6],[285370.7,7041178.8],[285400.0,7041095.8],[285624.7,7040812.4],[285692.9,7040747.7],[285828.3,7040692.6],[285867.5,7040624.3],[285535.0,7040299.3],[285445.3,7040136.5],[285410.0,7039973.4],[285246.5,7039763.1],[285237.0,7039617.1],[284965.9,7039303.9],[284727.8,7038869.4],[284704.7,7038697.8],[284539.6,7038653.8],[283735.3,7038244.3]]}},{"type":"Feature","properties":{"rodovia":"SC-492","kmInicial":25.061,"kmFinal":41.39,"situacao":"PAV","revestimento":"CA","nome":"MARAVILHA → SÃO MIGUEL DA BOA VISTA"},"geometry":{"type":"LineString","coordinates":[[283735.1,7038245.2],[283679.3,7038834.2],[283447.3,7038824.2],[283287.2,7039155.5],[283022.3,7039361.9],[282900.9,7039557.0],[282736.5,7039645.3],[282616.1,7039846.4],[282490.8,7039943.0],[282458.4,7040212.8],[282500.0,7040309.1],[282489.1,7040358.3],[282367.7,7040435.6],[282114.5,7040399.0],[281815.5,7040450.9],[281756.8,7040498.5],[281507.7,7040874.2],[281327.1,7040957.3],[281281.6,7041018.4],[281224.7,7041247.8],[281260.4,7041330.9],[281464.1,7041585.5],[281648.2,7041740.5],[281663.7,7041846.0],[281819.1,7042028.3],[282055.9,7042218.1],[282049.0,7042266.7],[281910.7,7042418.2],[281896.9,7042557.4],[281973.6,7042747.3],[282005.7,7042995.3],[282195.8,7043246.7],[282214.7,7043505.0],[282270.6,7043662.8],[282244.1,7043720.0],[282023.9,7043927.0],[281443.8,7044277.6],[281423.6,7044331.8],[281480.6,7044483.7],[281497.4,7044695.2],[281456.7,7044918.8],[281295.7,7045156.4],[281215.3,7045186.8],[281097.6,7045168.3],[280930.6,7045307.5],[280667.4,7045844.8],[280479.0,7045882.1],[280129.5,7046095.9],[280049.9,7046111.2],[279694.2,7045936.2],[279534.4,7045982.0],[279243.9,7045984.6],[279171.6,7045909.2],[279145.4,7045729.0],[279082.5,7045675.0],[279017.9,7045680.1],[278780.3,7045832.2],[278536.0,7045859.5],[278375.6,7045820.5],[278091.2,7045972.6],[277968.2,7046194.5],[277639.4,7046546.4],[277598.8,7046558.7],[277518.4,7046505.4],[277486.3,7046313.2],[277445.6,7046245.8],[276975.0,7045971.9],[276853.7,7045942.1],[276590.0,7045935.5],[276173.3,7046061.8],[276107.3,7045871.3],[276034.6,7045842.1]]}},{"type":"Feature","properties":{"rodovia":"SC-492","kmInicial":41.391,"kmFinal":51.168,"situacao":"EOP","revestimento":"","nome":"SÃO MIGUEL DA BOA VISTA → ROMELÂNDIA (ENTR. SC-161)"},"geometry":{"type":"LineString","coordinates":[[276033.6,7045841.9],[275263.4,7045664.3],[275206.4,7045285.3],[275150.4,7045210.3],[274990.4,7045113.3],[274611.4,7045375.3],[273945.4,7045419.3],[273393.4,7045604.2],[273172.4,7045897.3],[273094.4,7046142.3],[273111.4,7046340.3],[273000.4,7046476.3],[272904.4,7046663.3],[272869.4,7046804.3],[272808.4,7046866.3],[272641.4,7046862.3],[272374.4,7046799.3],[272115.4,7046346.2],[271936.4,7046224.2],[271294.4,7046370.2],[271246.4,7046474.2],[271036.4,7046581.2],[270994.5,7046537.3],[270925.4,7046334.2],[270875.5,7046284.3],[270713.4,7046259.2],[270503.4,7046320.2],[270357.4,7046265.2],[270273.4,7046266.2],[270046.4,7046441.2],[269767.4,7046452.2],[269642.4,7046532.2],[269388.4,7046613.2],[269374.4,7046746.2],[269126.1,7046912.0],[268897.9,7046513.2]]}},{"type":"Feature","properties":{"rodovia":"SC-492","kmInicial":53.878,"kmFinal":72.866,"situacao":"LEN","revestimento":"","nome":"ENTR. SC-161 (P/ FLOR SERTÃO) → BARRA BONITA"},"geometry":{"type":"LineString","coordinates":[[268357.7,7044403.9],[268010.4,7044264.2],[267813.5,7044219.2],[267715.5,7044048.1],[267639.5,7043976.1],[267556.5,7043960.1],[267332.5,7044022.1],[267131.5,7043944.1],[266849.5,7043920.1],[266783.0,7043857.7],[266731.5,7043847.1],[266661.5,7043915.1],[266590.5,7044088.1],[266402.5,7044304.1],[266387.5,7044360.1],[266253.5,7044478.1],[266200.5,7044340.1],[266234.5,7044239.1],[266223.5,7044089.1],[266254.5,7043994.1],[265916.5,7043893.1],[265865.5,7044039.1],[265280.5,7044387.1],[264922.5,7044757.1],[264647.5,7044652.1],[264222.5,7044726.1],[264084.5,7044654.0],[264033.5,7044587.0],[264051.5,7044137.0],[264018.5,7043838.0],[263875.5,7043689.0],[263734.5,7043471.0],[263427.5,7043213.0],[263216.5,7043363.0],[263300.5,7043536.0],[263183.5,7043774.0],[263208.5,7044256.0],[263077.5,7044562.0],[263040.5,7044581.0],[262787.5,7044540.0],[262730.5,7044554.0],[262686.5,7044619.1],[262661.5,7044759.0],[262458.5,7044862.0],[262465.5,7044951.0],[262534.5,7045071.0],[262510.5,7045310.0],[262580.5,7045445.0],[262568.5,7045486.0],[262507.5,7045518.0],[262404.5,7045520.0],[262311.5,7045475.0],[262179.5,7045472.0],[262104.5,7045513.0],[261592.6,7046457.0],[261556.6,7046584.0],[261582.6,7046725.0],[261556.6,7046967.0],[261476.6,7047124.0],[261293.6,7047214.0],[261051.6,7047174.0],[260947.6,7047212.0],[260713.6,7047209.0],[260523.6,7047242.0],[260257.6,7047433.0],[260128.6,7047686.1],[259891.6,7047527.0],[259383.6,7047714.0],[259037.6,7047984.9],[258871.6,7048198.9],[258860.6,7048276.9],[258930.6,7048480.0],[259129.6,7048638.0],[259070.6,7048730.0],[259070.6,7048910.0],[258955.6,7048960.0],[258788.6,7049179.0],[258628.7,7049251.9],[258484.6,7049362.0],[258329.6,7049363.0],[257937.6,7049473.0],[257521.6,7049468.9],[257262.9,7049595.2]]}},{"type":"Feature","properties":{"rodovia":"SC-492","kmInicial":72.867,"kmFinal":82.203,"situacao":"PAV","revestimento":"CA","nome":"BARRA BONITA → ENTR. BR-163 (P/ GUARACIABA)"},"geometry":{"type":"LineString","coordinates":[[257262.0,7049595.7],[256830.3,7049827.5],[256619.5,7050156.1],[256364.4,7050260.6],[256130.6,7050450.2],[255862.7,7050486.3],[255590.8,7050452.9],[255312.7,7050312.9],[254798.7,7050163.6],[254528.0,7050016.3],[254119.2,7049941.7],[254085.1,7049846.8],[254228.1,7049605.8],[254225.7,7049429.9],[254192.0,7049341.4],[254057.4,7049231.0],[253907.0,7049196.9],[253786.8,7049128.2],[253582.4,7049086.6],[253442.7,7048928.2],[253291.1,7048927.0],[253125.2,7048829.0],[253021.6,7048838.5],[252838.6,7048923.4],[252600.1,7048896.8],[252274.7,7049002.8],[252150.1,7049137.3],[252028.6,7049193.7],[251754.4,7049140.9],[251461.9,7049172.6],[251125.3,7049134.1],[250745.9,7049277.4],[249847.0,7049289.1],[249451.4,7049182.5]]}},{"type":"Feature","properties":{"rodovia":"SC-492","kmInicial":89.939,"kmFinal":90.687,"situacao":"PAV","revestimento":"CA","nome":"SÃO MIGUEL DO OESTE (ENTR. BR-163) → SÃO MIGUEL DO OESTE (ENTR. BR-282)"},"geometry":{"type":"LineString","coordinates":[[249724.4,7042229.0],[249183.7,7042165.6],[249022.5,7042055.6]]}},{"type":"Feature","properties":{"rodovia":"SC-492","kmInicial":90.688,"kmFinal":105.086,"situacao":"PAV","revestimento":"CA","nome":"SÃO MIGUEL DO OESTE (ENTR. BR-282) → BANDEIRANTE"},"geometry":{"type":"LineString","coordinates":[[249021.5,7042055.1],[248607.7,7041904.6],[248628.7,7041627.6],[248603.7,7041616.6],[247347.7,7041494.7],[246930.7,7041536.7],[246681.7,7041502.7],[246359.7,7041397.7],[245822.7,7041586.7],[245627.7,7041617.7],[245240.7,7041621.7],[244991.7,7041475.7],[244758.7,7041424.7],[244449.7,7041178.7],[244325.7,7040901.7],[244021.7,7040822.7],[243821.7,7040691.7],[243465.7,7040064.6],[243359.9,7040032.9],[243170.0,7040065.7],[242878.4,7039942.4],[242741.9,7039770.2],[242696.4,7039570.5],[242606.4,7039441.5],[242071.7,7039086.7],[241602.0,7038922.5],[241384.5,7038973.3],[241309.9,7038963.7],[240717.0,7038701.8],[240341.1,7038738.3],[240116.5,7038896.7],[239977.6,7038814.5],[239739.5,7038747.9],[239431.5,7038774.1],[239328.7,7038755.8],[239197.7,7038602.8],[238912.0,7038470.1],[238587.7,7037978.7],[238219.0,7037869.2],[238073.0,7037551.7],[237685.9,7037341.6],[237595.1,7036745.7]]}},{"type":"Feature","properties":{"rodovia":"SC-492","kmInicial":105.087,"kmFinal":113.068,"situacao":"LEN","revestimento":"","nome":"BANDEIRANTE → ENTR. SC-170 (P/ PARAÍSO)"},"geometry":{"type":"LineString","coordinates":[[237595.0,7036744.7],[237164.1,7036811.2],[236875.5,7036809.4],[236548.0,7036524.3],[236346.7,7036452.6],[236151.4,7036437.9],[236077.9,7036383.5],[236022.6,7036261.6],[235888.7,7036215.0],[235836.9,7036225.3],[235713.5,7036347.5],[235409.8,7036400.5],[235323.3,7036369.9],[235262.5,7036236.2],[235258.1,7036147.2],[235011.7,7036041.3],[234916.4,7035913.9],[234918.9,7035774.0],[234837.7,7035695.7],[234790.1,7035452.7],[234828.5,7035239.3],[234876.6,7035155.7],[235018.5,7035086.7],[235186.2,7034889.9],[235300.4,7034520.0],[235262.0,7034503.5],[235082.2,7034677.9],[234920.8,7034733.4],[234975.3,7034546.2],[234954.8,7034383.4],[234794.4,7034149.6],[234672.0,7034109.8],[234459.6,7034135.0],[234338.1,7034072.3],[234225.8,7034097.6],[234081.4,7034073.3],[233977.9,7034134.1],[233917.1,7034115.1],[233764.0,7034170.5],[233713.5,7034140.4],[233701.3,7034024.2],[233472.9,7033991.2],[233139.0,7034069.9],[233064.7,7034124.0]]}},{"type":"Feature","properties":{"rodovia":"SC-492","kmInicial":113.069,"kmFinal":116.498,"situacao":"LEN","revestimento":"","nome":"ENTR. SC-170 (P/ PARAÍSO) → DIVISA INTERNACIONAL SC/AR"},"geometry":{"type":"LineString","coordinates":[[233064.0,7034124.6],[232907.1,7034243.9],[232729.3,7034462.1],[232571.8,7034383.4],[232499.4,7034312.4],[232345.8,7034435.9],[231896.2,7034406.2],[231574.4,7034194.3],[231272.6,7034146.2],[231147.7,7034071.4],[231019.9,7034102.0],[231001.9,7034192.9],[231027.6,7034251.7],[230993.2,7034255.7],[230852.3,7034049.8],[230727.0,7034034.5],[230350.4,7033783.6]]}},{"type":"Feature","properties":{"rodovia":"SC-496","kmInicial":0.0,"kmFinal":7.774,"situacao":"PAV","revestimento":"CA","nome":"ENTR. SC-163/BR-163/BR-386 (P/ DESCANSO) → BELMONTE"},"geometry":{"type":"LineString","coordinates":[[250205.6,7031597.5],[250036.6,7031530.5],[249964.6,7031465.5],[249814.6,7031116.5],[249717.6,7031015.5],[249538.6,7030958.5],[249056.6,7031073.5],[248833.6,7031015.5],[248677.6,7030891.5],[248278.6,7030376.5],[248174.6,7030326.5],[247822.6,7030257.5],[247277.6,7029984.5],[247030.6,7029772.5],[246915.6,7029751.5],[246686.6,7029802.5],[246461.6,7029763.5],[246245.6,7029761.5],[246119.6,7029711.5],[245938.6,7029520.5],[245617.6,7029497.5],[245209.6,7029426.5],[245022.6,7029347.5],[244433.6,7029333.5],[244328.6,7029293.5],[244211.6,7029176.5],[244058.6,7028838.5],[244089.0,7028425.6]]}},{"type":"Feature","properties":{"rodovia":"SC-496","kmInicial":7.775,"kmFinal":20.799,"situacao":"PAV","revestimento":"CA","nome":"BELMONTE → SANTA HELENA"},"geometry":{"type":"LineString","coordinates":[[244088.9,7028424.6],[244052.6,7028145.5],[243869.6,7027376.5],[243979.6,7026526.5],[243864.6,7026091.5],[243900.6,7025964.5],[244027.6,7025795.5],[244069.6,7025692.5],[244078.6,7025544.5],[244040.6,7025257.5],[244250.6,7024756.5],[244196.6,7024323.4],[244224.6,7024203.4],[244332.6,7023979.5],[244317.6,7023757.4],[244338.6,7023575.4],[244233.6,7023304.4],[244222.6,7023205.4],[244319.6,7023028.4],[244320.6,7022919.4],[244233.6,7022773.4],[244187.6,7022547.4],[244129.6,7022450.4],[244037.6,7022375.4],[243751.6,7022261.4],[243658.6,7022190.4],[243530.6,7021788.4],[243270.6,7021544.4],[243105.4,7021293.2],[243034.6,7021240.4],[242727.6,7021175.4],[242599.6,7021057.4],[242384.6,7020957.4],[242183.6,7020684.4],[241849.6,7020553.4],[241762.6,7020464.4],[241693.6,7020289.4],[241645.6,7019817.4],[241706.5,7019351.5],[241664.6,7019170.4],[241541.6,7019026.4],[241190.7,7018816.3],[241138.6,7018717.4],[241118.6,7018493.4],[241088.6,7018426.4],[240881.6,7018246.4],[240638.6,7017810.4],[240344.6,7017612.4]]}},{"type":"Feature","properties":{"rodovia":"SC-496","kmInicial":20.8,"kmFinal":22.222,"situacao":"PAV","revestimento":"CA","nome":"SANTA HELENA → ENTR. SC-170 (P/ BANDEIRANTE)"},"geometry":{"type":"LineString","coordinates":[[240343.7,7017611.8],[240006.6,7017367.4],[239637.6,7016843.4],[239339.4,7016639.9]]}},{"type":"Feature","properties":{"rodovia":"SC-496","kmInicial":23.731,"kmFinal":25.232,"situacao":"PAV","revestimento":"CA","nome":"ENTR. SC-170 (P/ ITAPIRANGA) → TUNÁPOLIS"},"geometry":{"type":"LineString","coordinates":[[238251.1,7015708.5],[238208.6,7015604.4],[238233.6,7015493.4],[238349.6,7015341.4],[238375.1,7015191.9],[238497.6,7015085.4],[238431.6,7014864.4],[238527.6,7014358.4]]}},{"type":"Feature","properties":{"rodovia":"SC-496","kmInicial":25.233,"kmFinal":40.626,"situacao":"LEN","revestimento":"","nome":"TUNÁPOLIS → ENTR. SC-163/BR-163 (P/ ITAPIRANGA)"},"geometry":{"type":"LineString","coordinates":[[238527.7,7014357.4],[238506.6,7014020.3],[238365.6,7013986.3],[238063.6,7013700.3],[237952.6,7013228.3],[237821.6,7013098.3],[237646.0,7012819.3],[237529.6,7012833.3],[237132.6,7013035.3],[237047.6,7013001.3],[237057.6,7012747.3],[237019.6,7012513.3],[236995.6,7012462.3],[236870.1,7012363.4],[237109.6,7011531.3],[237073.6,7011308.3],[236889.6,7011022.3],[236991.6,7010749.3],[236981.6,7010680.3],[236922.6,7010598.3],[236772.6,7010554.3],[236653.6,7010437.3],[236488.6,7010020.3],[236304.6,7009804.3],[236265.6,7009689.3],[236294.6,7009422.3],[236263.6,7009309.3],[236272.6,7009227.3],[236237.0,7009157.3],[236119.6,7009228.3],[236084.6,7009320.8],[236019.3,7009347.0],[235915.6,7009474.3],[235870.6,7009485.3],[235787.6,7009404.3],[235491.6,7009239.3],[235442.6,7009124.3],[235443.6,7008988.3],[235528.6,7008641.3],[235744.6,7008466.3],[236108.5,7008408.3],[236300.5,7008516.3],[236376.5,7008518.3],[236448.5,7008493.3],[236583.5,7008380.3],[236785.5,7008309.3],[236842.5,7008324.3],[236912.5,7008414.3],[236998.5,7008407.3],[237009.1,7008296.3],[237189.5,7008222.3],[237619.5,7007735.3],[238086.5,7007452.3],[238176.5,7007365.3],[238296.5,7007140.3],[238374.5,7006876.3],[238477.5,7006762.3],[238597.5,7006715.3],[238660.5,7006652.3],[238671.5,7006503.3],[238763.5,7006483.3],[238794.5,7006316.3],[238863.5,7006378.3],[238939.5,7006372.3],[239050.5,7006287.3],[239119.5,7006271.3],[239191.5,7006195.3],[239321.5,7005945.3],[239505.5,7005701.3],[239522.5,7005529.3],[239703.5,7005631.3],[239843.5,7005620.3],[239978.5,7005542.3],[240032.5,7005454.3],[240021.5,7005405.3],[239840.0,7005343.6]]}},{"type":"Feature","properties":{"rodovia":"SC-496","kmInicial":42.32,"kmFinal":46.8,"situacao":"PAV","revestimento":"TS","nome":"ENTR. SC-163/BR-163 (P/ IPORÃ DO OESTE) → JURISDIÇÃO SIE FINAL (SÃO JOÃO DO OESTE)"},"geometry":{"type":"LineString","coordinates":[[241389.7,7005050.3],[241338.5,7004754.3],[241446.5,7004507.3],[241342.5,7004203.3],[241288.5,7003730.3],[241167.5,7003449.2],[241183.5,7003336.2],[241310.5,7003018.2],[241325.5,7002804.2],[241443.5,7002593.2],[241404.5,7002496.2],[241301.0,7002437.2],[241298.5,7002383.2],[241382.5,7002193.2],[241482.5,7002082.2],[241556.5,7002049.2],[241801.5,7002019.2],[241938.5,7001963.2],[242067.5,7001808.2],[242205.5,7001738.2],[242255.5,7001652.2],[242313.3,7001371.7]]}},{"type":"Feature","properties":{"rodovia":"TIC01","kmInicial":0.0,"kmFinal":0.821,"situacao":"PAV","revestimento":"","nome":"PONTE HERCÍLIO LUZ (CABECEIRA CONTINENTAL) → PONTE HERCÍLIO LUZ (CABECEIRA INSULAR)"},"geometry":{"type":"LineString","coordinates":[[739860.5,6945346.2],[740665.7,6945500.9]]}},{"type":"Feature","properties":{"rodovia":"TIC02","kmInicial":0.0,"kmFinal":1.221,"situacao":"DUP","revestimento":"CA","nome":"PONTE COLOMBO MACHADO SALLES (CABECEIRA CONTINENTAL) → PONTE COLOMBO MACHADO SALLES (CABECEIRA INSULAR)"},"geometry":{"type":"LineString","coordinates":[[739758.2,6944982.3],[740283.1,6945018.5],[740824.0,6944974.6]]}},{"type":"Feature","properties":{"rodovia":"TIC03","kmInicial":0.0,"kmFinal":1.252,"situacao":"DUP","revestimento":"CA","nome":"PONTE PEDRO IVO CAMPOS (CABECEIRA CONTINENTAL) → PONTE PEDRO IVO CAMPOS (CABECEIRA INSULAR)"},"geometry":{"type":"LineString","coordinates":[[739758.2,6944982.3],[739766.4,6944956.1],[740384.6,6944988.9],[740826.1,6944947.4]]}}]}